ISO-10303-21;
HEADER;
FILE_DESCRIPTION(('FreeCAD Model'),'2;1');
FILE_NAME('Open CASCADE Shape Model','2026-02-12T01:21:12',('Author'),(
    ''),'Open CASCADE STEP processor 7.8','FreeCAD','Unknown');
FILE_SCHEMA(('AUTOMOTIVE_DESIGN { 1 0 10303 214 1 1 1 1 }'));
ENDSEC;
DATA;
#1 = APPLICATION_PROTOCOL_DEFINITION('international standard',
  'automotive_design',2000,#2);
#2 = APPLICATION_CONTEXT(
  'core data for automotive mechanical design processes');
#3 = SHAPE_DEFINITION_REPRESENTATION(#4,#10);
#4 = PRODUCT_DEFINITION_SHAPE('','',#5);
#5 = PRODUCT_DEFINITION('design','',#6,#9);
#6 = PRODUCT_DEFINITION_FORMATION('','',#7);
#7 = PRODUCT('Body','Body','',(#8));
#8 = PRODUCT_CONTEXT('',#2,'mechanical');
#9 = PRODUCT_DEFINITION_CONTEXT('part definition',#2,'design');
#10 = ADVANCED_BREP_SHAPE_REPRESENTATION('',(#11,#15),#9002);
#11 = AXIS2_PLACEMENT_3D('',#12,#13,#14);
#12 = CARTESIAN_POINT('',(0.,0.,0.));
#13 = DIRECTION('',(0.,0.,1.));
#14 = DIRECTION('',(1.,0.,-0.));
#15 = MANIFOLD_SOLID_BREP('',#16);
#16 = CLOSED_SHELL('',(#17,#50,#90,#180,#211,#301,#331,#421,#451,#541,
    #571,#661,#691,#781,#811,#901,#931,#1021,#1051,#1141,#1171,#1261,
    #1291,#1381,#1411,#1501,#1531,#1621,#1651,#1741,#1771,#1861,#1891,
    #1981,#2011,#2101,#2131,#2221,#2251,#2341,#2371,#2461,#2491,#2581,
    #2611,#2701,#2731,#2821,#2851,#2941,#2971,#3061,#3091,#3181,#3211,
    #3301,#3331,#3421,#3451,#3541,#3571,#3661,#3691,#3781,#3811,#3901,
    #3931,#4021,#4051,#4141,#4171,#4261,#4291,#4381,#4411,#4501,#4531,
    #4621,#4651,#4741,#4771,#4861,#4891,#4981,#5011,#5101,#5131,#5221,
    #5251,#5341,#5371,#5461,#5491,#5581,#5611,#5701,#5731,#5821,#5851,
    #5941,#5971,#6061,#6091,#6181,#6211,#6301,#6331,#6421,#6451,#6541,
    #6571,#6661,#6691,#6781,#6811,#6901,#6931,#7021,#7051,#7141,#7171,
    #7261,#7291,#7381,#7411,#7501,#7531,#7621,#7651,#7741,#7771,#7861,
    #7891,#7981,#8011,#8101,#8131,#8221,#8251,#8341,#8371,#8461,#8491,
    #8581,#8611,#8692,#8847));
#17 = ADVANCED_FACE('',(#18),#45,.T.);
#18 = FACE_BOUND('',#19,.F.);
#19 = EDGE_LOOP('',(#20,#30,#37,#38));
#20 = ORIENTED_EDGE('',*,*,#21,.T.);
#21 = EDGE_CURVE('',#22,#24,#26,.T.);
#22 = VERTEX_POINT('',#23);
#23 = CARTESIAN_POINT('',(37.,0.,0.));
#24 = VERTEX_POINT('',#25);
#25 = CARTESIAN_POINT('',(37.,0.,10.));
#26 = LINE('',#27,#28);
#27 = CARTESIAN_POINT('',(37.,0.,0.));
#28 = VECTOR('',#29,1.);
#29 = DIRECTION('',(0.,0.,1.));
#30 = ORIENTED_EDGE('',*,*,#31,.T.);
#31 = EDGE_CURVE('',#24,#24,#32,.T.);
#32 = CIRCLE('',#33,37.);
#33 = AXIS2_PLACEMENT_3D('',#34,#35,#36);
#34 = CARTESIAN_POINT('',(0.,0.,10.));
#35 = DIRECTION('',(0.,0.,1.));
#36 = DIRECTION('',(1.,0.,0.));
#37 = ORIENTED_EDGE('',*,*,#21,.F.);
#38 = ORIENTED_EDGE('',*,*,#39,.F.);
#39 = EDGE_CURVE('',#22,#22,#40,.T.);
#40 = CIRCLE('',#41,37.);
#41 = AXIS2_PLACEMENT_3D('',#42,#43,#44);
#42 = CARTESIAN_POINT('',(0.,0.,0.));
#43 = DIRECTION('',(0.,0.,1.));
#44 = DIRECTION('',(1.,0.,0.));
#45 = CYLINDRICAL_SURFACE('',#46,37.);
#46 = AXIS2_PLACEMENT_3D('',#47,#48,#49);
#47 = CARTESIAN_POINT('',(0.,0.,0.));
#48 = DIRECTION('',(-0.,-0.,-1.));
#49 = DIRECTION('',(1.,0.,0.));
#50 = ADVANCED_FACE('',(#51),#85,.T.);
#51 = FACE_BOUND('',#52,.T.);
#52 = EDGE_LOOP('',(#53,#63,#71,#79));
#53 = ORIENTED_EDGE('',*,*,#54,.T.);
#54 = EDGE_CURVE('',#55,#57,#59,.T.);
#55 = VERTEX_POINT('',#56);
#56 = CARTESIAN_POINT('',(28.872592994942,-0.372825359136,0.));
#57 = VERTEX_POINT('',#58);
#58 = CARTESIAN_POINT('',(28.872592994942,-0.372825359136,10.));
#59 = LINE('',#60,#61);
#60 = CARTESIAN_POINT('',(28.872592994942,-0.372825359136,0.));
#61 = VECTOR('',#62,1.);
#62 = DIRECTION('',(0.,0.,1.));
#63 = ORIENTED_EDGE('',*,*,#64,.T.);
#64 = EDGE_CURVE('',#57,#65,#67,.T.);
#65 = VERTEX_POINT('',#66);
#66 = CARTESIAN_POINT('',(28.872592994942,0.372825359136,10.));
#67 = LINE('',#68,#69);
#68 = CARTESIAN_POINT('',(28.872592994942,-0.372825359136,10.));
#69 = VECTOR('',#70,1.);
#70 = DIRECTION('',(0.,1.,0.));
#71 = ORIENTED_EDGE('',*,*,#72,.F.);
#72 = EDGE_CURVE('',#73,#65,#75,.T.);
#73 = VERTEX_POINT('',#74);
#74 = CARTESIAN_POINT('',(28.872592994942,0.372825359136,0.));
#75 = LINE('',#76,#77);
#76 = CARTESIAN_POINT('',(28.872592994942,0.372825359136,0.));
#77 = VECTOR('',#78,1.);
#78 = DIRECTION('',(0.,0.,1.));
#79 = ORIENTED_EDGE('',*,*,#80,.F.);
#80 = EDGE_CURVE('',#55,#73,#81,.T.);
#81 = LINE('',#82,#83);
#82 = CARTESIAN_POINT('',(28.872592994942,-0.372825359136,0.));
#83 = VECTOR('',#84,1.);
#84 = DIRECTION('',(0.,1.,0.));
#85 = PLANE('',#86);
#86 = AXIS2_PLACEMENT_3D('',#87,#88,#89);
#87 = CARTESIAN_POINT('',(28.872592994942,-0.372825359136,0.));
#88 = DIRECTION('',(-1.,0.,0.));
#89 = DIRECTION('',(0.,1.,0.));
#90 = ADVANCED_FACE('',(#91),#154,.T.);
#91 = FACE_BOUND('',#92,.T.);
#92 = EDGE_LOOP('',(#93,#94,#121,#129));
#93 = ORIENTED_EDGE('',*,*,#72,.T.);
#94 = ORIENTED_EDGE('',*,*,#95,.T.);
#95 = EDGE_CURVE('',#65,#96,#98,.T.);
#96 = VERTEX_POINT('',#97);
#97 = CARTESIAN_POINT('',(26.061940732341,1.408987318597,10.));
#98 = B_SPLINE_CURVE_WITH_KNOTS('',3,(#99,#100,#101,#102,#103,#104,#105,
    #106,#107,#108,#109,#110,#111,#112,#113,#114,#115,#116,#117,#118,
    #119,#120),.UNSPECIFIED.,.F.,.F.,(4,1,1,1,1,1,1,1,1,1,1,1,1,1,1,1,1,
    1,1,4),(0.,0.215930110637,0.425449164594,0.62855716187,
    0.825254102467,1.015539986384,1.199414813622,1.376878584181,
    1.547931298062,1.712572955265,1.870803555792,2.022623099642,
    2.168031586817,2.307029017318,2.439615391146,2.565790708302,
    2.685554968787,2.798908172604,2.905850319754,3.00638141024),
  .UNSPECIFIED.);
#99 = CARTESIAN_POINT('',(28.872592994942,0.372825359136,10.));
#100 = CARTESIAN_POINT('',(28.808909925445,0.406368748348,10.));
#101 = CARTESIAN_POINT('',(28.682916758434,0.47148004029,10.));
#102 = CARTESIAN_POINT('',(28.495269822271,0.564702669849,10.));
#103 = CARTESIAN_POINT('',(28.311951478627,0.652171184392,10.));
#104 = CARTESIAN_POINT('',(28.133095841576,0.734046697133,10.));
#105 = CARTESIAN_POINT('',(27.958832907711,0.810494049496,10.));
#106 = CARTESIAN_POINT('',(27.789288570302,0.881680538198,10.));
#107 = CARTESIAN_POINT('',(27.62458454932,0.947776128347,10.));
#108 = CARTESIAN_POINT('',(27.46483834521,1.008953285853,10.));
#109 = CARTESIAN_POINT('',(27.31016318889,1.065386905658,10.));
#110 = CARTESIAN_POINT('',(27.16066799501,1.11725421457,10.));
#111 = CARTESIAN_POINT('',(27.016457316739,1.164734678938,10.));
#112 = CARTESIAN_POINT('',(26.877631302403,1.208009911791,10.));
#113 = CARTESIAN_POINT('',(26.744285654383,1.24726357294,10.));
#114 = CARTESIAN_POINT('',(26.616511588554,1.282681291385,10.));
#115 = CARTESIAN_POINT('',(26.494395800377,1.31445050638,10.));
#116 = CARTESIAN_POINT('',(26.378020416539,1.342760587256,10.));
#117 = CARTESIAN_POINT('',(26.267463005058,1.367801987781,10.));
#118 = CARTESIAN_POINT('',(26.162796393058,1.389768716597,10.));
#119 = CARTESIAN_POINT('',(26.09489331638,1.402894816624,10.));
#120 = CARTESIAN_POINT('',(26.061940732341,1.408987318597,10.));
#121 = ORIENTED_EDGE('',*,*,#122,.F.);
#122 = EDGE_CURVE('',#123,#96,#125,.T.);
#123 = VERTEX_POINT('',#124);
#124 = CARTESIAN_POINT('',(26.061940732341,1.408987318597,0.));
#125 = LINE('',#126,#127);
#126 = CARTESIAN_POINT('',(26.061940732341,1.408987318597,0.));
#127 = VECTOR('',#128,1.);
#128 = DIRECTION('',(0.,0.,1.));
#129 = ORIENTED_EDGE('',*,*,#130,.F.);
#130 = EDGE_CURVE('',#73,#123,#131,.T.);
#131 = B_SPLINE_CURVE_WITH_KNOTS('',3,(#132,#133,#134,#135,#136,#137,
    #138,#139,#140,#141,#142,#143,#144,#145,#146,#147,#148,#149,#150,
    #151,#152,#153),.UNSPECIFIED.,.F.,.F.,(4,1,1,1,1,1,1,1,1,1,1,1,1,1,1
    ,1,1,1,1,4),(0.,0.215930110637,0.425449164594,0.62855716187,
    0.825254102467,1.015539986384,1.199414813622,1.376878584181,
    1.547931298062,1.712572955265,1.870803555792,2.022623099642,
    2.168031586817,2.307029017318,2.439615391146,2.565790708302,
    2.685554968787,2.798908172604,2.905850319754,3.00638141024),
  .UNSPECIFIED.);
#132 = CARTESIAN_POINT('',(28.872592994942,0.372825359136,0.));
#133 = CARTESIAN_POINT('',(28.808909925445,0.406368748348,0.));
#134 = CARTESIAN_POINT('',(28.682916758434,0.47148004029,0.));
#135 = CARTESIAN_POINT('',(28.495269822271,0.564702669849,0.));
#136 = CARTESIAN_POINT('',(28.311951478627,0.652171184392,0.));
#137 = CARTESIAN_POINT('',(28.133095841576,0.734046697133,0.));
#138 = CARTESIAN_POINT('',(27.958832907711,0.810494049496,0.));
#139 = CARTESIAN_POINT('',(27.789288570302,0.881680538198,0.));
#140 = CARTESIAN_POINT('',(27.62458454932,0.947776128347,0.));
#141 = CARTESIAN_POINT('',(27.46483834521,1.008953285853,0.));
#142 = CARTESIAN_POINT('',(27.31016318889,1.065386905658,0.));
#143 = CARTESIAN_POINT('',(27.16066799501,1.11725421457,0.));
#144 = CARTESIAN_POINT('',(27.016457316739,1.164734678938,0.));
#145 = CARTESIAN_POINT('',(26.877631302403,1.208009911791,0.));
#146 = CARTESIAN_POINT('',(26.744285654383,1.24726357294,0.));
#147 = CARTESIAN_POINT('',(26.616511588554,1.282681291385,0.));
#148 = CARTESIAN_POINT('',(26.494395800377,1.31445050638,0.));
#149 = CARTESIAN_POINT('',(26.378020416539,1.342760587256,0.));
#150 = CARTESIAN_POINT('',(26.267463005058,1.367801987781,0.));
#151 = CARTESIAN_POINT('',(26.162796393058,1.389768716597,0.));
#152 = CARTESIAN_POINT('',(26.09489331638,1.402894816624,0.));
#153 = CARTESIAN_POINT('',(26.061940732341,1.408987318597,0.));
#154 = SURFACE_OF_LINEAR_EXTRUSION('',#155,#178);
#155 = B_SPLINE_CURVE_WITH_KNOTS('',3,(#156,#157,#158,#159,#160,#161,
    #162,#163,#164,#165,#166,#167,#168,#169,#170,#171,#172,#173,#174,
    #175,#176,#177),.UNSPECIFIED.,.F.,.F.,(4,1,1,1,1,1,1,1,1,1,1,1,1,1,1
    ,1,1,1,1,4),(0.,0.215930110637,0.425449164594,0.62855716187,
    0.825254102467,1.015539986384,1.199414813622,1.376878584181,
    1.547931298062,1.712572955265,1.870803555792,2.022623099642,
    2.168031586817,2.307029017318,2.439615391146,2.565790708302,
    2.685554968787,2.798908172604,2.905850319754,3.00638141024),
  .UNSPECIFIED.);
#156 = CARTESIAN_POINT('',(28.872592994942,0.372825359136,0.));
#157 = CARTESIAN_POINT('',(28.808909925445,0.406368748348,0.));
#158 = CARTESIAN_POINT('',(28.682916758434,0.47148004029,0.));
#159 = CARTESIAN_POINT('',(28.495269822271,0.564702669849,0.));
#160 = CARTESIAN_POINT('',(28.311951478627,0.652171184392,0.));
#161 = CARTESIAN_POINT('',(28.133095841576,0.734046697133,0.));
#162 = CARTESIAN_POINT('',(27.958832907711,0.810494049496,0.));
#163 = CARTESIAN_POINT('',(27.789288570302,0.881680538198,0.));
#164 = CARTESIAN_POINT('',(27.62458454932,0.947776128347,0.));
#165 = CARTESIAN_POINT('',(27.46483834521,1.008953285853,0.));
#166 = CARTESIAN_POINT('',(27.31016318889,1.065386905658,0.));
#167 = CARTESIAN_POINT('',(27.16066799501,1.11725421457,0.));
#168 = CARTESIAN_POINT('',(27.016457316739,1.164734678938,0.));
#169 = CARTESIAN_POINT('',(26.877631302403,1.208009911791,0.));
#170 = CARTESIAN_POINT('',(26.744285654383,1.24726357294,0.));
#171 = CARTESIAN_POINT('',(26.616511588554,1.282681291385,0.));
#172 = CARTESIAN_POINT('',(26.494395800377,1.31445050638,0.));
#173 = CARTESIAN_POINT('',(26.378020416539,1.342760587256,0.));
#174 = CARTESIAN_POINT('',(26.267463005058,1.367801987781,0.));
#175 = CARTESIAN_POINT('',(26.162796393058,1.389768716597,0.));
#176 = CARTESIAN_POINT('',(26.09489331638,1.402894816624,0.));
#177 = CARTESIAN_POINT('',(26.061940732341,1.408987318597,0.));
#178 = VECTOR('',#179,1.);
#179 = DIRECTION('',(-0.,-0.,-1.));
#180 = ADVANCED_FACE('',(#181),#206,.T.);
#181 = FACE_BOUND('',#182,.T.);
#182 = EDGE_LOOP('',(#183,#184,#192,#200));
#183 = ORIENTED_EDGE('',*,*,#122,.T.);
#184 = ORIENTED_EDGE('',*,*,#185,.T.);
#185 = EDGE_CURVE('',#96,#186,#188,.T.);
#186 = VERTEX_POINT('',#187);
#187 = CARTESIAN_POINT('',(25.910669371984,3.138026879385,10.));
#188 = LINE('',#189,#190);
#189 = CARTESIAN_POINT('',(26.061940732341,1.408987318597,10.));
#190 = VECTOR('',#191,1.);
#191 = DIRECTION('',(-8.715574274766E-02,0.996194698092,0.));
#192 = ORIENTED_EDGE('',*,*,#193,.F.);
#193 = EDGE_CURVE('',#194,#186,#196,.T.);
#194 = VERTEX_POINT('',#195);
#195 = CARTESIAN_POINT('',(25.910669371984,3.138026879385,0.));
#196 = LINE('',#197,#198);
#197 = CARTESIAN_POINT('',(25.910669371984,3.138026879385,0.));
#198 = VECTOR('',#199,1.);
#199 = DIRECTION('',(0.,0.,1.));
#200 = ORIENTED_EDGE('',*,*,#201,.F.);
#201 = EDGE_CURVE('',#123,#194,#202,.T.);
#202 = LINE('',#203,#204);
#203 = CARTESIAN_POINT('',(26.061940732341,1.408987318597,0.));
#204 = VECTOR('',#205,1.);
#205 = DIRECTION('',(-8.715574274766E-02,0.996194698092,0.));
#206 = PLANE('',#207);
#207 = AXIS2_PLACEMENT_3D('',#208,#209,#210);
#208 = CARTESIAN_POINT('',(26.061940732341,1.408987318597,0.));
#209 = DIRECTION('',(-0.996194698092,-8.715574274766E-02,0.));
#210 = DIRECTION('',(-8.715574274766E-02,0.996194698092,0.));
#211 = ADVANCED_FACE('',(#212),#275,.T.);
#212 = FACE_BOUND('',#213,.T.);
#213 = EDGE_LOOP('',(#214,#215,#242,#250));
#214 = ORIENTED_EDGE('',*,*,#193,.T.);
#215 = ORIENTED_EDGE('',*,*,#216,.T.);
#216 = EDGE_CURVE('',#186,#217,#219,.T.);
#217 = VERTEX_POINT('',#218);
#218 = CARTESIAN_POINT('',(28.498693875187,4.646511853894,10.));
#219 = B_SPLINE_CURVE_WITH_KNOTS('',3,(#220,#221,#222,#223,#224,#225,
    #226,#227,#228,#229,#230,#231,#232,#233,#234,#235,#236,#237,#238,
    #239,#240,#241),.UNSPECIFIED.,.F.,.F.,(4,1,1,1,1,1,1,1,1,1,1,1,1,1,1
    ,1,1,1,1,4),(0.,0.100531090486,0.207473237636,0.320826441453,
    0.440590701938,0.566766019094,0.699352392922,0.838349823423,
    0.983758310598,1.135577854448,1.293808454975,1.458450112178,
    1.629502826059,1.806966596619,1.990841423856,2.181127307773,
    2.37782424837,2.580932245646,2.790451299603,3.00638141024),
  .UNSPECIFIED.);
#220 = CARTESIAN_POINT('',(25.910669371984,3.138026879385,10.));
#221 = CARTESIAN_POINT('',(25.942063380362,3.14974897873,10.));
#222 = CARTESIAN_POINT('',(26.006655533379,3.174466909327,10.));
#223 = CARTESIAN_POINT('',(26.10591754193,3.21427508061,10.));
#224 = CARTESIAN_POINT('',(26.210446944342,3.258134139024,10.));
#225 = CARTESIAN_POINT('',(26.320138330652,3.306222499488,10.));
#226 = CARTESIAN_POINT('',(26.434882239324,3.358714252804,10.));
#227 = CARTESIAN_POINT('',(26.554564907721,3.415781630207,10.));
#228 = CARTESIAN_POINT('',(26.679068408996,3.477594168819,10.));
#229 = CARTESIAN_POINT('',(26.808270678911,3.544318838048,10.));
#230 = CARTESIAN_POINT('',(26.942045576827,3.616119888956,10.));
#231 = CARTESIAN_POINT('',(27.080262939125,3.693158784888,10.));
#232 = CARTESIAN_POINT('',(27.222788637029,3.775594110228,10.));
#233 = CARTESIAN_POINT('',(27.369484635435,3.863581486479,10.));
#234 = CARTESIAN_POINT('',(27.520209053469,3.957273489195,10.));
#235 = CARTESIAN_POINT('',(27.674816227392,4.056819560404,10.));
#236 = CARTESIAN_POINT('',(27.833156772299,4.162365946609,10.));
#237 = CARTESIAN_POINT('',(27.995077656754,4.274055541777,10.));
#238 = CARTESIAN_POINT('',(28.16042223469,4.39202810935,10.));
#239 = CARTESIAN_POINT('',(28.329030452512,4.516419026206,10.));
#240 = CARTESIAN_POINT('',(28.44180304302,4.602419615169,10.));
#241 = CARTESIAN_POINT('',(28.498693875187,4.646511853894,10.));
#242 = ORIENTED_EDGE('',*,*,#243,.F.);
#243 = EDGE_CURVE('',#244,#217,#246,.T.);
#244 = VERTEX_POINT('',#245);
#245 = CARTESIAN_POINT('',(28.498693875187,4.646511853894,0.));
#246 = LINE('',#247,#248);
#247 = CARTESIAN_POINT('',(28.498693875187,4.646511853894,0.));
#248 = VECTOR('',#249,1.);
#249 = DIRECTION('',(0.,0.,1.));
#250 = ORIENTED_EDGE('',*,*,#251,.F.);
#251 = EDGE_CURVE('',#194,#244,#252,.T.);
#252 = B_SPLINE_CURVE_WITH_KNOTS('',3,(#253,#254,#255,#256,#257,#258,
    #259,#260,#261,#262,#263,#264,#265,#266,#267,#268,#269,#270,#271,
    #272,#273,#274),.UNSPECIFIED.,.F.,.F.,(4,1,1,1,1,1,1,1,1,1,1,1,1,1,1
    ,1,1,1,1,4),(0.,0.100531090486,0.207473237636,0.320826441453,
    0.440590701938,0.566766019094,0.699352392922,0.838349823423,
    0.983758310598,1.135577854448,1.293808454975,1.458450112178,
    1.629502826059,1.806966596619,1.990841423856,2.181127307773,
    2.37782424837,2.580932245646,2.790451299603,3.00638141024),
  .UNSPECIFIED.);
#253 = CARTESIAN_POINT('',(25.910669371984,3.138026879385,0.));
#254 = CARTESIAN_POINT('',(25.942063380362,3.14974897873,0.));
#255 = CARTESIAN_POINT('',(26.006655533379,3.174466909327,0.));
#256 = CARTESIAN_POINT('',(26.10591754193,3.21427508061,0.));
#257 = CARTESIAN_POINT('',(26.210446944342,3.258134139024,0.));
#258 = CARTESIAN_POINT('',(26.320138330652,3.306222499488,0.));
#259 = CARTESIAN_POINT('',(26.434882239324,3.358714252804,0.));
#260 = CARTESIAN_POINT('',(26.554564907721,3.415781630207,0.));
#261 = CARTESIAN_POINT('',(26.679068408996,3.477594168819,0.));
#262 = CARTESIAN_POINT('',(26.808270678911,3.544318838048,0.));
#263 = CARTESIAN_POINT('',(26.942045576827,3.616119888956,0.));
#264 = CARTESIAN_POINT('',(27.080262939125,3.693158784888,0.));
#265 = CARTESIAN_POINT('',(27.222788637029,3.775594110228,0.));
#266 = CARTESIAN_POINT('',(27.369484635435,3.863581486479,0.));
#267 = CARTESIAN_POINT('',(27.520209053469,3.957273489195,0.));
#268 = CARTESIAN_POINT('',(27.674816227392,4.056819560404,0.));
#269 = CARTESIAN_POINT('',(27.833156772299,4.162365946609,0.));
#270 = CARTESIAN_POINT('',(27.995077656754,4.274055541777,0.));
#271 = CARTESIAN_POINT('',(28.16042223469,4.39202810935,0.));
#272 = CARTESIAN_POINT('',(28.329030452512,4.516419026206,0.));
#273 = CARTESIAN_POINT('',(28.44180304302,4.602419615169,0.));
#274 = CARTESIAN_POINT('',(28.498693875187,4.646511853894,0.));
#275 = SURFACE_OF_LINEAR_EXTRUSION('',#276,#299);
#276 = B_SPLINE_CURVE_WITH_KNOTS('',3,(#277,#278,#279,#280,#281,#282,
    #283,#284,#285,#286,#287,#288,#289,#290,#291,#292,#293,#294,#295,
    #296,#297,#298),.UNSPECIFIED.,.F.,.F.,(4,1,1,1,1,1,1,1,1,1,1,1,1,1,1
    ,1,1,1,1,4),(0.,0.100531090486,0.207473237636,0.320826441453,
    0.440590701938,0.566766019094,0.699352392922,0.838349823423,
    0.983758310598,1.135577854448,1.293808454975,1.458450112178,
    1.629502826059,1.806966596619,1.990841423856,2.181127307773,
    2.37782424837,2.580932245646,2.790451299603,3.00638141024),
  .UNSPECIFIED.);
#277 = CARTESIAN_POINT('',(25.910669371984,3.138026879385,0.));
#278 = CARTESIAN_POINT('',(25.942063380362,3.14974897873,0.));
#279 = CARTESIAN_POINT('',(26.006655533379,3.174466909327,0.));
#280 = CARTESIAN_POINT('',(26.10591754193,3.21427508061,0.));
#281 = CARTESIAN_POINT('',(26.210446944342,3.258134139024,0.));
#282 = CARTESIAN_POINT('',(26.320138330652,3.306222499488,0.));
#283 = CARTESIAN_POINT('',(26.434882239324,3.358714252804,0.));
#284 = CARTESIAN_POINT('',(26.554564907721,3.415781630207,0.));
#285 = CARTESIAN_POINT('',(26.679068408996,3.477594168819,0.));
#286 = CARTESIAN_POINT('',(26.808270678911,3.544318838048,0.));
#287 = CARTESIAN_POINT('',(26.942045576827,3.616119888956,0.));
#288 = CARTESIAN_POINT('',(27.080262939125,3.693158784888,0.));
#289 = CARTESIAN_POINT('',(27.222788637029,3.775594110228,0.));
#290 = CARTESIAN_POINT('',(27.369484635435,3.863581486479,0.));
#291 = CARTESIAN_POINT('',(27.520209053469,3.957273489195,0.));
#292 = CARTESIAN_POINT('',(27.674816227392,4.056819560404,0.));
#293 = CARTESIAN_POINT('',(27.833156772299,4.162365946609,0.));
#294 = CARTESIAN_POINT('',(27.995077656754,4.274055541777,0.));
#295 = CARTESIAN_POINT('',(28.16042223469,4.39202810935,0.));
#296 = CARTESIAN_POINT('',(28.329030452512,4.516419026206,0.));
#297 = CARTESIAN_POINT('',(28.44180304302,4.602419615169,0.));
#298 = CARTESIAN_POINT('',(28.498693875187,4.646511853894,0.));
#299 = VECTOR('',#300,1.);
#300 = DIRECTION('',(-0.,-0.,-1.));
#301 = ADVANCED_FACE('',(#302),#325,.T.);
#302 = FACE_BOUND('',#303,.T.);
#303 = EDGE_LOOP('',(#304,#305,#312,#320));
#304 = ORIENTED_EDGE('',*,*,#243,.T.);
#305 = ORIENTED_EDGE('',*,*,#306,.T.);
#306 = EDGE_CURVE('',#217,#307,#309,.T.);
#307 = VERTEX_POINT('',#308);
#308 = CARTESIAN_POINT('',(28.369212986783,5.380834462287,10.));
#309 = B_SPLINE_CURVE_WITH_KNOTS('',1,(#310,#311),.UNSPECIFIED.,.F.,.F.,
  (2,2),(0.,0.745650718271),.PIECEWISE_BEZIER_KNOTS.);
#310 = CARTESIAN_POINT('',(28.498693875187,4.646511853894,10.));
#311 = CARTESIAN_POINT('',(28.369212986783,5.380834462287,10.));
#312 = ORIENTED_EDGE('',*,*,#313,.F.);
#313 = EDGE_CURVE('',#314,#307,#316,.T.);
#314 = VERTEX_POINT('',#315);
#315 = CARTESIAN_POINT('',(28.369212986783,5.380834462287,0.));
#316 = LINE('',#317,#318);
#317 = CARTESIAN_POINT('',(28.369212986783,5.380834462287,0.));
#318 = VECTOR('',#319,1.);
#319 = DIRECTION('',(0.,0.,1.));
#320 = ORIENTED_EDGE('',*,*,#321,.F.);
#321 = EDGE_CURVE('',#244,#314,#322,.T.);
#322 = B_SPLINE_CURVE_WITH_KNOTS('',1,(#323,#324),.UNSPECIFIED.,.F.,.F.,
  (2,2),(0.,0.745650718271),.PIECEWISE_BEZIER_KNOTS.);
#323 = CARTESIAN_POINT('',(28.498693875187,4.646511853894,0.));
#324 = CARTESIAN_POINT('',(28.369212986783,5.380834462287,0.));
#325 = SURFACE_OF_LINEAR_EXTRUSION('',#326,#329);
#326 = B_SPLINE_CURVE_WITH_KNOTS('',1,(#327,#328),.UNSPECIFIED.,.F.,.F.,
  (2,2),(0.,0.745650718271),.PIECEWISE_BEZIER_KNOTS.);
#327 = CARTESIAN_POINT('',(28.498693875187,4.646511853894,0.));
#328 = CARTESIAN_POINT('',(28.369212986783,5.380834462287,0.));
#329 = VECTOR('',#330,1.);
#330 = DIRECTION('',(-0.,-0.,-1.));
#331 = ADVANCED_FACE('',(#332),#395,.T.);
#332 = FACE_BOUND('',#333,.T.);
#333 = EDGE_LOOP('',(#334,#335,#362,#370));
#334 = ORIENTED_EDGE('',*,*,#313,.T.);
#335 = ORIENTED_EDGE('',*,*,#336,.T.);
#336 = EDGE_CURVE('',#307,#337,#339,.T.);
#337 = VERTEX_POINT('',#338);
#338 = CARTESIAN_POINT('',(25.421333211524,5.913190149884,10.));
#339 = B_SPLINE_CURVE_WITH_KNOTS('',3,(#340,#341,#342,#343,#344,#345,
    #346,#347,#348,#349,#350,#351,#352,#353,#354,#355,#356,#357,#358,
    #359,#360,#361),.UNSPECIFIED.,.F.,.F.,(4,1,1,1,1,1,1,1,1,1,1,1,1,1,1
    ,1,1,1,1,4),(0.,0.215930110637,0.425449164594,0.62855716187,
    0.825254102467,1.015539986384,1.199414813622,1.376878584181,
    1.547931298062,1.712572955265,1.870803555792,2.022623099642,
    2.168031586817,2.307029017318,2.439615391146,2.565790708302,
    2.685554968787,2.798908172604,2.905850319754,3.00638141024),
  .UNSPECIFIED.);
#340 = CARTESIAN_POINT('',(28.369212986783,5.380834462287,10.));
#341 = CARTESIAN_POINT('',(28.300672657797,5.402809803079,10.));
#342 = CARTESIAN_POINT('',(28.165287152907,5.445053424342,10.));
#343 = CARTESIAN_POINT('',(27.964303055604,5.504275244179,10.));
#344 = CARTESIAN_POINT('',(27.768580981361,5.558582019139,10.));
#345 = CARTESIAN_POINT('',(27.57822502974,5.608155703429,10.));
#346 = CARTESIAN_POINT('',(27.393334597982,5.653181207832,10.));
#347 = CARTESIAN_POINT('',(27.214004615984,5.693845148591,10.));
#348 = CARTESIAN_POINT('',(27.040325440388,5.730336045112,10.));
#349 = CARTESIAN_POINT('',(26.87238283815,5.762844146898,10.));
#350 = CARTESIAN_POINT('',(26.71025794977,5.791561354187,10.));
#351 = CARTESIAN_POINT('',(26.554027260125,5.816681114144,10.));
#352 = CARTESIAN_POINT('',(26.403762569985,5.838398322088,10.));
#353 = CARTESIAN_POINT('',(26.259530969424,5.856909222513,10.));
#354 = CARTESIAN_POINT('',(26.121394814698,5.872411303568,10.));
#355 = CARTESIAN_POINT('',(25.989411701771,5.885103213602,10.));
#356 = CARTESIAN_POINT('',(25.863634460519,5.895184598756,10.));
#357 = CARTESIAN_POINT('',(25.744111086302,5.902856212562,10.));
#358 = CARTESIAN_POINT('',(25.630884896755,5.908319084914,10.));
#359 = CARTESIAN_POINT('',(25.523993923348,5.911776923324,10.));
#360 = CARTESIAN_POINT('',(25.454843123632,5.912912362874,10.));
#361 = CARTESIAN_POINT('',(25.421333211524,5.913190149884,10.));
#362 = ORIENTED_EDGE('',*,*,#363,.F.);
#363 = EDGE_CURVE('',#364,#337,#366,.T.);
#364 = VERTEX_POINT('',#365);
#365 = CARTESIAN_POINT('',(25.421333211524,5.913190149884,0.));
#366 = LINE('',#367,#368);
#367 = CARTESIAN_POINT('',(25.421333211524,5.913190149884,0.));
#368 = VECTOR('',#369,1.);
#369 = DIRECTION('',(0.,0.,1.));
#370 = ORIENTED_EDGE('',*,*,#371,.F.);
#371 = EDGE_CURVE('',#314,#364,#372,.T.);
#372 = B_SPLINE_CURVE_WITH_KNOTS('',3,(#373,#374,#375,#376,#377,#378,
    #379,#380,#381,#382,#383,#384,#385,#386,#387,#388,#389,#390,#391,
    #392,#393,#394),.UNSPECIFIED.,.F.,.F.,(4,1,1,1,1,1,1,1,1,1,1,1,1,1,1
    ,1,1,1,1,4),(0.,0.215930110637,0.425449164594,0.62855716187,
    0.825254102467,1.015539986384,1.199414813622,1.376878584181,
    1.547931298062,1.712572955265,1.870803555792,2.022623099642,
    2.168031586817,2.307029017318,2.439615391146,2.565790708302,
    2.685554968787,2.798908172604,2.905850319754,3.00638141024),
  .UNSPECIFIED.);
#373 = CARTESIAN_POINT('',(28.369212986783,5.380834462287,0.));
#374 = CARTESIAN_POINT('',(28.300672657797,5.402809803079,0.));
#375 = CARTESIAN_POINT('',(28.165287152907,5.445053424342,0.));
#376 = CARTESIAN_POINT('',(27.964303055604,5.504275244179,0.));
#377 = CARTESIAN_POINT('',(27.768580981361,5.558582019139,0.));
#378 = CARTESIAN_POINT('',(27.57822502974,5.608155703429,0.));
#379 = CARTESIAN_POINT('',(27.393334597982,5.653181207832,0.));
#380 = CARTESIAN_POINT('',(27.214004615984,5.693845148591,0.));
#381 = CARTESIAN_POINT('',(27.040325440388,5.730336045112,0.));
#382 = CARTESIAN_POINT('',(26.87238283815,5.762844146898,0.));
#383 = CARTESIAN_POINT('',(26.71025794977,5.791561354187,0.));
#384 = CARTESIAN_POINT('',(26.554027260125,5.816681114144,0.));
#385 = CARTESIAN_POINT('',(26.403762569985,5.838398322088,0.));
#386 = CARTESIAN_POINT('',(26.259530969424,5.856909222513,0.));
#387 = CARTESIAN_POINT('',(26.121394814698,5.872411303568,0.));
#388 = CARTESIAN_POINT('',(25.989411701771,5.885103213602,0.));
#389 = CARTESIAN_POINT('',(25.863634460519,5.895184598756,0.));
#390 = CARTESIAN_POINT('',(25.744111086302,5.902856212562,0.));
#391 = CARTESIAN_POINT('',(25.630884896755,5.908319084914,0.));
#392 = CARTESIAN_POINT('',(25.523993923348,5.911776923324,0.));
#393 = CARTESIAN_POINT('',(25.454843123632,5.912912362874,0.));
#394 = CARTESIAN_POINT('',(25.421333211524,5.913190149884,0.));
#395 = SURFACE_OF_LINEAR_EXTRUSION('',#396,#419);
#396 = B_SPLINE_CURVE_WITH_KNOTS('',3,(#397,#398,#399,#400,#401,#402,
    #403,#404,#405,#406,#407,#408,#409,#410,#411,#412,#413,#414,#415,
    #416,#417,#418),.UNSPECIFIED.,.F.,.F.,(4,1,1,1,1,1,1,1,1,1,1,1,1,1,1
    ,1,1,1,1,4),(0.,0.215930110637,0.425449164594,0.62855716187,
    0.825254102467,1.015539986384,1.199414813622,1.376878584181,
    1.547931298062,1.712572955265,1.870803555792,2.022623099642,
    2.168031586817,2.307029017318,2.439615391146,2.565790708302,
    2.685554968787,2.798908172604,2.905850319754,3.00638141024),
  .UNSPECIFIED.);
#397 = CARTESIAN_POINT('',(28.369212986783,5.380834462287,0.));
#398 = CARTESIAN_POINT('',(28.300672657797,5.402809803079,0.));
#399 = CARTESIAN_POINT('',(28.165287152907,5.445053424342,0.));
#400 = CARTESIAN_POINT('',(27.964303055604,5.504275244179,0.));
#401 = CARTESIAN_POINT('',(27.768580981361,5.558582019139,0.));
#402 = CARTESIAN_POINT('',(27.57822502974,5.608155703429,0.));
#403 = CARTESIAN_POINT('',(27.393334597982,5.653181207832,0.));
#404 = CARTESIAN_POINT('',(27.214004615984,5.693845148591,0.));
#405 = CARTESIAN_POINT('',(27.040325440388,5.730336045112,0.));
#406 = CARTESIAN_POINT('',(26.87238283815,5.762844146898,0.));
#407 = CARTESIAN_POINT('',(26.71025794977,5.791561354187,0.));
#408 = CARTESIAN_POINT('',(26.554027260125,5.816681114144,0.));
#409 = CARTESIAN_POINT('',(26.403762569985,5.838398322088,0.));
#410 = CARTESIAN_POINT('',(26.259530969424,5.856909222513,0.));
#411 = CARTESIAN_POINT('',(26.121394814698,5.872411303568,0.));
#412 = CARTESIAN_POINT('',(25.989411701771,5.885103213602,0.));
#413 = CARTESIAN_POINT('',(25.863634460519,5.895184598756,0.));
#414 = CARTESIAN_POINT('',(25.744111086302,5.902856212562,0.));
#415 = CARTESIAN_POINT('',(25.630884896755,5.908319084914,0.));
#416 = CARTESIAN_POINT('',(25.523993923348,5.911776923324,0.));
#417 = CARTESIAN_POINT('',(25.454843123632,5.912912362874,0.));
#418 = CARTESIAN_POINT('',(25.421333211524,5.913190149884,0.));
#419 = VECTOR('',#420,1.);
#420 = DIRECTION('',(-0.,-0.,-1.));
#421 = ADVANCED_FACE('',(#422),#445,.T.);
#422 = FACE_BOUND('',#423,.T.);
#423 = EDGE_LOOP('',(#424,#425,#432,#440));
#424 = ORIENTED_EDGE('',*,*,#363,.T.);
#425 = ORIENTED_EDGE('',*,*,#426,.T.);
#426 = EDGE_CURVE('',#337,#427,#429,.T.);
#427 = VERTEX_POINT('',#428);
#428 = CARTESIAN_POINT('',(24.972115434191,7.589693718554,10.));
#429 = B_SPLINE_CURVE_WITH_KNOTS('',1,(#430,#431),.UNSPECIFIED.,.F.,.F.,
  (2,2),(0.,1.735644211017),.PIECEWISE_BEZIER_KNOTS.);
#430 = CARTESIAN_POINT('',(25.421333211524,5.913190149884,10.));
#431 = CARTESIAN_POINT('',(24.972115434191,7.589693718554,10.));
#432 = ORIENTED_EDGE('',*,*,#433,.F.);
#433 = EDGE_CURVE('',#434,#427,#436,.T.);
#434 = VERTEX_POINT('',#435);
#435 = CARTESIAN_POINT('',(24.972115434191,7.589693718554,0.));
#436 = LINE('',#437,#438);
#437 = CARTESIAN_POINT('',(24.972115434191,7.589693718554,0.));
#438 = VECTOR('',#439,1.);
#439 = DIRECTION('',(0.,0.,1.));
#440 = ORIENTED_EDGE('',*,*,#441,.F.);
#441 = EDGE_CURVE('',#364,#434,#442,.T.);
#442 = B_SPLINE_CURVE_WITH_KNOTS('',1,(#443,#444),.UNSPECIFIED.,.F.,.F.,
  (2,2),(0.,1.735644211017),.PIECEWISE_BEZIER_KNOTS.);
#443 = CARTESIAN_POINT('',(25.421333211524,5.913190149884,0.));
#444 = CARTESIAN_POINT('',(24.972115434191,7.589693718554,0.));
#445 = SURFACE_OF_LINEAR_EXTRUSION('',#446,#449);
#446 = B_SPLINE_CURVE_WITH_KNOTS('',1,(#447,#448),.UNSPECIFIED.,.F.,.F.,
  (2,2),(0.,1.735644211017),.PIECEWISE_BEZIER_KNOTS.);
#447 = CARTESIAN_POINT('',(25.421333211524,5.913190149884,0.));
#448 = CARTESIAN_POINT('',(24.972115434191,7.589693718554,0.));
#449 = VECTOR('',#450,1.);
#450 = DIRECTION('',(-0.,-0.,-1.));
#451 = ADVANCED_FACE('',(#452),#515,.T.);
#452 = FACE_BOUND('',#453,.T.);
#453 = EDGE_LOOP('',(#454,#455,#482,#490));
#454 = ORIENTED_EDGE('',*,*,#433,.T.);
#455 = ORIENTED_EDGE('',*,*,#456,.T.);
#456 = EDGE_CURVE('',#427,#457,#459,.T.);
#457 = VERTEX_POINT('',#458);
#458 = CARTESIAN_POINT('',(27.258876363069,9.524667155492,10.));
#459 = B_SPLINE_CURVE_WITH_KNOTS('',3,(#460,#461,#462,#463,#464,#465,
    #466,#467,#468,#469,#470,#471,#472,#473,#474,#475,#476,#477,#478,
    #479,#480,#481),.UNSPECIFIED.,.F.,.F.,(4,1,1,1,1,1,1,1,1,1,1,1,1,1,1
    ,1,1,1,1,4),(0.,0.100531090486,0.207473237636,0.320826441453,
    0.440590701938,0.566766019094,0.699352392922,0.838349823423,
    0.983758310598,1.135577854448,1.293808454975,1.458450112178,
    1.629502826059,1.806966596619,1.990841423856,2.181127307773,
    2.37782424837,2.580932245646,2.790451299603,3.00638141024),
  .UNSPECIFIED.);
#460 = CARTESIAN_POINT('',(24.972115434191,7.589693718554,10.));
#461 = CARTESIAN_POINT('',(25.00099697585,7.606689245216,10.));
#462 = CARTESIAN_POINT('',(25.060315605321,7.642247964569,10.));
#463 = CARTESIAN_POINT('',(25.151156984522,7.698688027178,10.));
#464 = CARTESIAN_POINT('',(25.246482304867,7.760032108185,10.));
#465 = CARTESIAN_POINT('',(25.346156776382,7.826437607738,10.));
#466 = CARTESIAN_POINT('',(25.450042369948,7.898056964013,10.));
#467 = CARTESIAN_POINT('',(25.557997143596,7.975040036988,10.));
#468 = CARTESIAN_POINT('',(25.669875522242,8.057533310357,10.));
#469 = CARTESIAN_POINT('',(25.785528302143,8.145680020652,10.));
#470 = CARTESIAN_POINT('',(25.904802737125,8.2396200195,10.));
#471 = CARTESIAN_POINT('',(26.027542603229,8.339489714583,10.));
#472 = CARTESIAN_POINT('',(26.153588271508,8.445421989811,10.));
#473 = CARTESIAN_POINT('',(26.28277678053,8.557546132905,10.));
#474 = CARTESIAN_POINT('',(26.414941910445,8.675987764097,10.));
#475 = CARTESIAN_POINT('',(26.549914260136,8.800868760812,10.));
#476 = CARTESIAN_POINT('',(26.687521318753,8.932307207322,10.));
#477 = CARTESIAN_POINT('',(26.827587566473,9.070417253087,10.));
#478 = CARTESIAN_POINT('',(26.96993446737,9.215309336921,10.));
#479 = CARTESIAN_POINT('',(27.114380891472,9.36708898601,10.));
#480 = CARTESIAN_POINT('',(27.210506367379,9.471365787616,10.));
#481 = CARTESIAN_POINT('',(27.258876363069,9.524667155492,10.));
#482 = ORIENTED_EDGE('',*,*,#483,.F.);
#483 = EDGE_CURVE('',#484,#457,#486,.T.);
#484 = VERTEX_POINT('',#485);
#485 = CARTESIAN_POINT('',(27.258876363069,9.524667155492,0.));
#486 = LINE('',#487,#488);
#487 = CARTESIAN_POINT('',(27.258876363069,9.524667155492,0.));
#488 = VECTOR('',#489,1.);
#489 = DIRECTION('',(0.,0.,1.));
#490 = ORIENTED_EDGE('',*,*,#491,.F.);
#491 = EDGE_CURVE('',#434,#484,#492,.T.);
#492 = B_SPLINE_CURVE_WITH_KNOTS('',3,(#493,#494,#495,#496,#497,#498,
    #499,#500,#501,#502,#503,#504,#505,#506,#507,#508,#509,#510,#511,
    #512,#513,#514),.UNSPECIFIED.,.F.,.F.,(4,1,1,1,1,1,1,1,1,1,1,1,1,1,1
    ,1,1,1,1,4),(0.,0.100531090486,0.207473237636,0.320826441453,
    0.440590701938,0.566766019094,0.699352392922,0.838349823423,
    0.983758310598,1.135577854448,1.293808454975,1.458450112178,
    1.629502826059,1.806966596619,1.990841423856,2.181127307773,
    2.37782424837,2.580932245646,2.790451299603,3.00638141024),
  .UNSPECIFIED.);
#493 = CARTESIAN_POINT('',(24.972115434191,7.589693718554,0.));
#494 = CARTESIAN_POINT('',(25.00099697585,7.606689245216,0.));
#495 = CARTESIAN_POINT('',(25.060315605321,7.642247964569,0.));
#496 = CARTESIAN_POINT('',(25.151156984522,7.698688027178,0.));
#497 = CARTESIAN_POINT('',(25.246482304867,7.760032108185,0.));
#498 = CARTESIAN_POINT('',(25.346156776382,7.826437607738,0.));
#499 = CARTESIAN_POINT('',(25.450042369948,7.898056964013,0.));
#500 = CARTESIAN_POINT('',(25.557997143596,7.975040036988,0.));
#501 = CARTESIAN_POINT('',(25.669875522242,8.057533310357,0.));
#502 = CARTESIAN_POINT('',(25.785528302143,8.145680020652,0.));
#503 = CARTESIAN_POINT('',(25.904802737125,8.2396200195,0.));
#504 = CARTESIAN_POINT('',(26.027542603229,8.339489714583,0.));
#505 = CARTESIAN_POINT('',(26.153588271508,8.445421989811,0.));
#506 = CARTESIAN_POINT('',(26.28277678053,8.557546132905,0.));
#507 = CARTESIAN_POINT('',(26.414941910445,8.675987764097,0.));
#508 = CARTESIAN_POINT('',(26.549914260136,8.800868760812,0.));
#509 = CARTESIAN_POINT('',(26.687521318753,8.932307207322,0.));
#510 = CARTESIAN_POINT('',(26.827587566473,9.070417253087,0.));
#511 = CARTESIAN_POINT('',(26.96993446737,9.215309336921,0.));
#512 = CARTESIAN_POINT('',(27.114380891472,9.36708898601,0.));
#513 = CARTESIAN_POINT('',(27.210506367379,9.471365787616,0.));
#514 = CARTESIAN_POINT('',(27.258876363069,9.524667155492,0.));
#515 = SURFACE_OF_LINEAR_EXTRUSION('',#516,#539);
#516 = B_SPLINE_CURVE_WITH_KNOTS('',3,(#517,#518,#519,#520,#521,#522,
    #523,#524,#525,#526,#527,#528,#529,#530,#531,#532,#533,#534,#535,
    #536,#537,#538),.UNSPECIFIED.,.F.,.F.,(4,1,1,1,1,1,1,1,1,1,1,1,1,1,1
    ,1,1,1,1,4),(0.,0.100531090486,0.207473237636,0.320826441453,
    0.440590701938,0.566766019094,0.699352392922,0.838349823423,
    0.983758310598,1.135577854448,1.293808454975,1.458450112178,
    1.629502826059,1.806966596619,1.990841423856,2.181127307773,
    2.37782424837,2.580932245646,2.790451299603,3.00638141024),
  .UNSPECIFIED.);
#517 = CARTESIAN_POINT('',(24.972115434191,7.589693718554,0.));
#518 = CARTESIAN_POINT('',(25.00099697585,7.606689245216,0.));
#519 = CARTESIAN_POINT('',(25.060315605321,7.642247964569,0.));
#520 = CARTESIAN_POINT('',(25.151156984522,7.698688027178,0.));
#521 = CARTESIAN_POINT('',(25.246482304867,7.760032108185,0.));
#522 = CARTESIAN_POINT('',(25.346156776382,7.826437607738,0.));
#523 = CARTESIAN_POINT('',(25.450042369948,7.898056964013,0.));
#524 = CARTESIAN_POINT('',(25.557997143596,7.975040036988,0.));
#525 = CARTESIAN_POINT('',(25.669875522242,8.057533310357,0.));
#526 = CARTESIAN_POINT('',(25.785528302143,8.145680020652,0.));
#527 = CARTESIAN_POINT('',(25.904802737125,8.2396200195,0.));
#528 = CARTESIAN_POINT('',(26.027542603229,8.339489714583,0.));
#529 = CARTESIAN_POINT('',(26.153588271508,8.445421989811,0.));
#530 = CARTESIAN_POINT('',(26.28277678053,8.557546132905,0.));
#531 = CARTESIAN_POINT('',(26.414941910445,8.675987764097,0.));
#532 = CARTESIAN_POINT('',(26.549914260136,8.800868760812,0.));
#533 = CARTESIAN_POINT('',(26.687521318753,8.932307207322,0.));
#534 = CARTESIAN_POINT('',(26.827587566473,9.070417253087,0.));
#535 = CARTESIAN_POINT('',(26.96993446737,9.215309336921,0.));
#536 = CARTESIAN_POINT('',(27.114380891472,9.36708898601,0.));
#537 = CARTESIAN_POINT('',(27.210506367379,9.471365787616,0.));
#538 = CARTESIAN_POINT('',(27.258876363069,9.524667155492,0.));
#539 = VECTOR('',#540,1.);
#540 = DIRECTION('',(-0.,-0.,-1.));
#541 = ADVANCED_FACE('',(#542),#565,.T.);
#542 = FACE_BOUND('',#543,.T.);
#543 = EDGE_LOOP('',(#544,#545,#552,#560));
#544 = ORIENTED_EDGE('',*,*,#483,.T.);
#545 = ORIENTED_EDGE('',*,*,#546,.T.);
#546 = EDGE_CURVE('',#457,#547,#549,.T.);
#547 = VERTEX_POINT('',#548);
#548 = CARTESIAN_POINT('',(27.003848797535,10.225349633135,10.));
#549 = B_SPLINE_CURVE_WITH_KNOTS('',1,(#550,#551),.UNSPECIFIED.,.F.,.F.,
  (2,2),(0.,0.745650718271),.PIECEWISE_BEZIER_KNOTS.);
#550 = CARTESIAN_POINT('',(27.258876363069,9.524667155492,10.));
#551 = CARTESIAN_POINT('',(27.003848797535,10.225349633135,10.));
#552 = ORIENTED_EDGE('',*,*,#553,.F.);
#553 = EDGE_CURVE('',#554,#547,#556,.T.);
#554 = VERTEX_POINT('',#555);
#555 = CARTESIAN_POINT('',(27.003848797535,10.225349633135,0.));
#556 = LINE('',#557,#558);
#557 = CARTESIAN_POINT('',(27.003848797535,10.225349633135,0.));
#558 = VECTOR('',#559,1.);
#559 = DIRECTION('',(0.,0.,1.));
#560 = ORIENTED_EDGE('',*,*,#561,.F.);
#561 = EDGE_CURVE('',#484,#554,#562,.T.);
#562 = B_SPLINE_CURVE_WITH_KNOTS('',1,(#563,#564),.UNSPECIFIED.,.F.,.F.,
  (2,2),(0.,0.745650718271),.PIECEWISE_BEZIER_KNOTS.);
#563 = CARTESIAN_POINT('',(27.258876363069,9.524667155492,0.));
#564 = CARTESIAN_POINT('',(27.003848797535,10.225349633135,0.));
#565 = SURFACE_OF_LINEAR_EXTRUSION('',#566,#569);
#566 = B_SPLINE_CURVE_WITH_KNOTS('',1,(#567,#568),.UNSPECIFIED.,.F.,.F.,
  (2,2),(0.,0.745650718271),.PIECEWISE_BEZIER_KNOTS.);
#567 = CARTESIAN_POINT('',(27.258876363069,9.524667155492,0.));
#568 = CARTESIAN_POINT('',(27.003848797535,10.225349633135,0.));
#569 = VECTOR('',#570,1.);
#570 = DIRECTION('',(-0.,-0.,-1.));
#571 = ADVANCED_FACE('',(#572),#635,.T.);
#572 = FACE_BOUND('',#573,.T.);
#573 = EDGE_LOOP('',(#574,#575,#602,#610));
#574 = ORIENTED_EDGE('',*,*,#553,.T.);
#575 = ORIENTED_EDGE('',*,*,#576,.T.);
#576 = EDGE_CURVE('',#547,#577,#579,.T.);
#577 = VERTEX_POINT('',#578);
#578 = CARTESIAN_POINT('',(24.00831134489,10.237723690686,10.));
#579 = B_SPLINE_CURVE_WITH_KNOTS('',3,(#580,#581,#582,#583,#584,#585,
    #586,#587,#588,#589,#590,#591,#592,#593,#594,#595,#596,#597,#598,
    #599,#600,#601),.UNSPECIFIED.,.F.,.F.,(4,1,1,1,1,1,1,1,1,1,1,1,1,1,1
    ,1,1,1,1,4),(0.,0.215930110637,0.425449164594,0.62855716187,
    0.825254102467,1.015539986384,1.199414813622,1.376878584181,
    1.547931298062,1.712572955265,1.870803555792,2.022623099642,
    2.168031586817,2.307029017318,2.439615391146,2.565790708302,
    2.685554968787,2.798908172604,2.905850319754,3.00638141024),
  .UNSPECIFIED.);
#580 = CARTESIAN_POINT('',(27.003848797535,10.225349633135,10.));
#581 = CARTESIAN_POINT('',(26.932533772273,10.235089215897,10.));
#582 = CARTESIAN_POINT('',(26.791869549562,10.253181615426,10.));
#583 = CARTESIAN_POINT('',(26.583655091213,10.276603200512,10.));
#584 = CARTESIAN_POINT('',(26.381476202556,10.296098152012,10.));
#585 = CARTESIAN_POINT('',(26.185403805631,10.311863736539,10.));
#586 = CARTESIAN_POINT('',(25.995503678189,10.324099315816,10.));
#587 = CARTESIAN_POINT('',(25.811836902361,10.333005155369,10.));
#588 = CARTESIAN_POINT('',(25.634459726014,10.338782600835,10.));
#589 = CARTESIAN_POINT('',(25.463423576635,10.341633904679,10.));
#590 = CARTESIAN_POINT('',(25.298775038888,10.34176214164,10.));
#591 = CARTESIAN_POINT('',(25.140555843928,10.339371101448,10.));
#592 = CARTESIAN_POINT('',(24.98880285849,10.334665186594,10.));
#593 = CARTESIAN_POINT('',(24.843548075903,10.327849310248,10.));
#594 = CARTESIAN_POINT('',(24.704818611632,10.319128788321,10.));
#595 = CARTESIAN_POINT('',(24.572636691707,10.308709252681,10.));
#596 = CARTESIAN_POINT('',(24.447019675209,10.296796490206,10.));
#597 = CARTESIAN_POINT('',(24.327979967856,10.283596538839,10.));
#598 = CARTESIAN_POINT('',(24.215525320718,10.269314896406,10.));
#599 = CARTESIAN_POINT('',(24.109657814041,10.25415877974,10.));
#600 = CARTESIAN_POINT('',(24.041360403345,10.243269059057,10.));
#601 = CARTESIAN_POINT('',(24.00831134489,10.237723690686,10.));
#602 = ORIENTED_EDGE('',*,*,#603,.F.);
#603 = EDGE_CURVE('',#604,#577,#606,.T.);
#604 = VERTEX_POINT('',#605);
#605 = CARTESIAN_POINT('',(24.00831134489,10.237723690686,0.));
#606 = LINE('',#607,#608);
#607 = CARTESIAN_POINT('',(24.00831134489,10.237723690686,0.));
#608 = VECTOR('',#609,1.);
#609 = DIRECTION('',(0.,0.,1.));
#610 = ORIENTED_EDGE('',*,*,#611,.F.);
#611 = EDGE_CURVE('',#554,#604,#612,.T.);
#612 = B_SPLINE_CURVE_WITH_KNOTS('',3,(#613,#614,#615,#616,#617,#618,
    #619,#620,#621,#622,#623,#624,#625,#626,#627,#628,#629,#630,#631,
    #632,#633,#634),.UNSPECIFIED.,.F.,.F.,(4,1,1,1,1,1,1,1,1,1,1,1,1,1,1
    ,1,1,1,1,4),(0.,0.215930110637,0.425449164594,0.62855716187,
    0.825254102467,1.015539986384,1.199414813622,1.376878584181,
    1.547931298062,1.712572955265,1.870803555792,2.022623099642,
    2.168031586817,2.307029017318,2.439615391146,2.565790708302,
    2.685554968787,2.798908172604,2.905850319754,3.00638141024),
  .UNSPECIFIED.);
#613 = CARTESIAN_POINT('',(27.003848797535,10.225349633135,0.));
#614 = CARTESIAN_POINT('',(26.932533772273,10.235089215897,0.));
#615 = CARTESIAN_POINT('',(26.791869549562,10.253181615426,0.));
#616 = CARTESIAN_POINT('',(26.583655091213,10.276603200512,0.));
#617 = CARTESIAN_POINT('',(26.381476202556,10.296098152012,0.));
#618 = CARTESIAN_POINT('',(26.185403805631,10.311863736539,0.));
#619 = CARTESIAN_POINT('',(25.995503678189,10.324099315816,0.));
#620 = CARTESIAN_POINT('',(25.811836902361,10.333005155369,0.));
#621 = CARTESIAN_POINT('',(25.634459726014,10.338782600835,0.));
#622 = CARTESIAN_POINT('',(25.463423576635,10.341633904679,0.));
#623 = CARTESIAN_POINT('',(25.298775038888,10.34176214164,0.));
#624 = CARTESIAN_POINT('',(25.140555843928,10.339371101448,0.));
#625 = CARTESIAN_POINT('',(24.98880285849,10.334665186594,0.));
#626 = CARTESIAN_POINT('',(24.843548075903,10.327849310248,0.));
#627 = CARTESIAN_POINT('',(24.704818611632,10.319128788321,0.));
#628 = CARTESIAN_POINT('',(24.572636691707,10.308709252681,0.));
#629 = CARTESIAN_POINT('',(24.447019675209,10.296796490206,0.));
#630 = CARTESIAN_POINT('',(24.327979967856,10.283596538839,0.));
#631 = CARTESIAN_POINT('',(24.215525320718,10.269314896406,0.));
#632 = CARTESIAN_POINT('',(24.109657814041,10.25415877974,0.));
#633 = CARTESIAN_POINT('',(24.041360403345,10.243269059057,0.));
#634 = CARTESIAN_POINT('',(24.00831134489,10.237723690686,0.));
#635 = SURFACE_OF_LINEAR_EXTRUSION('',#636,#659);
#636 = B_SPLINE_CURVE_WITH_KNOTS('',3,(#637,#638,#639,#640,#641,#642,
    #643,#644,#645,#646,#647,#648,#649,#650,#651,#652,#653,#654,#655,
    #656,#657,#658),.UNSPECIFIED.,.F.,.F.,(4,1,1,1,1,1,1,1,1,1,1,1,1,1,1
    ,1,1,1,1,4),(0.,0.215930110637,0.425449164594,0.62855716187,
    0.825254102467,1.015539986384,1.199414813622,1.376878584181,
    1.547931298062,1.712572955265,1.870803555792,2.022623099642,
    2.168031586817,2.307029017318,2.439615391146,2.565790708302,
    2.685554968787,2.798908172604,2.905850319754,3.00638141024),
  .UNSPECIFIED.);
#637 = CARTESIAN_POINT('',(27.003848797535,10.225349633135,0.));
#638 = CARTESIAN_POINT('',(26.932533772273,10.235089215897,0.));
#639 = CARTESIAN_POINT('',(26.791869549562,10.253181615426,0.));
#640 = CARTESIAN_POINT('',(26.583655091213,10.276603200512,0.));
#641 = CARTESIAN_POINT('',(26.381476202556,10.296098152012,0.));
#642 = CARTESIAN_POINT('',(26.185403805631,10.311863736539,0.));
#643 = CARTESIAN_POINT('',(25.995503678189,10.324099315816,0.));
#644 = CARTESIAN_POINT('',(25.811836902361,10.333005155369,0.));
#645 = CARTESIAN_POINT('',(25.634459726014,10.338782600835,0.));
#646 = CARTESIAN_POINT('',(25.463423576635,10.341633904679,0.));
#647 = CARTESIAN_POINT('',(25.298775038888,10.34176214164,0.));
#648 = CARTESIAN_POINT('',(25.140555843928,10.339371101448,0.));
#649 = CARTESIAN_POINT('',(24.98880285849,10.334665186594,0.));
#650 = CARTESIAN_POINT('',(24.843548075903,10.327849310248,0.));
#651 = CARTESIAN_POINT('',(24.704818611632,10.319128788321,0.));
#652 = CARTESIAN_POINT('',(24.572636691707,10.308709252681,0.));
#653 = CARTESIAN_POINT('',(24.447019675209,10.296796490206,0.));
#654 = CARTESIAN_POINT('',(24.327979967856,10.283596538839,0.));
#655 = CARTESIAN_POINT('',(24.215525320718,10.269314896406,0.));
#656 = CARTESIAN_POINT('',(24.109657814041,10.25415877974,0.));
#657 = CARTESIAN_POINT('',(24.041360403345,10.243269059057,0.));
#658 = CARTESIAN_POINT('',(24.00831134489,10.237723690686,0.));
#659 = VECTOR('',#660,1.);
#660 = DIRECTION('',(-0.,-0.,-1.));
#661 = ADVANCED_FACE('',(#662),#685,.T.);
#662 = FACE_BOUND('',#663,.T.);
#663 = EDGE_LOOP('',(#664,#665,#672,#680));
#664 = ORIENTED_EDGE('',*,*,#603,.T.);
#665 = ORIENTED_EDGE('',*,*,#666,.T.);
#666 = EDGE_CURVE('',#577,#667,#669,.T.);
#667 = VERTEX_POINT('',#668);
#668 = CARTESIAN_POINT('',(23.27479640543,11.810751554656,10.));
#669 = B_SPLINE_CURVE_WITH_KNOTS('',1,(#670,#671),.UNSPECIFIED.,.F.,.F.,
  (2,2),(0.,1.735644211017),.PIECEWISE_BEZIER_KNOTS.);
#670 = CARTESIAN_POINT('',(24.00831134489,10.237723690686,10.));
#671 = CARTESIAN_POINT('',(23.27479640543,11.810751554656,10.));
#672 = ORIENTED_EDGE('',*,*,#673,.F.);
#673 = EDGE_CURVE('',#674,#667,#676,.T.);
#674 = VERTEX_POINT('',#675);
#675 = CARTESIAN_POINT('',(23.27479640543,11.810751554656,0.));
#676 = LINE('',#677,#678);
#677 = CARTESIAN_POINT('',(23.27479640543,11.810751554656,0.));
#678 = VECTOR('',#679,1.);
#679 = DIRECTION('',(0.,0.,1.));
#680 = ORIENTED_EDGE('',*,*,#681,.F.);
#681 = EDGE_CURVE('',#604,#674,#682,.T.);
#682 = B_SPLINE_CURVE_WITH_KNOTS('',1,(#683,#684),.UNSPECIFIED.,.F.,.F.,
  (2,2),(0.,1.735644211017),.PIECEWISE_BEZIER_KNOTS.);
#683 = CARTESIAN_POINT('',(24.00831134489,10.237723690686,0.));
#684 = CARTESIAN_POINT('',(23.27479640543,11.810751554656,0.));
#685 = SURFACE_OF_LINEAR_EXTRUSION('',#686,#689);
#686 = B_SPLINE_CURVE_WITH_KNOTS('',1,(#687,#688),.UNSPECIFIED.,.F.,.F.,
  (2,2),(0.,1.735644211017),.PIECEWISE_BEZIER_KNOTS.);
#687 = CARTESIAN_POINT('',(24.00831134489,10.237723690686,0.));
#688 = CARTESIAN_POINT('',(23.27479640543,11.810751554656,0.));
#689 = VECTOR('',#690,1.);
#690 = DIRECTION('',(-0.,-0.,-1.));
#691 = ADVANCED_FACE('',(#692),#755,.T.);
#692 = FACE_BOUND('',#693,.T.);
#693 = EDGE_LOOP('',(#694,#695,#722,#730));
#694 = ORIENTED_EDGE('',*,*,#673,.T.);
#695 = ORIENTED_EDGE('',*,*,#696,.T.);
#696 = EDGE_CURVE('',#667,#697,#699,.T.);
#697 = VERTEX_POINT('',#698);
#698 = CARTESIAN_POINT('',(25.190811686316,14.113420265285,10.));
#699 = B_SPLINE_CURVE_WITH_KNOTS('',3,(#700,#701,#702,#703,#704,#705,
    #706,#707,#708,#709,#710,#711,#712,#713,#714,#715,#716,#717,#718,
    #719,#720,#721),.UNSPECIFIED.,.F.,.F.,(4,1,1,1,1,1,1,1,1,1,1,1,1,1,1
    ,1,1,1,1,4),(0.,0.100531090486,0.207473237636,0.320826441453,
    0.440590701938,0.566766019094,0.699352392922,0.838349823423,
    0.983758310598,1.135577854448,1.293808454975,1.458450112178,
    1.629502826059,1.806966596619,1.990841423856,2.181127307773,
    2.37782424837,2.580932245646,2.790451299603,3.00638141024),
  .UNSPECIFIED.);
#700 = CARTESIAN_POINT('',(23.27479640543,11.810751554656,10.));
#701 = CARTESIAN_POINT('',(23.300287929342,11.832504108156,10.));
#702 = CARTESIAN_POINT('',(23.352530668727,11.877823182571,10.));
#703 = CARTESIAN_POINT('',(23.432191249239,11.949180233764,10.));
#704 = CARTESIAN_POINT('',(23.515416075895,12.026145428505,10.));
#705 = CARTESIAN_POINT('',(23.602045074236,12.108850369646,10.));
#706 = CARTESIAN_POINT('',(23.691915841503,12.197421210979,10.));
#707 = CARTESIAN_POINT('',(23.784862569233,12.291980887811,10.));
#708 = CARTESIAN_POINT('',(23.880716457328,12.392648379568,10.));
#709 = CARTESIAN_POINT('',(23.979305696022,12.499538837741,10.));
#710 = CARTESIAN_POINT('',(24.080455574719,12.612763465202,10.));
#711 = CARTESIAN_POINT('',(24.183988555906,12.732429469286,10.));
#712 = CARTESIAN_POINT('',(24.289724360711,12.858639995825,10.));
#713 = CARTESIAN_POINT('',(24.397480052876,12.991494070411,10.));
#714 = CARTESIAN_POINT('',(24.507070124077,13.131086541049,10.));
#715 = CARTESIAN_POINT('',(24.61830658299,13.277508017376,10.));
#716 = CARTESIAN_POINT('',(24.730999034474,13.430844833507,10.));
#717 = CARTESIAN_POINT('',(24.8449548034,13.591178926013,10.));
#718 = CARTESIAN_POINT('',(24.959978888703,13.758588053461,10.));
#719 = CARTESIAN_POINT('',(25.075874587583,13.933144686949,10.));
#720 = CARTESIAN_POINT('',(25.152432224947,14.052529303349,10.));
#721 = CARTESIAN_POINT('',(25.190811686316,14.113420265285,10.));
#722 = ORIENTED_EDGE('',*,*,#723,.F.);
#723 = EDGE_CURVE('',#724,#697,#726,.T.);
#724 = VERTEX_POINT('',#725);
#725 = CARTESIAN_POINT('',(25.190811686316,14.113420265285,0.));
#726 = LINE('',#727,#728);
#727 = CARTESIAN_POINT('',(25.190811686316,14.113420265285,0.));
#728 = VECTOR('',#729,1.);
#729 = DIRECTION('',(0.,0.,1.));
#730 = ORIENTED_EDGE('',*,*,#731,.F.);
#731 = EDGE_CURVE('',#674,#724,#732,.T.);
#732 = B_SPLINE_CURVE_WITH_KNOTS('',3,(#733,#734,#735,#736,#737,#738,
    #739,#740,#741,#742,#743,#744,#745,#746,#747,#748,#749,#750,#751,
    #752,#753,#754),.UNSPECIFIED.,.F.,.F.,(4,1,1,1,1,1,1,1,1,1,1,1,1,1,1
    ,1,1,1,1,4),(0.,0.100531090486,0.207473237636,0.320826441453,
    0.440590701938,0.566766019094,0.699352392922,0.838349823423,
    0.983758310598,1.135577854448,1.293808454975,1.458450112178,
    1.629502826059,1.806966596619,1.990841423856,2.181127307773,
    2.37782424837,2.580932245646,2.790451299603,3.00638141024),
  .UNSPECIFIED.);
#733 = CARTESIAN_POINT('',(23.27479640543,11.810751554656,0.));
#734 = CARTESIAN_POINT('',(23.300287929342,11.832504108156,0.));
#735 = CARTESIAN_POINT('',(23.352530668727,11.877823182571,0.));
#736 = CARTESIAN_POINT('',(23.432191249239,11.949180233764,0.));
#737 = CARTESIAN_POINT('',(23.515416075895,12.026145428505,0.));
#738 = CARTESIAN_POINT('',(23.602045074236,12.108850369646,0.));
#739 = CARTESIAN_POINT('',(23.691915841503,12.197421210979,0.));
#740 = CARTESIAN_POINT('',(23.784862569233,12.291980887811,0.));
#741 = CARTESIAN_POINT('',(23.880716457328,12.392648379568,0.));
#742 = CARTESIAN_POINT('',(23.979305696022,12.499538837741,0.));
#743 = CARTESIAN_POINT('',(24.080455574719,12.612763465202,0.));
#744 = CARTESIAN_POINT('',(24.183988555906,12.732429469286,0.));
#745 = CARTESIAN_POINT('',(24.289724360711,12.858639995825,0.));
#746 = CARTESIAN_POINT('',(24.397480052876,12.991494070411,0.));
#747 = CARTESIAN_POINT('',(24.507070124077,13.131086541049,0.));
#748 = CARTESIAN_POINT('',(24.61830658299,13.277508017376,0.));
#749 = CARTESIAN_POINT('',(24.730999034474,13.430844833507,0.));
#750 = CARTESIAN_POINT('',(24.8449548034,13.591178926013,0.));
#751 = CARTESIAN_POINT('',(24.959978888703,13.758588053461,0.));
#752 = CARTESIAN_POINT('',(25.075874587583,13.933144686949,0.));
#753 = CARTESIAN_POINT('',(25.152432224947,14.052529303349,0.));
#754 = CARTESIAN_POINT('',(25.190811686316,14.113420265285,0.));
#755 = SURFACE_OF_LINEAR_EXTRUSION('',#756,#779);
#756 = B_SPLINE_CURVE_WITH_KNOTS('',3,(#757,#758,#759,#760,#761,#762,
    #763,#764,#765,#766,#767,#768,#769,#770,#771,#772,#773,#774,#775,
    #776,#777,#778),.UNSPECIFIED.,.F.,.F.,(4,1,1,1,1,1,1,1,1,1,1,1,1,1,1
    ,1,1,1,1,4),(0.,0.100531090486,0.207473237636,0.320826441453,
    0.440590701938,0.566766019094,0.699352392922,0.838349823423,
    0.983758310598,1.135577854448,1.293808454975,1.458450112178,
    1.629502826059,1.806966596619,1.990841423856,2.181127307773,
    2.37782424837,2.580932245646,2.790451299603,3.00638141024),
  .UNSPECIFIED.);
#757 = CARTESIAN_POINT('',(23.27479640543,11.810751554656,0.));
#758 = CARTESIAN_POINT('',(23.300287929342,11.832504108156,0.));
#759 = CARTESIAN_POINT('',(23.352530668727,11.877823182571,0.));
#760 = CARTESIAN_POINT('',(23.432191249239,11.949180233764,0.));
#761 = CARTESIAN_POINT('',(23.515416075895,12.026145428505,0.));
#762 = CARTESIAN_POINT('',(23.602045074236,12.108850369646,0.));
#763 = CARTESIAN_POINT('',(23.691915841503,12.197421210979,0.));
#764 = CARTESIAN_POINT('',(23.784862569233,12.291980887811,0.));
#765 = CARTESIAN_POINT('',(23.880716457328,12.392648379568,0.));
#766 = CARTESIAN_POINT('',(23.979305696022,12.499538837741,0.));
#767 = CARTESIAN_POINT('',(24.080455574719,12.612763465202,0.));
#768 = CARTESIAN_POINT('',(24.183988555906,12.732429469286,0.));
#769 = CARTESIAN_POINT('',(24.289724360711,12.858639995825,0.));
#770 = CARTESIAN_POINT('',(24.397480052876,12.991494070411,0.));
#771 = CARTESIAN_POINT('',(24.507070124077,13.131086541049,0.));
#772 = CARTESIAN_POINT('',(24.61830658299,13.277508017376,0.));
#773 = CARTESIAN_POINT('',(24.730999034474,13.430844833507,0.));
#774 = CARTESIAN_POINT('',(24.8449548034,13.591178926013,0.));
#775 = CARTESIAN_POINT('',(24.959978888703,13.758588053461,0.));
#776 = CARTESIAN_POINT('',(25.075874587583,13.933144686949,0.));
#777 = CARTESIAN_POINT('',(25.152432224947,14.052529303349,0.));
#778 = CARTESIAN_POINT('',(25.190811686316,14.113420265285,0.));
#779 = VECTOR('',#780,1.);
#780 = DIRECTION('',(-0.,-0.,-1.));
#781 = ADVANCED_FACE('',(#782),#805,.T.);
#782 = FACE_BOUND('',#783,.T.);
#783 = EDGE_LOOP('',(#784,#785,#792,#800));
#784 = ORIENTED_EDGE('',*,*,#723,.T.);
#785 = ORIENTED_EDGE('',*,*,#786,.T.);
#786 = EDGE_CURVE('',#697,#787,#789,.T.);
#787 = VERTEX_POINT('',#788);
#788 = CARTESIAN_POINT('',(24.817986327181,14.759172729658,10.));
#789 = B_SPLINE_CURVE_WITH_KNOTS('',1,(#790,#791),.UNSPECIFIED.,.F.,.F.,
  (2,2),(0.,0.745650718271),.PIECEWISE_BEZIER_KNOTS.);
#790 = CARTESIAN_POINT('',(25.190811686316,14.113420265285,10.));
#791 = CARTESIAN_POINT('',(24.817986327181,14.759172729658,10.));
#792 = ORIENTED_EDGE('',*,*,#793,.F.);
#793 = EDGE_CURVE('',#794,#787,#796,.T.);
#794 = VERTEX_POINT('',#795);
#795 = CARTESIAN_POINT('',(24.817986327181,14.759172729658,0.));
#796 = LINE('',#797,#798);
#797 = CARTESIAN_POINT('',(24.817986327181,14.759172729658,0.));
#798 = VECTOR('',#799,1.);
#799 = DIRECTION('',(0.,0.,1.));
#800 = ORIENTED_EDGE('',*,*,#801,.F.);
#801 = EDGE_CURVE('',#724,#794,#802,.T.);
#802 = B_SPLINE_CURVE_WITH_KNOTS('',1,(#803,#804),.UNSPECIFIED.,.F.,.F.,
  (2,2),(0.,0.745650718271),.PIECEWISE_BEZIER_KNOTS.);
#803 = CARTESIAN_POINT('',(25.190811686316,14.113420265285,0.));
#804 = CARTESIAN_POINT('',(24.817986327181,14.759172729658,0.));
#805 = SURFACE_OF_LINEAR_EXTRUSION('',#806,#809);
#806 = B_SPLINE_CURVE_WITH_KNOTS('',1,(#807,#808),.UNSPECIFIED.,.F.,.F.,
  (2,2),(0.,0.745650718271),.PIECEWISE_BEZIER_KNOTS.);
#807 = CARTESIAN_POINT('',(25.190811686316,14.113420265285,0.));
#808 = CARTESIAN_POINT('',(24.817986327181,14.759172729658,0.));
#809 = VECTOR('',#810,1.);
#810 = DIRECTION('',(-0.,-0.,-1.));
#811 = ADVANCED_FACE('',(#812),#875,.T.);
#812 = FACE_BOUND('',#813,.T.);
#813 = EDGE_LOOP('',(#814,#815,#842,#850));
#814 = ORIENTED_EDGE('',*,*,#793,.T.);
#815 = ORIENTED_EDGE('',*,*,#816,.T.);
#816 = EDGE_CURVE('',#787,#817,#819,.T.);
#817 = VERTEX_POINT('',#818);
#818 = CARTESIAN_POINT('',(21.865809086833,14.251189177685,10.));
#819 = B_SPLINE_CURVE_WITH_KNOTS('',3,(#820,#821,#822,#823,#824,#825,
    #826,#827,#828,#829,#830,#831,#832,#833,#834,#835,#836,#837,#838,
    #839,#840,#841),.UNSPECIFIED.,.F.,.F.,(4,1,1,1,1,1,1,1,1,1,1,1,1,1,1
    ,1,1,1,1,4),(0.,0.215930110637,0.425449164594,0.62855716187,
    0.825254102467,1.015539986384,1.199414813622,1.376878584181,
    1.547931298062,1.712572955265,1.870803555792,2.022623099642,
    2.168031586817,2.307029017318,2.439615391146,2.565790708302,
    2.685554968787,2.798908172604,2.905850319754,3.00638141024),
  .UNSPECIFIED.);
#820 = CARTESIAN_POINT('',(24.817986327181,14.759172729658,10.));
#821 = CARTESIAN_POINT('',(24.746063476599,14.756380622096,10.));
#822 = CARTESIAN_POINT('',(24.604394547293,14.749772071485,10.));
#823 = CARTESIAN_POINT('',(24.395276218854,14.73668176881,10.));
#824 = CARTESIAN_POINT('',(24.192783619007,14.720772552613,10.));
#825 = CARTESIAN_POINT('',(23.996952337341,14.702251008069,10.));
#826 = CARTESIAN_POINT('',(23.807812533494,14.681324890335,10.));
#827 = CARTESIAN_POINT('',(23.625389585879,14.658202029253,10.));
#828 = CARTESIAN_POINT('',(23.449703924529,14.633090478909,10.));
#829 = CARTESIAN_POINT('',(23.280771074858,14.606198349385,10.));
#830 = CARTESIAN_POINT('',(23.118601650248,14.577733719604,10.));
#831 = CARTESIAN_POINT('',(22.963201360148,14.547904529808,10.));
#832 = CARTESIAN_POINT('',(22.814571017085,14.516918478998,10.));
#833 = CARTESIAN_POINT('',(22.672706545538,14.484982922836,10.));
#834 = CARTESIAN_POINT('',(22.537598996293,14.452304766572,10.));
#835 = CARTESIAN_POINT('',(22.409234550119,14.419090377575,10.));
#836 = CARTESIAN_POINT('',(22.287594567856,14.385545430731,10.));
#837 = CARTESIAN_POINT('',(22.172655488639,14.351874988034,10.));
#838 = CARTESIAN_POINT('',(22.064389261458,14.318282771294,10.));
#839 = CARTESIAN_POINT('',(21.96276195213,14.284973210487,10.));
#840 = CARTESIAN_POINT('',(21.897393112718,14.262389208224,10.));
#841 = CARTESIAN_POINT('',(21.865809086833,14.251189177685,10.));
#842 = ORIENTED_EDGE('',*,*,#843,.F.);
#843 = EDGE_CURVE('',#844,#817,#846,.T.);
#844 = VERTEX_POINT('',#845);
#845 = CARTESIAN_POINT('',(21.865809086833,14.251189177685,0.));
#846 = LINE('',#847,#848);
#847 = CARTESIAN_POINT('',(21.865809086833,14.251189177685,0.));
#848 = VECTOR('',#849,1.);
#849 = DIRECTION('',(0.,0.,1.));
#850 = ORIENTED_EDGE('',*,*,#851,.F.);
#851 = EDGE_CURVE('',#794,#844,#852,.T.);
#852 = B_SPLINE_CURVE_WITH_KNOTS('',3,(#853,#854,#855,#856,#857,#858,
    #859,#860,#861,#862,#863,#864,#865,#866,#867,#868,#869,#870,#871,
    #872,#873,#874),.UNSPECIFIED.,.F.,.F.,(4,1,1,1,1,1,1,1,1,1,1,1,1,1,1
    ,1,1,1,1,4),(0.,0.215930110637,0.425449164594,0.62855716187,
    0.825254102467,1.015539986384,1.199414813622,1.376878584181,
    1.547931298062,1.712572955265,1.870803555792,2.022623099642,
    2.168031586817,2.307029017318,2.439615391146,2.565790708302,
    2.685554968787,2.798908172604,2.905850319754,3.00638141024),
  .UNSPECIFIED.);
#853 = CARTESIAN_POINT('',(24.817986327181,14.759172729658,0.));
#854 = CARTESIAN_POINT('',(24.746063476599,14.756380622096,0.));
#855 = CARTESIAN_POINT('',(24.604394547293,14.749772071485,0.));
#856 = CARTESIAN_POINT('',(24.395276218854,14.73668176881,0.));
#857 = CARTESIAN_POINT('',(24.192783619007,14.720772552613,0.));
#858 = CARTESIAN_POINT('',(23.996952337341,14.702251008069,0.));
#859 = CARTESIAN_POINT('',(23.807812533494,14.681324890335,0.));
#860 = CARTESIAN_POINT('',(23.625389585879,14.658202029253,0.));
#861 = CARTESIAN_POINT('',(23.449703924529,14.633090478909,0.));
#862 = CARTESIAN_POINT('',(23.280771074858,14.606198349385,0.));
#863 = CARTESIAN_POINT('',(23.118601650248,14.577733719604,0.));
#864 = CARTESIAN_POINT('',(22.963201360148,14.547904529808,0.));
#865 = CARTESIAN_POINT('',(22.814571017085,14.516918478998,0.));
#866 = CARTESIAN_POINT('',(22.672706545538,14.484982922836,0.));
#867 = CARTESIAN_POINT('',(22.537598996293,14.452304766572,0.));
#868 = CARTESIAN_POINT('',(22.409234550119,14.419090377575,0.));
#869 = CARTESIAN_POINT('',(22.287594567856,14.385545430731,0.));
#870 = CARTESIAN_POINT('',(22.172655488639,14.351874988034,0.));
#871 = CARTESIAN_POINT('',(22.064389261458,14.318282771294,0.));
#872 = CARTESIAN_POINT('',(21.96276195213,14.284973210487,0.));
#873 = CARTESIAN_POINT('',(21.897393112718,14.262389208224,0.));
#874 = CARTESIAN_POINT('',(21.865809086833,14.251189177685,0.));
#875 = SURFACE_OF_LINEAR_EXTRUSION('',#876,#899);
#876 = B_SPLINE_CURVE_WITH_KNOTS('',3,(#877,#878,#879,#880,#881,#882,
    #883,#884,#885,#886,#887,#888,#889,#890,#891,#892,#893,#894,#895,
    #896,#897,#898),.UNSPECIFIED.,.F.,.F.,(4,1,1,1,1,1,1,1,1,1,1,1,1,1,1
    ,1,1,1,1,4),(0.,0.215930110637,0.425449164594,0.62855716187,
    0.825254102467,1.015539986384,1.199414813622,1.376878584181,
    1.547931298062,1.712572955265,1.870803555792,2.022623099642,
    2.168031586817,2.307029017318,2.439615391146,2.565790708302,
    2.685554968787,2.798908172604,2.905850319754,3.00638141024),
  .UNSPECIFIED.);
#877 = CARTESIAN_POINT('',(24.817986327181,14.759172729658,0.));
#878 = CARTESIAN_POINT('',(24.746063476599,14.756380622096,0.));
#879 = CARTESIAN_POINT('',(24.604394547293,14.749772071485,0.));
#880 = CARTESIAN_POINT('',(24.395276218854,14.73668176881,0.));
#881 = CARTESIAN_POINT('',(24.192783619007,14.720772552613,0.));
#882 = CARTESIAN_POINT('',(23.996952337341,14.702251008069,0.));
#883 = CARTESIAN_POINT('',(23.807812533494,14.681324890335,0.));
#884 = CARTESIAN_POINT('',(23.625389585879,14.658202029253,0.));
#885 = CARTESIAN_POINT('',(23.449703924529,14.633090478909,0.));
#886 = CARTESIAN_POINT('',(23.280771074858,14.606198349385,0.));
#887 = CARTESIAN_POINT('',(23.118601650248,14.577733719604,0.));
#888 = CARTESIAN_POINT('',(22.963201360148,14.547904529808,0.));
#889 = CARTESIAN_POINT('',(22.814571017085,14.516918478998,0.));
#890 = CARTESIAN_POINT('',(22.672706545538,14.484982922836,0.));
#891 = CARTESIAN_POINT('',(22.537598996293,14.452304766572,0.));
#892 = CARTESIAN_POINT('',(22.409234550119,14.419090377575,0.));
#893 = CARTESIAN_POINT('',(22.287594567856,14.385545430731,0.));
#894 = CARTESIAN_POINT('',(22.172655488639,14.351874988034,0.));
#895 = CARTESIAN_POINT('',(22.064389261458,14.318282771294,0.));
#896 = CARTESIAN_POINT('',(21.96276195213,14.284973210487,0.));
#897 = CARTESIAN_POINT('',(21.897393112718,14.262389208224,0.));
#898 = CARTESIAN_POINT('',(21.865809086833,14.251189177685,0.));
#899 = VECTOR('',#900,1.);
#900 = DIRECTION('',(-0.,-0.,-1.));
#901 = ADVANCED_FACE('',(#902),#925,.T.);
#902 = FACE_BOUND('',#903,.T.);
#903 = EDGE_LOOP('',(#904,#905,#912,#920));
#904 = ORIENTED_EDGE('',*,*,#843,.T.);
#905 = ORIENTED_EDGE('',*,*,#906,.T.);
#906 = EDGE_CURVE('',#817,#907,#909,.T.);
#907 = VERTEX_POINT('',#908);
#908 = CARTESIAN_POINT('',(20.870284465505,15.672945681298,10.));
#909 = B_SPLINE_CURVE_WITH_KNOTS('',1,(#910,#911),.UNSPECIFIED.,.F.,.F.,
  (2,2),(0.,1.735644211017),.PIECEWISE_BEZIER_KNOTS.);
#910 = CARTESIAN_POINT('',(21.865809086833,14.251189177685,10.));
#911 = CARTESIAN_POINT('',(20.870284465505,15.672945681298,10.));
#912 = ORIENTED_EDGE('',*,*,#913,.F.);
#913 = EDGE_CURVE('',#914,#907,#916,.T.);
#914 = VERTEX_POINT('',#915);
#915 = CARTESIAN_POINT('',(20.870284465505,15.672945681298,0.));
#916 = LINE('',#917,#918);
#917 = CARTESIAN_POINT('',(20.870284465505,15.672945681298,0.));
#918 = VECTOR('',#919,1.);
#919 = DIRECTION('',(0.,0.,1.));
#920 = ORIENTED_EDGE('',*,*,#921,.F.);
#921 = EDGE_CURVE('',#844,#914,#922,.T.);
#922 = B_SPLINE_CURVE_WITH_KNOTS('',1,(#923,#924),.UNSPECIFIED.,.F.,.F.,
  (2,2),(0.,1.735644211017),.PIECEWISE_BEZIER_KNOTS.);
#923 = CARTESIAN_POINT('',(21.865809086833,14.251189177685,0.));
#924 = CARTESIAN_POINT('',(20.870284465505,15.672945681298,0.));
#925 = SURFACE_OF_LINEAR_EXTRUSION('',#926,#929);
#926 = B_SPLINE_CURVE_WITH_KNOTS('',1,(#927,#928),.UNSPECIFIED.,.F.,.F.,
  (2,2),(0.,1.735644211017),.PIECEWISE_BEZIER_KNOTS.);
#927 = CARTESIAN_POINT('',(21.865809086833,14.251189177685,0.));
#928 = CARTESIAN_POINT('',(20.870284465505,15.672945681298,0.));
#929 = VECTOR('',#930,1.);
#930 = DIRECTION('',(-0.,-0.,-1.));
#931 = ADVANCED_FACE('',(#932),#995,.T.);
#932 = FACE_BOUND('',#933,.T.);
#933 = EDGE_LOOP('',(#934,#935,#962,#970));
#934 = ORIENTED_EDGE('',*,*,#913,.T.);
#935 = ORIENTED_EDGE('',*,*,#936,.T.);
#936 = EDGE_CURVE('',#907,#937,#939,.T.);
#937 = VERTEX_POINT('',#938);
#938 = CARTESIAN_POINT('',(22.357336943641,18.273344242052,10.));
#939 = B_SPLINE_CURVE_WITH_KNOTS('',3,(#940,#941,#942,#943,#944,#945,
    #946,#947,#948,#949,#950,#951,#952,#953,#954,#955,#956,#957,#958,
    #959,#960,#961),.UNSPECIFIED.,.F.,.F.,(4,1,1,1,1,1,1,1,1,1,1,1,1,1,1
    ,1,1,1,1,4),(0.,0.100531090486,0.207473237636,0.320826441453,
    0.440590701938,0.566766019094,0.699352392922,0.838349823423,
    0.983758310598,1.135577854448,1.293808454975,1.458450112178,
    1.629502826059,1.806966596619,1.990841423856,2.181127307773,
    2.37782424837,2.580932245646,2.790451299603,3.00638141024),
  .UNSPECIFIED.);
#940 = CARTESIAN_POINT('',(20.870284465505,15.672945681298,10.));
#941 = CARTESIAN_POINT('',(20.891611424615,15.698794321306,10.));
#942 = CARTESIAN_POINT('',(20.935190904714,15.75249675364,10.));
#943 = CARTESIAN_POINT('',(21.001250240109,15.836602645524,10.));
#944 = CARTESIAN_POINT('',(21.069845828832,15.926850405503,10.));
#945 = CARTESIAN_POINT('',(21.140797175721,16.023341840446,10.));
#946 = CARTESIAN_POINT('',(21.213922438903,16.126172986643,10.));
#947 = CARTESIAN_POINT('',(21.289036981426,16.235436119399,10.));
#948 = CARTESIAN_POINT('',(21.365953907084,16.351219098748,10.));
#949 = CARTESIAN_POINT('',(21.444484020442,16.473605492317,10.));
#950 = CARTESIAN_POINT('',(21.524435954973,16.602674475379,10.));
#951 = CARTESIAN_POINT('',(21.605616254001,16.738500797485,10.));
#952 = CARTESIAN_POINT('',(21.687829466408,16.881154732351,10.));
#953 = CARTESIAN_POINT('',(21.770878239535,17.0307020346,10.));
#954 = CARTESIAN_POINT('',(21.854563413165,17.187203898101,10.));
#955 = CARTESIAN_POINT('',(21.938684117785,17.350716911576,10.));
#956 = CARTESIAN_POINT('',(22.023037859022,17.52129303576,10.));
#957 = CARTESIAN_POINT('',(22.107420660778,17.698979504742,10.));
#958 = CARTESIAN_POINT('',(22.191626981863,17.883819034178,10.));
#959 = CARTESIAN_POINT('',(22.275450523356,18.075848837086,10.));
#960 = CARTESIAN_POINT('',(22.330114157104,18.206713827122,10.));
#961 = CARTESIAN_POINT('',(22.357336943641,18.273344242052,10.));
#962 = ORIENTED_EDGE('',*,*,#963,.F.);
#963 = EDGE_CURVE('',#964,#937,#966,.T.);
#964 = VERTEX_POINT('',#965);
#965 = CARTESIAN_POINT('',(22.357336943641,18.273344242052,0.));
#966 = LINE('',#967,#968);
#967 = CARTESIAN_POINT('',(22.357336943641,18.273344242052,0.));
#968 = VECTOR('',#969,1.);
#969 = DIRECTION('',(0.,0.,1.));
#970 = ORIENTED_EDGE('',*,*,#971,.F.);
#971 = EDGE_CURVE('',#914,#964,#972,.T.);
#972 = B_SPLINE_CURVE_WITH_KNOTS('',3,(#973,#974,#975,#976,#977,#978,
    #979,#980,#981,#982,#983,#984,#985,#986,#987,#988,#989,#990,#991,
    #992,#993,#994),.UNSPECIFIED.,.F.,.F.,(4,1,1,1,1,1,1,1,1,1,1,1,1,1,1
    ,1,1,1,1,4),(0.,0.100531090486,0.207473237636,0.320826441453,
    0.440590701938,0.566766019094,0.699352392922,0.838349823423,
    0.983758310598,1.135577854448,1.293808454975,1.458450112178,
    1.629502826059,1.806966596619,1.990841423856,2.181127307773,
    2.37782424837,2.580932245646,2.790451299603,3.00638141024),
  .UNSPECIFIED.);
#973 = CARTESIAN_POINT('',(20.870284465505,15.672945681298,0.));
#974 = CARTESIAN_POINT('',(20.891611424615,15.698794321306,0.));
#975 = CARTESIAN_POINT('',(20.935190904714,15.75249675364,0.));
#976 = CARTESIAN_POINT('',(21.001250240109,15.836602645524,0.));
#977 = CARTESIAN_POINT('',(21.069845828832,15.926850405503,0.));
#978 = CARTESIAN_POINT('',(21.140797175721,16.023341840446,0.));
#979 = CARTESIAN_POINT('',(21.213922438903,16.126172986643,0.));
#980 = CARTESIAN_POINT('',(21.289036981426,16.235436119399,0.));
#981 = CARTESIAN_POINT('',(21.365953907084,16.351219098748,0.));
#982 = CARTESIAN_POINT('',(21.444484020442,16.473605492317,0.));
#983 = CARTESIAN_POINT('',(21.524435954973,16.602674475379,0.));
#984 = CARTESIAN_POINT('',(21.605616254001,16.738500797485,0.));
#985 = CARTESIAN_POINT('',(21.687829466408,16.881154732351,0.));
#986 = CARTESIAN_POINT('',(21.770878239535,17.0307020346,0.));
#987 = CARTESIAN_POINT('',(21.854563413165,17.187203898101,0.));
#988 = CARTESIAN_POINT('',(21.938684117785,17.350716911576,0.));
#989 = CARTESIAN_POINT('',(22.023037859022,17.52129303576,0.));
#990 = CARTESIAN_POINT('',(22.107420660778,17.698979504742,0.));
#991 = CARTESIAN_POINT('',(22.191626981863,17.883819034178,0.));
#992 = CARTESIAN_POINT('',(22.275450523356,18.075848837086,0.));
#993 = CARTESIAN_POINT('',(22.330114157104,18.206713827122,0.));
#994 = CARTESIAN_POINT('',(22.357336943641,18.273344242052,0.));
#995 = SURFACE_OF_LINEAR_EXTRUSION('',#996,#1019);
#996 = B_SPLINE_CURVE_WITH_KNOTS('',3,(#997,#998,#999,#1000,#1001,#1002,
    #1003,#1004,#1005,#1006,#1007,#1008,#1009,#1010,#1011,#1012,#1013,
    #1014,#1015,#1016,#1017,#1018),.UNSPECIFIED.,.F.,.F.,(4,1,1,1,1,1,1,
    1,1,1,1,1,1,1,1,1,1,1,1,4),(0.,0.100531090486,0.207473237636,
    0.320826441453,0.440590701938,0.566766019094,0.699352392922,
    0.838349823423,0.983758310598,1.135577854448,1.293808454975,
    1.458450112178,1.629502826059,1.806966596619,1.990841423856,
    2.181127307773,2.37782424837,2.580932245646,2.790451299603,
    3.00638141024),.UNSPECIFIED.);
#997 = CARTESIAN_POINT('',(20.870284465505,15.672945681298,0.));
#998 = CARTESIAN_POINT('',(20.891611424615,15.698794321306,0.));
#999 = CARTESIAN_POINT('',(20.935190904714,15.75249675364,0.));
#1000 = CARTESIAN_POINT('',(21.001250240109,15.836602645524,0.));
#1001 = CARTESIAN_POINT('',(21.069845828832,15.926850405503,0.));
#1002 = CARTESIAN_POINT('',(21.140797175721,16.023341840446,0.));
#1003 = CARTESIAN_POINT('',(21.213922438903,16.126172986643,0.));
#1004 = CARTESIAN_POINT('',(21.289036981426,16.235436119399,0.));
#1005 = CARTESIAN_POINT('',(21.365953907084,16.351219098748,0.));
#1006 = CARTESIAN_POINT('',(21.444484020442,16.473605492317,0.));
#1007 = CARTESIAN_POINT('',(21.524435954973,16.602674475379,0.));
#1008 = CARTESIAN_POINT('',(21.605616254001,16.738500797485,0.));
#1009 = CARTESIAN_POINT('',(21.687829466408,16.881154732351,0.));
#1010 = CARTESIAN_POINT('',(21.770878239535,17.0307020346,0.));
#1011 = CARTESIAN_POINT('',(21.854563413165,17.187203898101,0.));
#1012 = CARTESIAN_POINT('',(21.938684117785,17.350716911576,0.));
#1013 = CARTESIAN_POINT('',(22.023037859022,17.52129303576,0.));
#1014 = CARTESIAN_POINT('',(22.107420660778,17.698979504742,0.));
#1015 = CARTESIAN_POINT('',(22.191626981863,17.883819034178,0.));
#1016 = CARTESIAN_POINT('',(22.275450523356,18.075848837086,0.));
#1017 = CARTESIAN_POINT('',(22.330114157104,18.206713827122,0.));
#1018 = CARTESIAN_POINT('',(22.357336943641,18.273344242052,0.));
#1019 = VECTOR('',#1020,1.);
#1020 = DIRECTION('',(-0.,-0.,-1.));
#1021 = ADVANCED_FACE('',(#1022),#1045,.T.);
#1022 = FACE_BOUND('',#1023,.T.);
#1023 = EDGE_LOOP('',(#1024,#1025,#1032,#1040));
#1024 = ORIENTED_EDGE('',*,*,#963,.T.);
#1025 = ORIENTED_EDGE('',*,*,#1026,.T.);
#1026 = EDGE_CURVE('',#937,#1027,#1029,.T.);
#1027 = VERTEX_POINT('',#1028);
#1028 = CARTESIAN_POINT('',(21.878041900782,18.844545831291,10.));
#1029 = B_SPLINE_CURVE_WITH_KNOTS('',1,(#1030,#1031),.UNSPECIFIED.,.F.,
  .F.,(2,2),(0.,0.745650718271),.PIECEWISE_BEZIER_KNOTS.);
#1030 = CARTESIAN_POINT('',(22.357336943641,18.273344242052,10.));
#1031 = CARTESIAN_POINT('',(21.878041900782,18.844545831291,10.));
#1032 = ORIENTED_EDGE('',*,*,#1033,.F.);
#1033 = EDGE_CURVE('',#1034,#1027,#1036,.T.);
#1034 = VERTEX_POINT('',#1035);
#1035 = CARTESIAN_POINT('',(21.878041900782,18.844545831291,0.));
#1036 = LINE('',#1037,#1038);
#1037 = CARTESIAN_POINT('',(21.878041900782,18.844545831291,0.));
#1038 = VECTOR('',#1039,1.);
#1039 = DIRECTION('',(0.,0.,1.));
#1040 = ORIENTED_EDGE('',*,*,#1041,.F.);
#1041 = EDGE_CURVE('',#964,#1034,#1042,.T.);
#1042 = B_SPLINE_CURVE_WITH_KNOTS('',1,(#1043,#1044),.UNSPECIFIED.,.F.,
  .F.,(2,2),(0.,0.745650718271),.PIECEWISE_BEZIER_KNOTS.);
#1043 = CARTESIAN_POINT('',(22.357336943641,18.273344242052,0.));
#1044 = CARTESIAN_POINT('',(21.878041900782,18.844545831291,0.));
#1045 = SURFACE_OF_LINEAR_EXTRUSION('',#1046,#1049);
#1046 = B_SPLINE_CURVE_WITH_KNOTS('',1,(#1047,#1048),.UNSPECIFIED.,.F.,
  .F.,(2,2),(0.,0.745650718271),.PIECEWISE_BEZIER_KNOTS.);
#1047 = CARTESIAN_POINT('',(22.357336943641,18.273344242052,0.));
#1048 = CARTESIAN_POINT('',(21.878041900782,18.844545831291,0.));
#1049 = VECTOR('',#1050,1.);
#1050 = DIRECTION('',(-0.,-0.,-1.));
#1051 = ADVANCED_FACE('',(#1052),#1115,.T.);
#1052 = FACE_BOUND('',#1053,.T.);
#1053 = EDGE_LOOP('',(#1054,#1055,#1082,#1090));
#1054 = ORIENTED_EDGE('',*,*,#1033,.T.);
#1055 = ORIENTED_EDGE('',*,*,#1056,.T.);
#1056 = EDGE_CURVE('',#1027,#1057,#1059,.T.);
#1057 = VERTEX_POINT('',#1058);
#1058 = CARTESIAN_POINT('',(19.058925284306,17.831639492969,10.));
#1059 = B_SPLINE_CURVE_WITH_KNOTS('',3,(#1060,#1061,#1062,#1063,#1064,
    #1065,#1066,#1067,#1068,#1069,#1070,#1071,#1072,#1073,#1074,#1075,
    #1076,#1077,#1078,#1079,#1080,#1081),.UNSPECIFIED.,.F.,.F.,(4,1,1,1,
    1,1,1,1,1,1,1,1,1,1,1,1,1,1,1,4),(0.,0.215930110637,0.425449164594,
    0.62855716187,0.825254102467,1.015539986384,1.199414813622,
    1.376878584181,1.547931298062,1.712572955265,1.870803555792,
    2.022623099642,2.168031586817,2.307029017318,2.439615391146,
    2.565790708302,2.685554968787,2.798908172604,2.905850319754,
    3.00638141024),.UNSPECIFIED.);
#1060 = CARTESIAN_POINT('',(21.878041900782,18.844545831291,10.));
#1061 = CARTESIAN_POINT('',(21.8076965643,18.82930687018,10.));
#1062 = CARTESIAN_POINT('',(21.66932746713,18.798198166897,10.));
#1063 = CARTESIAN_POINT('',(21.46565922319,18.748993718683,10.));
#1064 = CARTESIAN_POINT('',(21.269005547334,18.698163728274,10.));
#1065 = CARTESIAN_POINT('',(21.079365615325,18.645917822418,10.));
#1066 = CARTESIAN_POINT('',(20.896733052304,18.59246583717,10.));
#1067 = CARTESIAN_POINT('',(20.721096761854,18.538016851887,10.));
#1068 = CARTESIAN_POINT('',(20.552440735419,18.482779307482,10.));
#1069 = CARTESIAN_POINT('',(20.39074412461,18.426960848339,10.));
#1070 = CARTESIAN_POINT('',(20.235981249042,18.370768235187,10.));
#1071 = CARTESIAN_POINT('',(20.088121622981,18.314407240625,10.));
#1072 = CARTESIAN_POINT('',(19.947129980055,18.258082549333,10.));
#1073 = CARTESIAN_POINT('',(19.812966299729,18.201997659068,10.));
#1074 = CARTESIAN_POINT('',(19.685585840027,18.14635477771,10.));
#1075 = CARTESIAN_POINT('',(19.564939156345,18.091354737759,10.));
#1076 = CARTESIAN_POINT('',(19.450972177627,18.037196852781,10.));
#1077 = CARTESIAN_POINT('',(19.343626092305,17.984078978116,10.));
#1078 = CARTESIAN_POINT('',(19.242837899608,17.932196869578,10.));
#1079 = CARTESIAN_POINT('',(19.148538681997,17.881745958779,10.));
#1080 = CARTESIAN_POINT('',(19.088084612976,17.848153878416,10.));
#1081 = CARTESIAN_POINT('',(19.058925284306,17.831639492969,10.));
#1082 = ORIENTED_EDGE('',*,*,#1083,.F.);
#1083 = EDGE_CURVE('',#1084,#1057,#1086,.T.);
#1084 = VERTEX_POINT('',#1085);
#1085 = CARTESIAN_POINT('',(19.058925284306,17.831639492969,0.));
#1086 = LINE('',#1087,#1088);
#1087 = CARTESIAN_POINT('',(19.058925284306,17.831639492969,0.));
#1088 = VECTOR('',#1089,1.);
#1089 = DIRECTION('',(0.,0.,1.));
#1090 = ORIENTED_EDGE('',*,*,#1091,.F.);
#1091 = EDGE_CURVE('',#1034,#1084,#1092,.T.);
#1092 = B_SPLINE_CURVE_WITH_KNOTS('',3,(#1093,#1094,#1095,#1096,#1097,
    #1098,#1099,#1100,#1101,#1102,#1103,#1104,#1105,#1106,#1107,#1108,
    #1109,#1110,#1111,#1112,#1113,#1114),.UNSPECIFIED.,.F.,.F.,(4,1,1,1,
    1,1,1,1,1,1,1,1,1,1,1,1,1,1,1,4),(0.,0.215930110637,0.425449164594,
    0.62855716187,0.825254102467,1.015539986384,1.199414813622,
    1.376878584181,1.547931298062,1.712572955265,1.870803555792,
    2.022623099642,2.168031586817,2.307029017318,2.439615391146,
    2.565790708302,2.685554968787,2.798908172604,2.905850319754,
    3.00638141024),.UNSPECIFIED.);
#1093 = CARTESIAN_POINT('',(21.878041900782,18.844545831291,0.));
#1094 = CARTESIAN_POINT('',(21.8076965643,18.82930687018,0.));
#1095 = CARTESIAN_POINT('',(21.66932746713,18.798198166897,0.));
#1096 = CARTESIAN_POINT('',(21.46565922319,18.748993718683,0.));
#1097 = CARTESIAN_POINT('',(21.269005547334,18.698163728274,0.));
#1098 = CARTESIAN_POINT('',(21.079365615325,18.645917822418,0.));
#1099 = CARTESIAN_POINT('',(20.896733052304,18.59246583717,0.));
#1100 = CARTESIAN_POINT('',(20.721096761854,18.538016851887,0.));
#1101 = CARTESIAN_POINT('',(20.552440735419,18.482779307482,0.));
#1102 = CARTESIAN_POINT('',(20.39074412461,18.426960848339,0.));
#1103 = CARTESIAN_POINT('',(20.235981249042,18.370768235187,0.));
#1104 = CARTESIAN_POINT('',(20.088121622981,18.314407240625,0.));
#1105 = CARTESIAN_POINT('',(19.947129980055,18.258082549333,0.));
#1106 = CARTESIAN_POINT('',(19.812966299729,18.201997659068,0.));
#1107 = CARTESIAN_POINT('',(19.685585840027,18.14635477771,0.));
#1108 = CARTESIAN_POINT('',(19.564939156345,18.091354737759,0.));
#1109 = CARTESIAN_POINT('',(19.450972177627,18.037196852781,0.));
#1110 = CARTESIAN_POINT('',(19.343626092305,17.984078978116,0.));
#1111 = CARTESIAN_POINT('',(19.242837899608,17.932196869578,0.));
#1112 = CARTESIAN_POINT('',(19.148538681997,17.881745958779,0.));
#1113 = CARTESIAN_POINT('',(19.088084612976,17.848153878416,0.));
#1114 = CARTESIAN_POINT('',(19.058925284306,17.831639492969,0.));
#1115 = SURFACE_OF_LINEAR_EXTRUSION('',#1116,#1139);
#1116 = B_SPLINE_CURVE_WITH_KNOTS('',3,(#1117,#1118,#1119,#1120,#1121,
    #1122,#1123,#1124,#1125,#1126,#1127,#1128,#1129,#1130,#1131,#1132,
    #1133,#1134,#1135,#1136,#1137,#1138),.UNSPECIFIED.,.F.,.F.,(4,1,1,1,
    1,1,1,1,1,1,1,1,1,1,1,1,1,1,1,4),(0.,0.215930110637,0.425449164594,
    0.62855716187,0.825254102467,1.015539986384,1.199414813622,
    1.376878584181,1.547931298062,1.712572955265,1.870803555792,
    2.022623099642,2.168031586817,2.307029017318,2.439615391146,
    2.565790708302,2.685554968787,2.798908172604,2.905850319754,
    3.00638141024),.UNSPECIFIED.);
#1117 = CARTESIAN_POINT('',(21.878041900782,18.844545831291,0.));
#1118 = CARTESIAN_POINT('',(21.8076965643,18.82930687018,0.));
#1119 = CARTESIAN_POINT('',(21.66932746713,18.798198166897,0.));
#1120 = CARTESIAN_POINT('',(21.46565922319,18.748993718683,0.));
#1121 = CARTESIAN_POINT('',(21.269005547334,18.698163728274,0.));
#1122 = CARTESIAN_POINT('',(21.079365615325,18.645917822418,0.));
#1123 = CARTESIAN_POINT('',(20.896733052304,18.59246583717,0.));
#1124 = CARTESIAN_POINT('',(20.721096761854,18.538016851887,0.));
#1125 = CARTESIAN_POINT('',(20.552440735419,18.482779307482,0.));
#1126 = CARTESIAN_POINT('',(20.39074412461,18.426960848339,0.));
#1127 = CARTESIAN_POINT('',(20.235981249042,18.370768235187,0.));
#1128 = CARTESIAN_POINT('',(20.088121622981,18.314407240625,0.));
#1129 = CARTESIAN_POINT('',(19.947129980055,18.258082549333,0.));
#1130 = CARTESIAN_POINT('',(19.812966299729,18.201997659068,0.));
#1131 = CARTESIAN_POINT('',(19.685585840027,18.14635477771,0.));
#1132 = CARTESIAN_POINT('',(19.564939156345,18.091354737759,0.));
#1133 = CARTESIAN_POINT('',(19.450972177627,18.037196852781,0.));
#1134 = CARTESIAN_POINT('',(19.343626092305,17.984078978116,0.));
#1135 = CARTESIAN_POINT('',(19.242837899608,17.932196869578,0.));
#1136 = CARTESIAN_POINT('',(19.148538681997,17.881745958779,0.));
#1137 = CARTESIAN_POINT('',(19.088084612976,17.848153878416,0.));
#1138 = CARTESIAN_POINT('',(19.058925284306,17.831639492969,0.));
#1139 = VECTOR('',#1140,1.);
#1140 = DIRECTION('',(-0.,-0.,-1.));
#1141 = ADVANCED_FACE('',(#1142),#1165,.T.);
#1142 = FACE_BOUND('',#1143,.T.);
#1143 = EDGE_LOOP('',(#1144,#1145,#1152,#1160));
#1144 = ORIENTED_EDGE('',*,*,#1083,.T.);
#1145 = ORIENTED_EDGE('',*,*,#1146,.T.);
#1146 = EDGE_CURVE('',#1057,#1147,#1149,.T.);
#1147 = VERTEX_POINT('',#1148);
#1148 = CARTESIAN_POINT('',(17.831639492969,19.058925284306,10.));
#1149 = B_SPLINE_CURVE_WITH_KNOTS('',1,(#1150,#1151),.UNSPECIFIED.,.F.,
  .F.,(2,2),(0.,1.735644211017),.PIECEWISE_BEZIER_KNOTS.);
#1150 = CARTESIAN_POINT('',(19.058925284306,17.831639492969,10.));
#1151 = CARTESIAN_POINT('',(17.831639492969,19.058925284306,10.));
#1152 = ORIENTED_EDGE('',*,*,#1153,.F.);
#1153 = EDGE_CURVE('',#1154,#1147,#1156,.T.);
#1154 = VERTEX_POINT('',#1155);
#1155 = CARTESIAN_POINT('',(17.831639492969,19.058925284306,0.));
#1156 = LINE('',#1157,#1158);
#1157 = CARTESIAN_POINT('',(17.831639492969,19.058925284306,0.));
#1158 = VECTOR('',#1159,1.);
#1159 = DIRECTION('',(0.,0.,1.));
#1160 = ORIENTED_EDGE('',*,*,#1161,.F.);
#1161 = EDGE_CURVE('',#1084,#1154,#1162,.T.);
#1162 = B_SPLINE_CURVE_WITH_KNOTS('',1,(#1163,#1164),.UNSPECIFIED.,.F.,
  .F.,(2,2),(0.,1.735644211017),.PIECEWISE_BEZIER_KNOTS.);
#1163 = CARTESIAN_POINT('',(19.058925284306,17.831639492969,0.));
#1164 = CARTESIAN_POINT('',(17.831639492969,19.058925284306,0.));
#1165 = SURFACE_OF_LINEAR_EXTRUSION('',#1166,#1169);
#1166 = B_SPLINE_CURVE_WITH_KNOTS('',1,(#1167,#1168),.UNSPECIFIED.,.F.,
  .F.,(2,2),(0.,1.735644211017),.PIECEWISE_BEZIER_KNOTS.);
#1167 = CARTESIAN_POINT('',(19.058925284306,17.831639492969,0.));
#1168 = CARTESIAN_POINT('',(17.831639492969,19.058925284306,0.));
#1169 = VECTOR('',#1170,1.);
#1170 = DIRECTION('',(-0.,-0.,-1.));
#1171 = ADVANCED_FACE('',(#1172),#1235,.T.);
#1172 = FACE_BOUND('',#1173,.T.);
#1173 = EDGE_LOOP('',(#1174,#1175,#1202,#1210));
#1174 = ORIENTED_EDGE('',*,*,#1153,.T.);
#1175 = ORIENTED_EDGE('',*,*,#1176,.T.);
#1176 = EDGE_CURVE('',#1147,#1177,#1179,.T.);
#1177 = VERTEX_POINT('',#1178);
#1178 = CARTESIAN_POINT('',(18.844545831291,21.878041900782,10.));
#1179 = B_SPLINE_CURVE_WITH_KNOTS('',3,(#1180,#1181,#1182,#1183,#1184,
    #1185,#1186,#1187,#1188,#1189,#1190,#1191,#1192,#1193,#1194,#1195,
    #1196,#1197,#1198,#1199,#1200,#1201),.UNSPECIFIED.,.F.,.F.,(4,1,1,1,
    1,1,1,1,1,1,1,1,1,1,1,1,1,1,1,4),(0.,0.100531090486,0.207473237636,
    0.320826441453,0.440590701938,0.566766019094,0.699352392922,
    0.838349823423,0.983758310598,1.135577854448,1.293808454975,
    1.458450112178,1.629502826059,1.806966596619,1.990841423856,
    2.181127307773,2.37782424837,2.580932245646,2.790451299603,
    3.00638141024),.UNSPECIFIED.);
#1180 = CARTESIAN_POINT('',(17.831639492969,19.058925284306,10.));
#1181 = CARTESIAN_POINT('',(17.848153878416,19.088084612976,10.));
#1182 = CARTESIAN_POINT('',(17.881745958779,19.148538681997,10.));
#1183 = CARTESIAN_POINT('',(17.932196869578,19.242837899608,10.));
#1184 = CARTESIAN_POINT('',(17.984078978117,19.343626092305,10.));
#1185 = CARTESIAN_POINT('',(18.037196852781,19.450972177627,10.));
#1186 = CARTESIAN_POINT('',(18.091354737759,19.564939156345,10.));
#1187 = CARTESIAN_POINT('',(18.14635477771,19.685585840027,10.));
#1188 = CARTESIAN_POINT('',(18.201997659068,19.812966299729,10.));
#1189 = CARTESIAN_POINT('',(18.258082549333,19.947129980055,10.));
#1190 = CARTESIAN_POINT('',(18.314407240625,20.088121622981,10.));
#1191 = CARTESIAN_POINT('',(18.370768235187,20.235981249042,10.));
#1192 = CARTESIAN_POINT('',(18.426960848339,20.39074412461,10.));
#1193 = CARTESIAN_POINT('',(18.482779307482,20.552440735419,10.));
#1194 = CARTESIAN_POINT('',(18.538016851887,20.721096761854,10.));
#1195 = CARTESIAN_POINT('',(18.59246583717,20.896733052304,10.));
#1196 = CARTESIAN_POINT('',(18.645917822418,21.079365615325,10.));
#1197 = CARTESIAN_POINT('',(18.698163728274,21.269005547334,10.));
#1198 = CARTESIAN_POINT('',(18.748993718683,21.46565922319,10.));
#1199 = CARTESIAN_POINT('',(18.798198166897,21.66932746713,10.));
#1200 = CARTESIAN_POINT('',(18.82930687018,21.8076965643,10.));
#1201 = CARTESIAN_POINT('',(18.844545831291,21.878041900782,10.));
#1202 = ORIENTED_EDGE('',*,*,#1203,.F.);
#1203 = EDGE_CURVE('',#1204,#1177,#1206,.T.);
#1204 = VERTEX_POINT('',#1205);
#1205 = CARTESIAN_POINT('',(18.844545831291,21.878041900782,0.));
#1206 = LINE('',#1207,#1208);
#1207 = CARTESIAN_POINT('',(18.844545831291,21.878041900782,0.));
#1208 = VECTOR('',#1209,1.);
#1209 = DIRECTION('',(0.,0.,1.));
#1210 = ORIENTED_EDGE('',*,*,#1211,.F.);
#1211 = EDGE_CURVE('',#1154,#1204,#1212,.T.);
#1212 = B_SPLINE_CURVE_WITH_KNOTS('',3,(#1213,#1214,#1215,#1216,#1217,
    #1218,#1219,#1220,#1221,#1222,#1223,#1224,#1225,#1226,#1227,#1228,
    #1229,#1230,#1231,#1232,#1233,#1234),.UNSPECIFIED.,.F.,.F.,(4,1,1,1,
    1,1,1,1,1,1,1,1,1,1,1,1,1,1,1,4),(0.,0.100531090486,0.207473237636,
    0.320826441453,0.440590701938,0.566766019094,0.699352392922,
    0.838349823423,0.983758310598,1.135577854448,1.293808454975,
    1.458450112178,1.629502826059,1.806966596619,1.990841423856,
    2.181127307773,2.37782424837,2.580932245646,2.790451299603,
    3.00638141024),.UNSPECIFIED.);
#1213 = CARTESIAN_POINT('',(17.831639492969,19.058925284306,0.));
#1214 = CARTESIAN_POINT('',(17.848153878416,19.088084612976,0.));
#1215 = CARTESIAN_POINT('',(17.881745958779,19.148538681997,0.));
#1216 = CARTESIAN_POINT('',(17.932196869578,19.242837899608,0.));
#1217 = CARTESIAN_POINT('',(17.984078978117,19.343626092305,0.));
#1218 = CARTESIAN_POINT('',(18.037196852781,19.450972177627,0.));
#1219 = CARTESIAN_POINT('',(18.091354737759,19.564939156345,0.));
#1220 = CARTESIAN_POINT('',(18.14635477771,19.685585840027,0.));
#1221 = CARTESIAN_POINT('',(18.201997659068,19.812966299729,0.));
#1222 = CARTESIAN_POINT('',(18.258082549333,19.947129980055,0.));
#1223 = CARTESIAN_POINT('',(18.314407240625,20.088121622981,0.));
#1224 = CARTESIAN_POINT('',(18.370768235187,20.235981249042,0.));
#1225 = CARTESIAN_POINT('',(18.426960848339,20.39074412461,0.));
#1226 = CARTESIAN_POINT('',(18.482779307482,20.552440735419,0.));
#1227 = CARTESIAN_POINT('',(18.538016851887,20.721096761854,0.));
#1228 = CARTESIAN_POINT('',(18.59246583717,20.896733052304,0.));
#1229 = CARTESIAN_POINT('',(18.645917822418,21.079365615325,0.));
#1230 = CARTESIAN_POINT('',(18.698163728274,21.269005547334,0.));
#1231 = CARTESIAN_POINT('',(18.748993718683,21.46565922319,0.));
#1232 = CARTESIAN_POINT('',(18.798198166897,21.66932746713,0.));
#1233 = CARTESIAN_POINT('',(18.82930687018,21.8076965643,0.));
#1234 = CARTESIAN_POINT('',(18.844545831291,21.878041900782,0.));
#1235 = SURFACE_OF_LINEAR_EXTRUSION('',#1236,#1259);
#1236 = B_SPLINE_CURVE_WITH_KNOTS('',3,(#1237,#1238,#1239,#1240,#1241,
    #1242,#1243,#1244,#1245,#1246,#1247,#1248,#1249,#1250,#1251,#1252,
    #1253,#1254,#1255,#1256,#1257,#1258),.UNSPECIFIED.,.F.,.F.,(4,1,1,1,
    1,1,1,1,1,1,1,1,1,1,1,1,1,1,1,4),(0.,0.100531090486,0.207473237636,
    0.320826441453,0.440590701938,0.566766019094,0.699352392922,
    0.838349823423,0.983758310598,1.135577854448,1.293808454975,
    1.458450112178,1.629502826059,1.806966596619,1.990841423856,
    2.181127307773,2.37782424837,2.580932245646,2.790451299603,
    3.00638141024),.UNSPECIFIED.);
#1237 = CARTESIAN_POINT('',(17.831639492969,19.058925284306,0.));
#1238 = CARTESIAN_POINT('',(17.848153878416,19.088084612976,0.));
#1239 = CARTESIAN_POINT('',(17.881745958779,19.148538681997,0.));
#1240 = CARTESIAN_POINT('',(17.932196869578,19.242837899608,0.));
#1241 = CARTESIAN_POINT('',(17.984078978117,19.343626092305,0.));
#1242 = CARTESIAN_POINT('',(18.037196852781,19.450972177627,0.));
#1243 = CARTESIAN_POINT('',(18.091354737759,19.564939156345,0.));
#1244 = CARTESIAN_POINT('',(18.14635477771,19.685585840027,0.));
#1245 = CARTESIAN_POINT('',(18.201997659068,19.812966299729,0.));
#1246 = CARTESIAN_POINT('',(18.258082549333,19.947129980055,0.));
#1247 = CARTESIAN_POINT('',(18.314407240625,20.088121622981,0.));
#1248 = CARTESIAN_POINT('',(18.370768235187,20.235981249042,0.));
#1249 = CARTESIAN_POINT('',(18.426960848339,20.39074412461,0.));
#1250 = CARTESIAN_POINT('',(18.482779307482,20.552440735419,0.));
#1251 = CARTESIAN_POINT('',(18.538016851887,20.721096761854,0.));
#1252 = CARTESIAN_POINT('',(18.59246583717,20.896733052304,0.));
#1253 = CARTESIAN_POINT('',(18.645917822418,21.079365615325,0.));
#1254 = CARTESIAN_POINT('',(18.698163728274,21.269005547334,0.));
#1255 = CARTESIAN_POINT('',(18.748993718683,21.46565922319,0.));
#1256 = CARTESIAN_POINT('',(18.798198166897,21.66932746713,0.));
#1257 = CARTESIAN_POINT('',(18.82930687018,21.8076965643,0.));
#1258 = CARTESIAN_POINT('',(18.844545831291,21.878041900782,0.));
#1259 = VECTOR('',#1260,1.);
#1260 = DIRECTION('',(-0.,-0.,-1.));
#1261 = ADVANCED_FACE('',(#1262),#1285,.T.);
#1262 = FACE_BOUND('',#1263,.T.);
#1263 = EDGE_LOOP('',(#1264,#1265,#1272,#1280));
#1264 = ORIENTED_EDGE('',*,*,#1203,.T.);
#1265 = ORIENTED_EDGE('',*,*,#1266,.T.);
#1266 = EDGE_CURVE('',#1177,#1267,#1269,.T.);
#1267 = VERTEX_POINT('',#1268);
#1268 = CARTESIAN_POINT('',(18.273344242052,22.357336943641,10.));
#1269 = B_SPLINE_CURVE_WITH_KNOTS('',1,(#1270,#1271),.UNSPECIFIED.,.F.,
  .F.,(2,2),(0.,0.745650718271),.PIECEWISE_BEZIER_KNOTS.);
#1270 = CARTESIAN_POINT('',(18.844545831291,21.878041900782,10.));
#1271 = CARTESIAN_POINT('',(18.273344242052,22.357336943641,10.));
#1272 = ORIENTED_EDGE('',*,*,#1273,.F.);
#1273 = EDGE_CURVE('',#1274,#1267,#1276,.T.);
#1274 = VERTEX_POINT('',#1275);
#1275 = CARTESIAN_POINT('',(18.273344242052,22.357336943641,0.));
#1276 = LINE('',#1277,#1278);
#1277 = CARTESIAN_POINT('',(18.273344242052,22.357336943641,0.));
#1278 = VECTOR('',#1279,1.);
#1279 = DIRECTION('',(0.,0.,1.));
#1280 = ORIENTED_EDGE('',*,*,#1281,.F.);
#1281 = EDGE_CURVE('',#1204,#1274,#1282,.T.);
#1282 = B_SPLINE_CURVE_WITH_KNOTS('',1,(#1283,#1284),.UNSPECIFIED.,.F.,
  .F.,(2,2),(0.,0.745650718271),.PIECEWISE_BEZIER_KNOTS.);
#1283 = CARTESIAN_POINT('',(18.844545831291,21.878041900782,0.));
#1284 = CARTESIAN_POINT('',(18.273344242052,22.357336943641,0.));
#1285 = SURFACE_OF_LINEAR_EXTRUSION('',#1286,#1289);
#1286 = B_SPLINE_CURVE_WITH_KNOTS('',1,(#1287,#1288),.UNSPECIFIED.,.F.,
  .F.,(2,2),(0.,0.745650718271),.PIECEWISE_BEZIER_KNOTS.);
#1287 = CARTESIAN_POINT('',(18.844545831291,21.878041900782,0.));
#1288 = CARTESIAN_POINT('',(18.273344242052,22.357336943641,0.));
#1289 = VECTOR('',#1290,1.);
#1290 = DIRECTION('',(-0.,-0.,-1.));
#1291 = ADVANCED_FACE('',(#1292),#1355,.T.);
#1292 = FACE_BOUND('',#1293,.T.);
#1293 = EDGE_LOOP('',(#1294,#1295,#1322,#1330));
#1294 = ORIENTED_EDGE('',*,*,#1273,.T.);
#1295 = ORIENTED_EDGE('',*,*,#1296,.T.);
#1296 = EDGE_CURVE('',#1267,#1297,#1299,.T.);
#1297 = VERTEX_POINT('',#1298);
#1298 = CARTESIAN_POINT('',(15.672945681298,20.870284465505,10.));
#1299 = B_SPLINE_CURVE_WITH_KNOTS('',3,(#1300,#1301,#1302,#1303,#1304,
    #1305,#1306,#1307,#1308,#1309,#1310,#1311,#1312,#1313,#1314,#1315,
    #1316,#1317,#1318,#1319,#1320,#1321),.UNSPECIFIED.,.F.,.F.,(4,1,1,1,
    1,1,1,1,1,1,1,1,1,1,1,1,1,1,1,4),(0.,0.215930110637,0.425449164594,
    0.62855716187,0.825254102467,1.015539986384,1.199414813622,
    1.376878584181,1.547931298062,1.712572955265,1.870803555792,
    2.022623099642,2.168031586817,2.307029017318,2.439615391146,
    2.565790708302,2.685554968787,2.798908172604,2.905850319754,
    3.00638141024),.UNSPECIFIED.);
#1300 = CARTESIAN_POINT('',(18.273344242052,22.357336943641,10.));
#1301 = CARTESIAN_POINT('',(18.206713827122,22.330114157104,10.));
#1302 = CARTESIAN_POINT('',(18.075848837086,22.275450523356,10.));
#1303 = CARTESIAN_POINT('',(17.883819034178,22.191626981863,10.));
#1304 = CARTESIAN_POINT('',(17.698979504742,22.107420660778,10.));
#1305 = CARTESIAN_POINT('',(17.52129303576,22.023037859022,10.));
#1306 = CARTESIAN_POINT('',(17.350716911576,21.938684117785,10.));
#1307 = CARTESIAN_POINT('',(17.187203898101,21.854563413165,10.));
#1308 = CARTESIAN_POINT('',(17.0307020346,21.770878239535,10.));
#1309 = CARTESIAN_POINT('',(16.881154732351,21.687829466408,10.));
#1310 = CARTESIAN_POINT('',(16.738500797485,21.605616254001,10.));
#1311 = CARTESIAN_POINT('',(16.602674475379,21.524435954973,10.));
#1312 = CARTESIAN_POINT('',(16.473605492317,21.444484020442,10.));
#1313 = CARTESIAN_POINT('',(16.351219098748,21.365953907084,10.));
#1314 = CARTESIAN_POINT('',(16.235436119399,21.289036981426,10.));
#1315 = CARTESIAN_POINT('',(16.126172986643,21.213922438903,10.));
#1316 = CARTESIAN_POINT('',(16.023341840446,21.140797175721,10.));
#1317 = CARTESIAN_POINT('',(15.926850405503,21.069845828832,10.));
#1318 = CARTESIAN_POINT('',(15.836602645524,21.001250240109,10.));
#1319 = CARTESIAN_POINT('',(15.75249675364,20.935190904714,10.));
#1320 = CARTESIAN_POINT('',(15.698794321306,20.891611424615,10.));
#1321 = CARTESIAN_POINT('',(15.672945681298,20.870284465505,10.));
#1322 = ORIENTED_EDGE('',*,*,#1323,.F.);
#1323 = EDGE_CURVE('',#1324,#1297,#1326,.T.);
#1324 = VERTEX_POINT('',#1325);
#1325 = CARTESIAN_POINT('',(15.672945681298,20.870284465505,0.));
#1326 = LINE('',#1327,#1328);
#1327 = CARTESIAN_POINT('',(15.672945681298,20.870284465505,0.));
#1328 = VECTOR('',#1329,1.);
#1329 = DIRECTION('',(0.,0.,1.));
#1330 = ORIENTED_EDGE('',*,*,#1331,.F.);
#1331 = EDGE_CURVE('',#1274,#1324,#1332,.T.);
#1332 = B_SPLINE_CURVE_WITH_KNOTS('',3,(#1333,#1334,#1335,#1336,#1337,
    #1338,#1339,#1340,#1341,#1342,#1343,#1344,#1345,#1346,#1347,#1348,
    #1349,#1350,#1351,#1352,#1353,#1354),.UNSPECIFIED.,.F.,.F.,(4,1,1,1,
    1,1,1,1,1,1,1,1,1,1,1,1,1,1,1,4),(0.,0.215930110637,0.425449164594,
    0.62855716187,0.825254102467,1.015539986384,1.199414813622,
    1.376878584181,1.547931298062,1.712572955265,1.870803555792,
    2.022623099642,2.168031586817,2.307029017318,2.439615391146,
    2.565790708302,2.685554968787,2.798908172604,2.905850319754,
    3.00638141024),.UNSPECIFIED.);
#1333 = CARTESIAN_POINT('',(18.273344242052,22.357336943641,0.));
#1334 = CARTESIAN_POINT('',(18.206713827122,22.330114157104,0.));
#1335 = CARTESIAN_POINT('',(18.075848837086,22.275450523356,0.));
#1336 = CARTESIAN_POINT('',(17.883819034178,22.191626981863,0.));
#1337 = CARTESIAN_POINT('',(17.698979504742,22.107420660778,0.));
#1338 = CARTESIAN_POINT('',(17.52129303576,22.023037859022,0.));
#1339 = CARTESIAN_POINT('',(17.350716911576,21.938684117785,0.));
#1340 = CARTESIAN_POINT('',(17.187203898101,21.854563413165,0.));
#1341 = CARTESIAN_POINT('',(17.0307020346,21.770878239535,0.));
#1342 = CARTESIAN_POINT('',(16.881154732351,21.687829466408,0.));
#1343 = CARTESIAN_POINT('',(16.738500797485,21.605616254001,0.));
#1344 = CARTESIAN_POINT('',(16.602674475379,21.524435954973,0.));
#1345 = CARTESIAN_POINT('',(16.473605492317,21.444484020442,0.));
#1346 = CARTESIAN_POINT('',(16.351219098748,21.365953907084,0.));
#1347 = CARTESIAN_POINT('',(16.235436119399,21.289036981426,0.));
#1348 = CARTESIAN_POINT('',(16.126172986643,21.213922438903,0.));
#1349 = CARTESIAN_POINT('',(16.023341840446,21.140797175721,0.));
#1350 = CARTESIAN_POINT('',(15.926850405503,21.069845828832,0.));
#1351 = CARTESIAN_POINT('',(15.836602645524,21.001250240109,0.));
#1352 = CARTESIAN_POINT('',(15.75249675364,20.935190904714,0.));
#1353 = CARTESIAN_POINT('',(15.698794321306,20.891611424615,0.));
#1354 = CARTESIAN_POINT('',(15.672945681298,20.870284465505,0.));
#1355 = SURFACE_OF_LINEAR_EXTRUSION('',#1356,#1379);
#1356 = B_SPLINE_CURVE_WITH_KNOTS('',3,(#1357,#1358,#1359,#1360,#1361,
    #1362,#1363,#1364,#1365,#1366,#1367,#1368,#1369,#1370,#1371,#1372,
    #1373,#1374,#1375,#1376,#1377,#1378),.UNSPECIFIED.,.F.,.F.,(4,1,1,1,
    1,1,1,1,1,1,1,1,1,1,1,1,1,1,1,4),(0.,0.215930110637,0.425449164594,
    0.62855716187,0.825254102467,1.015539986384,1.199414813622,
    1.376878584181,1.547931298062,1.712572955265,1.870803555792,
    2.022623099642,2.168031586817,2.307029017318,2.439615391146,
    2.565790708302,2.685554968787,2.798908172604,2.905850319754,
    3.00638141024),.UNSPECIFIED.);
#1357 = CARTESIAN_POINT('',(18.273344242052,22.357336943641,0.));
#1358 = CARTESIAN_POINT('',(18.206713827122,22.330114157104,0.));
#1359 = CARTESIAN_POINT('',(18.075848837086,22.275450523356,0.));
#1360 = CARTESIAN_POINT('',(17.883819034178,22.191626981863,0.));
#1361 = CARTESIAN_POINT('',(17.698979504742,22.107420660778,0.));
#1362 = CARTESIAN_POINT('',(17.52129303576,22.023037859022,0.));
#1363 = CARTESIAN_POINT('',(17.350716911576,21.938684117785,0.));
#1364 = CARTESIAN_POINT('',(17.187203898101,21.854563413165,0.));
#1365 = CARTESIAN_POINT('',(17.0307020346,21.770878239535,0.));
#1366 = CARTESIAN_POINT('',(16.881154732351,21.687829466408,0.));
#1367 = CARTESIAN_POINT('',(16.738500797485,21.605616254001,0.));
#1368 = CARTESIAN_POINT('',(16.602674475379,21.524435954973,0.));
#1369 = CARTESIAN_POINT('',(16.473605492317,21.444484020442,0.));
#1370 = CARTESIAN_POINT('',(16.351219098748,21.365953907084,0.));
#1371 = CARTESIAN_POINT('',(16.235436119399,21.289036981426,0.));
#1372 = CARTESIAN_POINT('',(16.126172986643,21.213922438903,0.));
#1373 = CARTESIAN_POINT('',(16.023341840446,21.140797175721,0.));
#1374 = CARTESIAN_POINT('',(15.926850405503,21.069845828832,0.));
#1375 = CARTESIAN_POINT('',(15.836602645524,21.001250240109,0.));
#1376 = CARTESIAN_POINT('',(15.75249675364,20.935190904714,0.));
#1377 = CARTESIAN_POINT('',(15.698794321306,20.891611424615,0.));
#1378 = CARTESIAN_POINT('',(15.672945681298,20.870284465505,0.));
#1379 = VECTOR('',#1380,1.);
#1380 = DIRECTION('',(-0.,-0.,-1.));
#1381 = ADVANCED_FACE('',(#1382),#1405,.T.);
#1382 = FACE_BOUND('',#1383,.T.);
#1383 = EDGE_LOOP('',(#1384,#1385,#1392,#1400));
#1384 = ORIENTED_EDGE('',*,*,#1323,.T.);
#1385 = ORIENTED_EDGE('',*,*,#1386,.T.);
#1386 = EDGE_CURVE('',#1297,#1387,#1389,.T.);
#1387 = VERTEX_POINT('',#1388);
#1388 = CARTESIAN_POINT('',(14.251189177685,21.865809086833,10.));
#1389 = B_SPLINE_CURVE_WITH_KNOTS('',1,(#1390,#1391),.UNSPECIFIED.,.F.,
  .F.,(2,2),(0.,1.735644211017),.PIECEWISE_BEZIER_KNOTS.);
#1390 = CARTESIAN_POINT('',(15.672945681298,20.870284465505,10.));
#1391 = CARTESIAN_POINT('',(14.251189177685,21.865809086833,10.));
#1392 = ORIENTED_EDGE('',*,*,#1393,.F.);
#1393 = EDGE_CURVE('',#1394,#1387,#1396,.T.);
#1394 = VERTEX_POINT('',#1395);
#1395 = CARTESIAN_POINT('',(14.251189177685,21.865809086833,0.));
#1396 = LINE('',#1397,#1398);
#1397 = CARTESIAN_POINT('',(14.251189177685,21.865809086833,0.));
#1398 = VECTOR('',#1399,1.);
#1399 = DIRECTION('',(0.,0.,1.));
#1400 = ORIENTED_EDGE('',*,*,#1401,.F.);
#1401 = EDGE_CURVE('',#1324,#1394,#1402,.T.);
#1402 = B_SPLINE_CURVE_WITH_KNOTS('',1,(#1403,#1404),.UNSPECIFIED.,.F.,
  .F.,(2,2),(0.,1.735644211017),.PIECEWISE_BEZIER_KNOTS.);
#1403 = CARTESIAN_POINT('',(15.672945681298,20.870284465505,0.));
#1404 = CARTESIAN_POINT('',(14.251189177685,21.865809086833,0.));
#1405 = SURFACE_OF_LINEAR_EXTRUSION('',#1406,#1409);
#1406 = B_SPLINE_CURVE_WITH_KNOTS('',1,(#1407,#1408),.UNSPECIFIED.,.F.,
  .F.,(2,2),(0.,1.735644211017),.PIECEWISE_BEZIER_KNOTS.);
#1407 = CARTESIAN_POINT('',(15.672945681298,20.870284465505,0.));
#1408 = CARTESIAN_POINT('',(14.251189177685,21.865809086833,0.));
#1409 = VECTOR('',#1410,1.);
#1410 = DIRECTION('',(-0.,-0.,-1.));
#1411 = ADVANCED_FACE('',(#1412),#1475,.T.);
#1412 = FACE_BOUND('',#1413,.T.);
#1413 = EDGE_LOOP('',(#1414,#1415,#1442,#1450));
#1414 = ORIENTED_EDGE('',*,*,#1393,.T.);
#1415 = ORIENTED_EDGE('',*,*,#1416,.T.);
#1416 = EDGE_CURVE('',#1387,#1417,#1419,.T.);
#1417 = VERTEX_POINT('',#1418);
#1418 = CARTESIAN_POINT('',(14.759172729658,24.817986327181,10.));
#1419 = B_SPLINE_CURVE_WITH_KNOTS('',3,(#1420,#1421,#1422,#1423,#1424,
    #1425,#1426,#1427,#1428,#1429,#1430,#1431,#1432,#1433,#1434,#1435,
    #1436,#1437,#1438,#1439,#1440,#1441),.UNSPECIFIED.,.F.,.F.,(4,1,1,1,
    1,1,1,1,1,1,1,1,1,1,1,1,1,1,1,4),(0.,0.100531090486,0.207473237636,
    0.320826441453,0.440590701938,0.566766019094,0.699352392922,
    0.838349823423,0.983758310598,1.135577854448,1.293808454975,
    1.458450112178,1.629502826059,1.806966596619,1.990841423856,
    2.181127307773,2.37782424837,2.580932245646,2.790451299603,
    3.00638141024),.UNSPECIFIED.);
#1420 = CARTESIAN_POINT('',(14.251189177685,21.865809086833,10.));
#1421 = CARTESIAN_POINT('',(14.262389208224,21.897393112718,10.));
#1422 = CARTESIAN_POINT('',(14.284973210487,21.96276195213,10.));
#1423 = CARTESIAN_POINT('',(14.318282771294,22.064389261458,10.));
#1424 = CARTESIAN_POINT('',(14.351874988034,22.172655488639,10.));
#1425 = CARTESIAN_POINT('',(14.385545430731,22.287594567856,10.));
#1426 = CARTESIAN_POINT('',(14.419090377575,22.409234550119,10.));
#1427 = CARTESIAN_POINT('',(14.452304766572,22.537598996293,10.));
#1428 = CARTESIAN_POINT('',(14.484982922836,22.672706545538,10.));
#1429 = CARTESIAN_POINT('',(14.516918478998,22.814571017085,10.));
#1430 = CARTESIAN_POINT('',(14.547904529808,22.963201360148,10.));
#1431 = CARTESIAN_POINT('',(14.577733719604,23.118601650248,10.));
#1432 = CARTESIAN_POINT('',(14.606198349385,23.280771074858,10.));
#1433 = CARTESIAN_POINT('',(14.633090478909,23.449703924529,10.));
#1434 = CARTESIAN_POINT('',(14.658202029253,23.625389585878,10.));
#1435 = CARTESIAN_POINT('',(14.681324890335,23.807812533494,10.));
#1436 = CARTESIAN_POINT('',(14.702251008069,23.996952337341,10.));
#1437 = CARTESIAN_POINT('',(14.720772552613,24.192783619007,10.));
#1438 = CARTESIAN_POINT('',(14.73668176881,24.395276218854,10.));
#1439 = CARTESIAN_POINT('',(14.749772071485,24.604394547293,10.));
#1440 = CARTESIAN_POINT('',(14.756380622096,24.746063476599,10.));
#1441 = CARTESIAN_POINT('',(14.759172729658,24.817986327181,10.));
#1442 = ORIENTED_EDGE('',*,*,#1443,.F.);
#1443 = EDGE_CURVE('',#1444,#1417,#1446,.T.);
#1444 = VERTEX_POINT('',#1445);
#1445 = CARTESIAN_POINT('',(14.759172729658,24.817986327181,0.));
#1446 = LINE('',#1447,#1448);
#1447 = CARTESIAN_POINT('',(14.759172729658,24.817986327181,0.));
#1448 = VECTOR('',#1449,1.);
#1449 = DIRECTION('',(0.,0.,1.));
#1450 = ORIENTED_EDGE('',*,*,#1451,.F.);
#1451 = EDGE_CURVE('',#1394,#1444,#1452,.T.);
#1452 = B_SPLINE_CURVE_WITH_KNOTS('',3,(#1453,#1454,#1455,#1456,#1457,
    #1458,#1459,#1460,#1461,#1462,#1463,#1464,#1465,#1466,#1467,#1468,
    #1469,#1470,#1471,#1472,#1473,#1474),.UNSPECIFIED.,.F.,.F.,(4,1,1,1,
    1,1,1,1,1,1,1,1,1,1,1,1,1,1,1,4),(0.,0.100531090486,0.207473237636,
    0.320826441453,0.440590701938,0.566766019094,0.699352392922,
    0.838349823423,0.983758310598,1.135577854448,1.293808454975,
    1.458450112178,1.629502826059,1.806966596619,1.990841423856,
    2.181127307773,2.37782424837,2.580932245646,2.790451299603,
    3.00638141024),.UNSPECIFIED.);
#1453 = CARTESIAN_POINT('',(14.251189177685,21.865809086833,0.));
#1454 = CARTESIAN_POINT('',(14.262389208224,21.897393112718,0.));
#1455 = CARTESIAN_POINT('',(14.284973210487,21.96276195213,0.));
#1456 = CARTESIAN_POINT('',(14.318282771294,22.064389261458,0.));
#1457 = CARTESIAN_POINT('',(14.351874988034,22.172655488639,0.));
#1458 = CARTESIAN_POINT('',(14.385545430731,22.287594567856,0.));
#1459 = CARTESIAN_POINT('',(14.419090377575,22.409234550119,0.));
#1460 = CARTESIAN_POINT('',(14.452304766572,22.537598996293,0.));
#1461 = CARTESIAN_POINT('',(14.484982922836,22.672706545538,0.));
#1462 = CARTESIAN_POINT('',(14.516918478998,22.814571017085,0.));
#1463 = CARTESIAN_POINT('',(14.547904529808,22.963201360148,0.));
#1464 = CARTESIAN_POINT('',(14.577733719604,23.118601650248,0.));
#1465 = CARTESIAN_POINT('',(14.606198349385,23.280771074858,0.));
#1466 = CARTESIAN_POINT('',(14.633090478909,23.449703924529,0.));
#1467 = CARTESIAN_POINT('',(14.658202029253,23.625389585878,0.));
#1468 = CARTESIAN_POINT('',(14.681324890335,23.807812533494,0.));
#1469 = CARTESIAN_POINT('',(14.702251008069,23.996952337341,0.));
#1470 = CARTESIAN_POINT('',(14.720772552613,24.192783619007,0.));
#1471 = CARTESIAN_POINT('',(14.73668176881,24.395276218854,0.));
#1472 = CARTESIAN_POINT('',(14.749772071485,24.604394547293,0.));
#1473 = CARTESIAN_POINT('',(14.756380622096,24.746063476599,0.));
#1474 = CARTESIAN_POINT('',(14.759172729658,24.817986327181,0.));
#1475 = SURFACE_OF_LINEAR_EXTRUSION('',#1476,#1499);
#1476 = B_SPLINE_CURVE_WITH_KNOTS('',3,(#1477,#1478,#1479,#1480,#1481,
    #1482,#1483,#1484,#1485,#1486,#1487,#1488,#1489,#1490,#1491,#1492,
    #1493,#1494,#1495,#1496,#1497,#1498),.UNSPECIFIED.,.F.,.F.,(4,1,1,1,
    1,1,1,1,1,1,1,1,1,1,1,1,1,1,1,4),(0.,0.100531090486,0.207473237636,
    0.320826441453,0.440590701938,0.566766019094,0.699352392922,
    0.838349823423,0.983758310598,1.135577854448,1.293808454975,
    1.458450112178,1.629502826059,1.806966596619,1.990841423856,
    2.181127307773,2.37782424837,2.580932245646,2.790451299603,
    3.00638141024),.UNSPECIFIED.);
#1477 = CARTESIAN_POINT('',(14.251189177685,21.865809086833,0.));
#1478 = CARTESIAN_POINT('',(14.262389208224,21.897393112718,0.));
#1479 = CARTESIAN_POINT('',(14.284973210487,21.96276195213,0.));
#1480 = CARTESIAN_POINT('',(14.318282771294,22.064389261458,0.));
#1481 = CARTESIAN_POINT('',(14.351874988034,22.172655488639,0.));
#1482 = CARTESIAN_POINT('',(14.385545430731,22.287594567856,0.));
#1483 = CARTESIAN_POINT('',(14.419090377575,22.409234550119,0.));
#1484 = CARTESIAN_POINT('',(14.452304766572,22.537598996293,0.));
#1485 = CARTESIAN_POINT('',(14.484982922836,22.672706545538,0.));
#1486 = CARTESIAN_POINT('',(14.516918478998,22.814571017085,0.));
#1487 = CARTESIAN_POINT('',(14.547904529808,22.963201360148,0.));
#1488 = CARTESIAN_POINT('',(14.577733719604,23.118601650248,0.));
#1489 = CARTESIAN_POINT('',(14.606198349385,23.280771074858,0.));
#1490 = CARTESIAN_POINT('',(14.633090478909,23.449703924529,0.));
#1491 = CARTESIAN_POINT('',(14.658202029253,23.625389585878,0.));
#1492 = CARTESIAN_POINT('',(14.681324890335,23.807812533494,0.));
#1493 = CARTESIAN_POINT('',(14.702251008069,23.996952337341,0.));
#1494 = CARTESIAN_POINT('',(14.720772552613,24.192783619007,0.));
#1495 = CARTESIAN_POINT('',(14.73668176881,24.395276218854,0.));
#1496 = CARTESIAN_POINT('',(14.749772071485,24.604394547293,0.));
#1497 = CARTESIAN_POINT('',(14.756380622096,24.746063476599,0.));
#1498 = CARTESIAN_POINT('',(14.759172729658,24.817986327181,0.));
#1499 = VECTOR('',#1500,1.);
#1500 = DIRECTION('',(-0.,-0.,-1.));
#1501 = ADVANCED_FACE('',(#1502),#1525,.T.);
#1502 = FACE_BOUND('',#1503,.T.);
#1503 = EDGE_LOOP('',(#1504,#1505,#1512,#1520));
#1504 = ORIENTED_EDGE('',*,*,#1443,.T.);
#1505 = ORIENTED_EDGE('',*,*,#1506,.T.);
#1506 = EDGE_CURVE('',#1417,#1507,#1509,.T.);
#1507 = VERTEX_POINT('',#1508);
#1508 = CARTESIAN_POINT('',(14.113420265285,25.190811686316,10.));
#1509 = B_SPLINE_CURVE_WITH_KNOTS('',1,(#1510,#1511),.UNSPECIFIED.,.F.,
  .F.,(2,2),(0.,0.745650718271),.PIECEWISE_BEZIER_KNOTS.);
#1510 = CARTESIAN_POINT('',(14.759172729658,24.817986327181,10.));
#1511 = CARTESIAN_POINT('',(14.113420265285,25.190811686316,10.));
#1512 = ORIENTED_EDGE('',*,*,#1513,.F.);
#1513 = EDGE_CURVE('',#1514,#1507,#1516,.T.);
#1514 = VERTEX_POINT('',#1515);
#1515 = CARTESIAN_POINT('',(14.113420265285,25.190811686316,0.));
#1516 = LINE('',#1517,#1518);
#1517 = CARTESIAN_POINT('',(14.113420265285,25.190811686316,0.));
#1518 = VECTOR('',#1519,1.);
#1519 = DIRECTION('',(0.,0.,1.));
#1520 = ORIENTED_EDGE('',*,*,#1521,.F.);
#1521 = EDGE_CURVE('',#1444,#1514,#1522,.T.);
#1522 = B_SPLINE_CURVE_WITH_KNOTS('',1,(#1523,#1524),.UNSPECIFIED.,.F.,
  .F.,(2,2),(0.,0.745650718271),.PIECEWISE_BEZIER_KNOTS.);
#1523 = CARTESIAN_POINT('',(14.759172729658,24.817986327181,0.));
#1524 = CARTESIAN_POINT('',(14.113420265285,25.190811686316,0.));
#1525 = SURFACE_OF_LINEAR_EXTRUSION('',#1526,#1529);
#1526 = B_SPLINE_CURVE_WITH_KNOTS('',1,(#1527,#1528),.UNSPECIFIED.,.F.,
  .F.,(2,2),(0.,0.745650718271),.PIECEWISE_BEZIER_KNOTS.);
#1527 = CARTESIAN_POINT('',(14.759172729658,24.817986327181,0.));
#1528 = CARTESIAN_POINT('',(14.113420265285,25.190811686316,0.));
#1529 = VECTOR('',#1530,1.);
#1530 = DIRECTION('',(-0.,-0.,-1.));
#1531 = ADVANCED_FACE('',(#1532),#1595,.T.);
#1532 = FACE_BOUND('',#1533,.T.);
#1533 = EDGE_LOOP('',(#1534,#1535,#1562,#1570));
#1534 = ORIENTED_EDGE('',*,*,#1513,.T.);
#1535 = ORIENTED_EDGE('',*,*,#1536,.T.);
#1536 = EDGE_CURVE('',#1507,#1537,#1539,.T.);
#1537 = VERTEX_POINT('',#1538);
#1538 = CARTESIAN_POINT('',(11.810751554656,23.27479640543,10.));
#1539 = B_SPLINE_CURVE_WITH_KNOTS('',3,(#1540,#1541,#1542,#1543,#1544,
    #1545,#1546,#1547,#1548,#1549,#1550,#1551,#1552,#1553,#1554,#1555,
    #1556,#1557,#1558,#1559,#1560,#1561),.UNSPECIFIED.,.F.,.F.,(4,1,1,1,
    1,1,1,1,1,1,1,1,1,1,1,1,1,1,1,4),(0.,0.215930110637,0.425449164594,
    0.62855716187,0.825254102467,1.015539986384,1.199414813622,
    1.376878584181,1.547931298062,1.712572955265,1.870803555792,
    2.022623099642,2.168031586817,2.307029017318,2.439615391146,
    2.565790708302,2.685554968787,2.798908172604,2.905850319754,
    3.00638141024),.UNSPECIFIED.);
#1540 = CARTESIAN_POINT('',(14.113420265285,25.190811686316,10.));
#1541 = CARTESIAN_POINT('',(14.052529303349,25.152432224947,10.));
#1542 = CARTESIAN_POINT('',(13.933144686949,25.075874587583,10.));
#1543 = CARTESIAN_POINT('',(13.758588053461,24.959978888703,10.));
#1544 = CARTESIAN_POINT('',(13.591178926013,24.8449548034,10.));
#1545 = CARTESIAN_POINT('',(13.430844833507,24.730999034474,10.));
#1546 = CARTESIAN_POINT('',(13.277508017376,24.61830658299,10.));
#1547 = CARTESIAN_POINT('',(13.131086541049,24.507070124077,10.));
#1548 = CARTESIAN_POINT('',(12.991494070411,24.397480052876,10.));
#1549 = CARTESIAN_POINT('',(12.858639995825,24.289724360711,10.));
#1550 = CARTESIAN_POINT('',(12.732429469286,24.183988555906,10.));
#1551 = CARTESIAN_POINT('',(12.612763465202,24.080455574719,10.));
#1552 = CARTESIAN_POINT('',(12.499538837741,23.979305696022,10.));
#1553 = CARTESIAN_POINT('',(12.392648379568,23.880716457328,10.));
#1554 = CARTESIAN_POINT('',(12.291980887811,23.784862569233,10.));
#1555 = CARTESIAN_POINT('',(12.197421210979,23.691915841503,10.));
#1556 = CARTESIAN_POINT('',(12.108850369646,23.602045074236,10.));
#1557 = CARTESIAN_POINT('',(12.026145428505,23.515416075895,10.));
#1558 = CARTESIAN_POINT('',(11.949180233764,23.432191249239,10.));
#1559 = CARTESIAN_POINT('',(11.877823182571,23.352530668727,10.));
#1560 = CARTESIAN_POINT('',(11.832504108156,23.300287929342,10.));
#1561 = CARTESIAN_POINT('',(11.810751554656,23.27479640543,10.));
#1562 = ORIENTED_EDGE('',*,*,#1563,.F.);
#1563 = EDGE_CURVE('',#1564,#1537,#1566,.T.);
#1564 = VERTEX_POINT('',#1565);
#1565 = CARTESIAN_POINT('',(11.810751554656,23.27479640543,0.));
#1566 = LINE('',#1567,#1568);
#1567 = CARTESIAN_POINT('',(11.810751554656,23.27479640543,0.));
#1568 = VECTOR('',#1569,1.);
#1569 = DIRECTION('',(0.,0.,1.));
#1570 = ORIENTED_EDGE('',*,*,#1571,.F.);
#1571 = EDGE_CURVE('',#1514,#1564,#1572,.T.);
#1572 = B_SPLINE_CURVE_WITH_KNOTS('',3,(#1573,#1574,#1575,#1576,#1577,
    #1578,#1579,#1580,#1581,#1582,#1583,#1584,#1585,#1586,#1587,#1588,
    #1589,#1590,#1591,#1592,#1593,#1594),.UNSPECIFIED.,.F.,.F.,(4,1,1,1,
    1,1,1,1,1,1,1,1,1,1,1,1,1,1,1,4),(0.,0.215930110637,0.425449164594,
    0.62855716187,0.825254102467,1.015539986384,1.199414813622,
    1.376878584181,1.547931298062,1.712572955265,1.870803555792,
    2.022623099642,2.168031586817,2.307029017318,2.439615391146,
    2.565790708302,2.685554968787,2.798908172604,2.905850319754,
    3.00638141024),.UNSPECIFIED.);
#1573 = CARTESIAN_POINT('',(14.113420265285,25.190811686316,0.));
#1574 = CARTESIAN_POINT('',(14.052529303349,25.152432224947,0.));
#1575 = CARTESIAN_POINT('',(13.933144686949,25.075874587583,0.));
#1576 = CARTESIAN_POINT('',(13.758588053461,24.959978888703,0.));
#1577 = CARTESIAN_POINT('',(13.591178926013,24.8449548034,0.));
#1578 = CARTESIAN_POINT('',(13.430844833507,24.730999034474,0.));
#1579 = CARTESIAN_POINT('',(13.277508017376,24.61830658299,0.));
#1580 = CARTESIAN_POINT('',(13.131086541049,24.507070124077,0.));
#1581 = CARTESIAN_POINT('',(12.991494070411,24.397480052876,0.));
#1582 = CARTESIAN_POINT('',(12.858639995825,24.289724360711,0.));
#1583 = CARTESIAN_POINT('',(12.732429469286,24.183988555906,0.));
#1584 = CARTESIAN_POINT('',(12.612763465202,24.080455574719,0.));
#1585 = CARTESIAN_POINT('',(12.499538837741,23.979305696022,0.));
#1586 = CARTESIAN_POINT('',(12.392648379568,23.880716457328,0.));
#1587 = CARTESIAN_POINT('',(12.291980887811,23.784862569233,0.));
#1588 = CARTESIAN_POINT('',(12.197421210979,23.691915841503,0.));
#1589 = CARTESIAN_POINT('',(12.108850369646,23.602045074236,0.));
#1590 = CARTESIAN_POINT('',(12.026145428505,23.515416075895,0.));
#1591 = CARTESIAN_POINT('',(11.949180233764,23.432191249239,0.));
#1592 = CARTESIAN_POINT('',(11.877823182571,23.352530668727,0.));
#1593 = CARTESIAN_POINT('',(11.832504108156,23.300287929342,0.));
#1594 = CARTESIAN_POINT('',(11.810751554656,23.27479640543,0.));
#1595 = SURFACE_OF_LINEAR_EXTRUSION('',#1596,#1619);
#1596 = B_SPLINE_CURVE_WITH_KNOTS('',3,(#1597,#1598,#1599,#1600,#1601,
    #1602,#1603,#1604,#1605,#1606,#1607,#1608,#1609,#1610,#1611,#1612,
    #1613,#1614,#1615,#1616,#1617,#1618),.UNSPECIFIED.,.F.,.F.,(4,1,1,1,
    1,1,1,1,1,1,1,1,1,1,1,1,1,1,1,4),(0.,0.215930110637,0.425449164594,
    0.62855716187,0.825254102467,1.015539986384,1.199414813622,
    1.376878584181,1.547931298062,1.712572955265,1.870803555792,
    2.022623099642,2.168031586817,2.307029017318,2.439615391146,
    2.565790708302,2.685554968787,2.798908172604,2.905850319754,
    3.00638141024),.UNSPECIFIED.);
#1597 = CARTESIAN_POINT('',(14.113420265285,25.190811686316,0.));
#1598 = CARTESIAN_POINT('',(14.052529303349,25.152432224947,0.));
#1599 = CARTESIAN_POINT('',(13.933144686949,25.075874587583,0.));
#1600 = CARTESIAN_POINT('',(13.758588053461,24.959978888703,0.));
#1601 = CARTESIAN_POINT('',(13.591178926013,24.8449548034,0.));
#1602 = CARTESIAN_POINT('',(13.430844833507,24.730999034474,0.));
#1603 = CARTESIAN_POINT('',(13.277508017376,24.61830658299,0.));
#1604 = CARTESIAN_POINT('',(13.131086541049,24.507070124077,0.));
#1605 = CARTESIAN_POINT('',(12.991494070411,24.397480052876,0.));
#1606 = CARTESIAN_POINT('',(12.858639995825,24.289724360711,0.));
#1607 = CARTESIAN_POINT('',(12.732429469286,24.183988555906,0.));
#1608 = CARTESIAN_POINT('',(12.612763465202,24.080455574719,0.));
#1609 = CARTESIAN_POINT('',(12.499538837741,23.979305696022,0.));
#1610 = CARTESIAN_POINT('',(12.392648379568,23.880716457328,0.));
#1611 = CARTESIAN_POINT('',(12.291980887811,23.784862569233,0.));
#1612 = CARTESIAN_POINT('',(12.197421210979,23.691915841503,0.));
#1613 = CARTESIAN_POINT('',(12.108850369646,23.602045074236,0.));
#1614 = CARTESIAN_POINT('',(12.026145428505,23.515416075895,0.));
#1615 = CARTESIAN_POINT('',(11.949180233764,23.432191249239,0.));
#1616 = CARTESIAN_POINT('',(11.877823182571,23.352530668727,0.));
#1617 = CARTESIAN_POINT('',(11.832504108156,23.300287929342,0.));
#1618 = CARTESIAN_POINT('',(11.810751554656,23.27479640543,0.));
#1619 = VECTOR('',#1620,1.);
#1620 = DIRECTION('',(-0.,-0.,-1.));
#1621 = ADVANCED_FACE('',(#1622),#1645,.T.);
#1622 = FACE_BOUND('',#1623,.T.);
#1623 = EDGE_LOOP('',(#1624,#1625,#1632,#1640));
#1624 = ORIENTED_EDGE('',*,*,#1563,.T.);
#1625 = ORIENTED_EDGE('',*,*,#1626,.T.);
#1626 = EDGE_CURVE('',#1537,#1627,#1629,.T.);
#1627 = VERTEX_POINT('',#1628);
#1628 = CARTESIAN_POINT('',(10.237723690686,24.00831134489,10.));
#1629 = B_SPLINE_CURVE_WITH_KNOTS('',1,(#1630,#1631),.UNSPECIFIED.,.F.,
  .F.,(2,2),(0.,1.735644211017),.PIECEWISE_BEZIER_KNOTS.);
#1630 = CARTESIAN_POINT('',(11.810751554656,23.27479640543,10.));
#1631 = CARTESIAN_POINT('',(10.237723690686,24.00831134489,10.));
#1632 = ORIENTED_EDGE('',*,*,#1633,.F.);
#1633 = EDGE_CURVE('',#1634,#1627,#1636,.T.);
#1634 = VERTEX_POINT('',#1635);
#1635 = CARTESIAN_POINT('',(10.237723690686,24.00831134489,0.));
#1636 = LINE('',#1637,#1638);
#1637 = CARTESIAN_POINT('',(10.237723690686,24.00831134489,0.));
#1638 = VECTOR('',#1639,1.);
#1639 = DIRECTION('',(0.,0.,1.));
#1640 = ORIENTED_EDGE('',*,*,#1641,.F.);
#1641 = EDGE_CURVE('',#1564,#1634,#1642,.T.);
#1642 = B_SPLINE_CURVE_WITH_KNOTS('',1,(#1643,#1644),.UNSPECIFIED.,.F.,
  .F.,(2,2),(0.,1.735644211017),.PIECEWISE_BEZIER_KNOTS.);
#1643 = CARTESIAN_POINT('',(11.810751554656,23.27479640543,0.));
#1644 = CARTESIAN_POINT('',(10.237723690686,24.00831134489,0.));
#1645 = SURFACE_OF_LINEAR_EXTRUSION('',#1646,#1649);
#1646 = B_SPLINE_CURVE_WITH_KNOTS('',1,(#1647,#1648),.UNSPECIFIED.,.F.,
  .F.,(2,2),(0.,1.735644211017),.PIECEWISE_BEZIER_KNOTS.);
#1647 = CARTESIAN_POINT('',(11.810751554656,23.27479640543,0.));
#1648 = CARTESIAN_POINT('',(10.237723690686,24.00831134489,0.));
#1649 = VECTOR('',#1650,1.);
#1650 = DIRECTION('',(-0.,-0.,-1.));
#1651 = ADVANCED_FACE('',(#1652),#1715,.T.);
#1652 = FACE_BOUND('',#1653,.T.);
#1653 = EDGE_LOOP('',(#1654,#1655,#1682,#1690));
#1654 = ORIENTED_EDGE('',*,*,#1633,.T.);
#1655 = ORIENTED_EDGE('',*,*,#1656,.T.);
#1656 = EDGE_CURVE('',#1627,#1657,#1659,.T.);
#1657 = VERTEX_POINT('',#1658);
#1658 = CARTESIAN_POINT('',(10.225349633135,27.003848797535,10.));
#1659 = B_SPLINE_CURVE_WITH_KNOTS('',3,(#1660,#1661,#1662,#1663,#1664,
    #1665,#1666,#1667,#1668,#1669,#1670,#1671,#1672,#1673,#1674,#1675,
    #1676,#1677,#1678,#1679,#1680,#1681),.UNSPECIFIED.,.F.,.F.,(4,1,1,1,
    1,1,1,1,1,1,1,1,1,1,1,1,1,1,1,4),(0.,0.100531090486,0.207473237636,
    0.320826441453,0.440590701938,0.566766019094,0.699352392922,
    0.838349823423,0.983758310598,1.135577854448,1.293808454975,
    1.458450112178,1.629502826059,1.806966596619,1.990841423856,
    2.181127307773,2.37782424837,2.580932245646,2.790451299603,
    3.00638141024),.UNSPECIFIED.);
#1660 = CARTESIAN_POINT('',(10.237723690686,24.00831134489,10.));
#1661 = CARTESIAN_POINT('',(10.243269059057,24.041360403345,10.));
#1662 = CARTESIAN_POINT('',(10.25415877974,24.109657814041,10.));
#1663 = CARTESIAN_POINT('',(10.269314896406,24.215525320718,10.));
#1664 = CARTESIAN_POINT('',(10.283596538839,24.327979967856,10.));
#1665 = CARTESIAN_POINT('',(10.296796490206,24.447019675209,10.));
#1666 = CARTESIAN_POINT('',(10.308709252681,24.572636691707,10.));
#1667 = CARTESIAN_POINT('',(10.319128788321,24.704818611632,10.));
#1668 = CARTESIAN_POINT('',(10.327849310248,24.843548075903,10.));
#1669 = CARTESIAN_POINT('',(10.334665186594,24.98880285849,10.));
#1670 = CARTESIAN_POINT('',(10.339371101448,25.140555843928,10.));
#1671 = CARTESIAN_POINT('',(10.34176214164,25.298775038888,10.));
#1672 = CARTESIAN_POINT('',(10.341633904679,25.463423576635,10.));
#1673 = CARTESIAN_POINT('',(10.338782600835,25.634459726014,10.));
#1674 = CARTESIAN_POINT('',(10.333005155369,25.811836902361,10.));
#1675 = CARTESIAN_POINT('',(10.324099315816,25.995503678189,10.));
#1676 = CARTESIAN_POINT('',(10.311863736539,26.185403805631,10.));
#1677 = CARTESIAN_POINT('',(10.296098152012,26.381476202556,10.));
#1678 = CARTESIAN_POINT('',(10.276603200512,26.583655091213,10.));
#1679 = CARTESIAN_POINT('',(10.253181615426,26.791869549562,10.));
#1680 = CARTESIAN_POINT('',(10.235089215897,26.932533772273,10.));
#1681 = CARTESIAN_POINT('',(10.225349633135,27.003848797535,10.));
#1682 = ORIENTED_EDGE('',*,*,#1683,.F.);
#1683 = EDGE_CURVE('',#1684,#1657,#1686,.T.);
#1684 = VERTEX_POINT('',#1685);
#1685 = CARTESIAN_POINT('',(10.225349633135,27.003848797535,0.));
#1686 = LINE('',#1687,#1688);
#1687 = CARTESIAN_POINT('',(10.225349633135,27.003848797535,0.));
#1688 = VECTOR('',#1689,1.);
#1689 = DIRECTION('',(0.,0.,1.));
#1690 = ORIENTED_EDGE('',*,*,#1691,.F.);
#1691 = EDGE_CURVE('',#1634,#1684,#1692,.T.);
#1692 = B_SPLINE_CURVE_WITH_KNOTS('',3,(#1693,#1694,#1695,#1696,#1697,
    #1698,#1699,#1700,#1701,#1702,#1703,#1704,#1705,#1706,#1707,#1708,
    #1709,#1710,#1711,#1712,#1713,#1714),.UNSPECIFIED.,.F.,.F.,(4,1,1,1,
    1,1,1,1,1,1,1,1,1,1,1,1,1,1,1,4),(0.,0.100531090486,0.207473237636,
    0.320826441453,0.440590701938,0.566766019094,0.699352392922,
    0.838349823423,0.983758310598,1.135577854448,1.293808454975,
    1.458450112178,1.629502826059,1.806966596619,1.990841423856,
    2.181127307773,2.37782424837,2.580932245646,2.790451299603,
    3.00638141024),.UNSPECIFIED.);
#1693 = CARTESIAN_POINT('',(10.237723690686,24.00831134489,0.));
#1694 = CARTESIAN_POINT('',(10.243269059057,24.041360403345,0.));
#1695 = CARTESIAN_POINT('',(10.25415877974,24.109657814041,0.));
#1696 = CARTESIAN_POINT('',(10.269314896406,24.215525320718,0.));
#1697 = CARTESIAN_POINT('',(10.283596538839,24.327979967856,0.));
#1698 = CARTESIAN_POINT('',(10.296796490206,24.447019675209,0.));
#1699 = CARTESIAN_POINT('',(10.308709252681,24.572636691707,0.));
#1700 = CARTESIAN_POINT('',(10.319128788321,24.704818611632,0.));
#1701 = CARTESIAN_POINT('',(10.327849310248,24.843548075903,0.));
#1702 = CARTESIAN_POINT('',(10.334665186594,24.98880285849,0.));
#1703 = CARTESIAN_POINT('',(10.339371101448,25.140555843928,0.));
#1704 = CARTESIAN_POINT('',(10.34176214164,25.298775038888,0.));
#1705 = CARTESIAN_POINT('',(10.341633904679,25.463423576635,0.));
#1706 = CARTESIAN_POINT('',(10.338782600835,25.634459726014,0.));
#1707 = CARTESIAN_POINT('',(10.333005155369,25.811836902361,0.));
#1708 = CARTESIAN_POINT('',(10.324099315816,25.995503678189,0.));
#1709 = CARTESIAN_POINT('',(10.311863736539,26.185403805631,0.));
#1710 = CARTESIAN_POINT('',(10.296098152012,26.381476202556,0.));
#1711 = CARTESIAN_POINT('',(10.276603200512,26.583655091213,0.));
#1712 = CARTESIAN_POINT('',(10.253181615426,26.791869549562,0.));
#1713 = CARTESIAN_POINT('',(10.235089215897,26.932533772273,0.));
#1714 = CARTESIAN_POINT('',(10.225349633135,27.003848797535,0.));
#1715 = SURFACE_OF_LINEAR_EXTRUSION('',#1716,#1739);
#1716 = B_SPLINE_CURVE_WITH_KNOTS('',3,(#1717,#1718,#1719,#1720,#1721,
    #1722,#1723,#1724,#1725,#1726,#1727,#1728,#1729,#1730,#1731,#1732,
    #1733,#1734,#1735,#1736,#1737,#1738),.UNSPECIFIED.,.F.,.F.,(4,1,1,1,
    1,1,1,1,1,1,1,1,1,1,1,1,1,1,1,4),(0.,0.100531090486,0.207473237636,
    0.320826441453,0.440590701938,0.566766019094,0.699352392922,
    0.838349823423,0.983758310598,1.135577854448,1.293808454975,
    1.458450112178,1.629502826059,1.806966596619,1.990841423856,
    2.181127307773,2.37782424837,2.580932245646,2.790451299603,
    3.00638141024),.UNSPECIFIED.);
#1717 = CARTESIAN_POINT('',(10.237723690686,24.00831134489,0.));
#1718 = CARTESIAN_POINT('',(10.243269059057,24.041360403345,0.));
#1719 = CARTESIAN_POINT('',(10.25415877974,24.109657814041,0.));
#1720 = CARTESIAN_POINT('',(10.269314896406,24.215525320718,0.));
#1721 = CARTESIAN_POINT('',(10.283596538839,24.327979967856,0.));
#1722 = CARTESIAN_POINT('',(10.296796490206,24.447019675209,0.));
#1723 = CARTESIAN_POINT('',(10.308709252681,24.572636691707,0.));
#1724 = CARTESIAN_POINT('',(10.319128788321,24.704818611632,0.));
#1725 = CARTESIAN_POINT('',(10.327849310248,24.843548075903,0.));
#1726 = CARTESIAN_POINT('',(10.334665186594,24.98880285849,0.));
#1727 = CARTESIAN_POINT('',(10.339371101448,25.140555843928,0.));
#1728 = CARTESIAN_POINT('',(10.34176214164,25.298775038888,0.));
#1729 = CARTESIAN_POINT('',(10.341633904679,25.463423576635,0.));
#1730 = CARTESIAN_POINT('',(10.338782600835,25.634459726014,0.));
#1731 = CARTESIAN_POINT('',(10.333005155369,25.811836902361,0.));
#1732 = CARTESIAN_POINT('',(10.324099315816,25.995503678189,0.));
#1733 = CARTESIAN_POINT('',(10.311863736539,26.185403805631,0.));
#1734 = CARTESIAN_POINT('',(10.296098152012,26.381476202556,0.));
#1735 = CARTESIAN_POINT('',(10.276603200512,26.583655091213,0.));
#1736 = CARTESIAN_POINT('',(10.253181615426,26.791869549562,0.));
#1737 = CARTESIAN_POINT('',(10.235089215897,26.932533772273,0.));
#1738 = CARTESIAN_POINT('',(10.225349633135,27.003848797535,0.));
#1739 = VECTOR('',#1740,1.);
#1740 = DIRECTION('',(-0.,-0.,-1.));
#1741 = ADVANCED_FACE('',(#1742),#1765,.T.);
#1742 = FACE_BOUND('',#1743,.T.);
#1743 = EDGE_LOOP('',(#1744,#1745,#1752,#1760));
#1744 = ORIENTED_EDGE('',*,*,#1683,.T.);
#1745 = ORIENTED_EDGE('',*,*,#1746,.T.);
#1746 = EDGE_CURVE('',#1657,#1747,#1749,.T.);
#1747 = VERTEX_POINT('',#1748);
#1748 = CARTESIAN_POINT('',(9.524667155492,27.258876363069,10.));
#1749 = B_SPLINE_CURVE_WITH_KNOTS('',1,(#1750,#1751),.UNSPECIFIED.,.F.,
  .F.,(2,2),(0.,0.745650718271),.PIECEWISE_BEZIER_KNOTS.);
#1750 = CARTESIAN_POINT('',(10.225349633135,27.003848797535,10.));
#1751 = CARTESIAN_POINT('',(9.524667155492,27.258876363069,10.));
#1752 = ORIENTED_EDGE('',*,*,#1753,.F.);
#1753 = EDGE_CURVE('',#1754,#1747,#1756,.T.);
#1754 = VERTEX_POINT('',#1755);
#1755 = CARTESIAN_POINT('',(9.524667155492,27.258876363069,0.));
#1756 = LINE('',#1757,#1758);
#1757 = CARTESIAN_POINT('',(9.524667155492,27.258876363069,0.));
#1758 = VECTOR('',#1759,1.);
#1759 = DIRECTION('',(0.,0.,1.));
#1760 = ORIENTED_EDGE('',*,*,#1761,.F.);
#1761 = EDGE_CURVE('',#1684,#1754,#1762,.T.);
#1762 = B_SPLINE_CURVE_WITH_KNOTS('',1,(#1763,#1764),.UNSPECIFIED.,.F.,
  .F.,(2,2),(0.,0.745650718271),.PIECEWISE_BEZIER_KNOTS.);
#1763 = CARTESIAN_POINT('',(10.225349633135,27.003848797535,0.));
#1764 = CARTESIAN_POINT('',(9.524667155492,27.258876363069,0.));
#1765 = SURFACE_OF_LINEAR_EXTRUSION('',#1766,#1769);
#1766 = B_SPLINE_CURVE_WITH_KNOTS('',1,(#1767,#1768),.UNSPECIFIED.,.F.,
  .F.,(2,2),(0.,0.745650718271),.PIECEWISE_BEZIER_KNOTS.);
#1767 = CARTESIAN_POINT('',(10.225349633135,27.003848797535,0.));
#1768 = CARTESIAN_POINT('',(9.524667155492,27.258876363069,0.));
#1769 = VECTOR('',#1770,1.);
#1770 = DIRECTION('',(-0.,-0.,-1.));
#1771 = ADVANCED_FACE('',(#1772),#1835,.T.);
#1772 = FACE_BOUND('',#1773,.T.);
#1773 = EDGE_LOOP('',(#1774,#1775,#1802,#1810));
#1774 = ORIENTED_EDGE('',*,*,#1753,.T.);
#1775 = ORIENTED_EDGE('',*,*,#1776,.T.);
#1776 = EDGE_CURVE('',#1747,#1777,#1779,.T.);
#1777 = VERTEX_POINT('',#1778);
#1778 = CARTESIAN_POINT('',(7.589693718554,24.972115434191,10.));
#1779 = B_SPLINE_CURVE_WITH_KNOTS('',3,(#1780,#1781,#1782,#1783,#1784,
    #1785,#1786,#1787,#1788,#1789,#1790,#1791,#1792,#1793,#1794,#1795,
    #1796,#1797,#1798,#1799,#1800,#1801),.UNSPECIFIED.,.F.,.F.,(4,1,1,1,
    1,1,1,1,1,1,1,1,1,1,1,1,1,1,1,4),(0.,0.215930110637,0.425449164594,
    0.62855716187,0.825254102467,1.015539986384,1.199414813622,
    1.376878584181,1.547931298062,1.712572955265,1.870803555792,
    2.022623099642,2.168031586817,2.307029017318,2.439615391146,
    2.565790708302,2.685554968787,2.798908172604,2.905850319754,
    3.00638141024),.UNSPECIFIED.);
#1780 = CARTESIAN_POINT('',(9.524667155492,27.258876363069,10.));
#1781 = CARTESIAN_POINT('',(9.471365787616,27.210506367379,10.));
#1782 = CARTESIAN_POINT('',(9.36708898601,27.114380891472,10.));
#1783 = CARTESIAN_POINT('',(9.215309336921,26.96993446737,10.));
#1784 = CARTESIAN_POINT('',(9.070417253087,26.827587566473,10.));
#1785 = CARTESIAN_POINT('',(8.932307207322,26.687521318753,10.));
#1786 = CARTESIAN_POINT('',(8.800868760812,26.549914260135,10.));
#1787 = CARTESIAN_POINT('',(8.675987764097,26.414941910445,10.));
#1788 = CARTESIAN_POINT('',(8.557546132905,26.28277678053,10.));
#1789 = CARTESIAN_POINT('',(8.445421989811,26.153588271508,10.));
#1790 = CARTESIAN_POINT('',(8.339489714583,26.027542603229,10.));
#1791 = CARTESIAN_POINT('',(8.2396200195,25.904802737125,10.));
#1792 = CARTESIAN_POINT('',(8.145680020652,25.785528302143,10.));
#1793 = CARTESIAN_POINT('',(8.057533310357,25.669875522242,10.));
#1794 = CARTESIAN_POINT('',(7.975040036988,25.557997143596,10.));
#1795 = CARTESIAN_POINT('',(7.898056964013,25.450042369948,10.));
#1796 = CARTESIAN_POINT('',(7.826437607738,25.346156776382,10.));
#1797 = CARTESIAN_POINT('',(7.760032108185,25.246482304867,10.));
#1798 = CARTESIAN_POINT('',(7.698688027178,25.151156984522,10.));
#1799 = CARTESIAN_POINT('',(7.642247964569,25.060315605321,10.));
#1800 = CARTESIAN_POINT('',(7.606689245216,25.00099697585,10.));
#1801 = CARTESIAN_POINT('',(7.589693718554,24.972115434191,10.));
#1802 = ORIENTED_EDGE('',*,*,#1803,.F.);
#1803 = EDGE_CURVE('',#1804,#1777,#1806,.T.);
#1804 = VERTEX_POINT('',#1805);
#1805 = CARTESIAN_POINT('',(7.589693718554,24.972115434191,0.));
#1806 = LINE('',#1807,#1808);
#1807 = CARTESIAN_POINT('',(7.589693718554,24.972115434191,0.));
#1808 = VECTOR('',#1809,1.);
#1809 = DIRECTION('',(0.,0.,1.));
#1810 = ORIENTED_EDGE('',*,*,#1811,.F.);
#1811 = EDGE_CURVE('',#1754,#1804,#1812,.T.);
#1812 = B_SPLINE_CURVE_WITH_KNOTS('',3,(#1813,#1814,#1815,#1816,#1817,
    #1818,#1819,#1820,#1821,#1822,#1823,#1824,#1825,#1826,#1827,#1828,
    #1829,#1830,#1831,#1832,#1833,#1834),.UNSPECIFIED.,.F.,.F.,(4,1,1,1,
    1,1,1,1,1,1,1,1,1,1,1,1,1,1,1,4),(0.,0.215930110637,0.425449164594,
    0.62855716187,0.825254102467,1.015539986384,1.199414813622,
    1.376878584181,1.547931298062,1.712572955265,1.870803555792,
    2.022623099642,2.168031586817,2.307029017318,2.439615391146,
    2.565790708302,2.685554968787,2.798908172604,2.905850319754,
    3.00638141024),.UNSPECIFIED.);
#1813 = CARTESIAN_POINT('',(9.524667155492,27.258876363069,0.));
#1814 = CARTESIAN_POINT('',(9.471365787616,27.210506367379,0.));
#1815 = CARTESIAN_POINT('',(9.36708898601,27.114380891472,0.));
#1816 = CARTESIAN_POINT('',(9.215309336921,26.96993446737,0.));
#1817 = CARTESIAN_POINT('',(9.070417253087,26.827587566473,0.));
#1818 = CARTESIAN_POINT('',(8.932307207322,26.687521318753,0.));
#1819 = CARTESIAN_POINT('',(8.800868760812,26.549914260135,0.));
#1820 = CARTESIAN_POINT('',(8.675987764097,26.414941910445,0.));
#1821 = CARTESIAN_POINT('',(8.557546132905,26.28277678053,0.));
#1822 = CARTESIAN_POINT('',(8.445421989811,26.153588271508,0.));
#1823 = CARTESIAN_POINT('',(8.339489714583,26.027542603229,0.));
#1824 = CARTESIAN_POINT('',(8.2396200195,25.904802737125,0.));
#1825 = CARTESIAN_POINT('',(8.145680020652,25.785528302143,0.));
#1826 = CARTESIAN_POINT('',(8.057533310357,25.669875522242,0.));
#1827 = CARTESIAN_POINT('',(7.975040036988,25.557997143596,0.));
#1828 = CARTESIAN_POINT('',(7.898056964013,25.450042369948,0.));
#1829 = CARTESIAN_POINT('',(7.826437607738,25.346156776382,0.));
#1830 = CARTESIAN_POINT('',(7.760032108185,25.246482304867,0.));
#1831 = CARTESIAN_POINT('',(7.698688027178,25.151156984522,0.));
#1832 = CARTESIAN_POINT('',(7.642247964569,25.060315605321,0.));
#1833 = CARTESIAN_POINT('',(7.606689245216,25.00099697585,0.));
#1834 = CARTESIAN_POINT('',(7.589693718554,24.972115434191,0.));
#1835 = SURFACE_OF_LINEAR_EXTRUSION('',#1836,#1859);
#1836 = B_SPLINE_CURVE_WITH_KNOTS('',3,(#1837,#1838,#1839,#1840,#1841,
    #1842,#1843,#1844,#1845,#1846,#1847,#1848,#1849,#1850,#1851,#1852,
    #1853,#1854,#1855,#1856,#1857,#1858),.UNSPECIFIED.,.F.,.F.,(4,1,1,1,
    1,1,1,1,1,1,1,1,1,1,1,1,1,1,1,4),(0.,0.215930110637,0.425449164594,
    0.62855716187,0.825254102467,1.015539986384,1.199414813622,
    1.376878584181,1.547931298062,1.712572955265,1.870803555792,
    2.022623099642,2.168031586817,2.307029017318,2.439615391146,
    2.565790708302,2.685554968787,2.798908172604,2.905850319754,
    3.00638141024),.UNSPECIFIED.);
#1837 = CARTESIAN_POINT('',(9.524667155492,27.258876363069,0.));
#1838 = CARTESIAN_POINT('',(9.471365787616,27.210506367379,0.));
#1839 = CARTESIAN_POINT('',(9.36708898601,27.114380891472,0.));
#1840 = CARTESIAN_POINT('',(9.215309336921,26.96993446737,0.));
#1841 = CARTESIAN_POINT('',(9.070417253087,26.827587566473,0.));
#1842 = CARTESIAN_POINT('',(8.932307207322,26.687521318753,0.));
#1843 = CARTESIAN_POINT('',(8.800868760812,26.549914260135,0.));
#1844 = CARTESIAN_POINT('',(8.675987764097,26.414941910445,0.));
#1845 = CARTESIAN_POINT('',(8.557546132905,26.28277678053,0.));
#1846 = CARTESIAN_POINT('',(8.445421989811,26.153588271508,0.));
#1847 = CARTESIAN_POINT('',(8.339489714583,26.027542603229,0.));
#1848 = CARTESIAN_POINT('',(8.2396200195,25.904802737125,0.));
#1849 = CARTESIAN_POINT('',(8.145680020652,25.785528302143,0.));
#1850 = CARTESIAN_POINT('',(8.057533310357,25.669875522242,0.));
#1851 = CARTESIAN_POINT('',(7.975040036988,25.557997143596,0.));
#1852 = CARTESIAN_POINT('',(7.898056964013,25.450042369948,0.));
#1853 = CARTESIAN_POINT('',(7.826437607738,25.346156776382,0.));
#1854 = CARTESIAN_POINT('',(7.760032108185,25.246482304867,0.));
#1855 = CARTESIAN_POINT('',(7.698688027178,25.151156984522,0.));
#1856 = CARTESIAN_POINT('',(7.642247964569,25.060315605321,0.));
#1857 = CARTESIAN_POINT('',(7.606689245216,25.00099697585,0.));
#1858 = CARTESIAN_POINT('',(7.589693718554,24.972115434191,0.));
#1859 = VECTOR('',#1860,1.);
#1860 = DIRECTION('',(-0.,-0.,-1.));
#1861 = ADVANCED_FACE('',(#1862),#1885,.T.);
#1862 = FACE_BOUND('',#1863,.T.);
#1863 = EDGE_LOOP('',(#1864,#1865,#1872,#1880));
#1864 = ORIENTED_EDGE('',*,*,#1803,.T.);
#1865 = ORIENTED_EDGE('',*,*,#1866,.T.);
#1866 = EDGE_CURVE('',#1777,#1867,#1869,.T.);
#1867 = VERTEX_POINT('',#1868);
#1868 = CARTESIAN_POINT('',(5.913190149884,25.421333211524,10.));
#1869 = B_SPLINE_CURVE_WITH_KNOTS('',1,(#1870,#1871),.UNSPECIFIED.,.F.,
  .F.,(2,2),(0.,1.735644211017),.PIECEWISE_BEZIER_KNOTS.);
#1870 = CARTESIAN_POINT('',(7.589693718554,24.972115434191,10.));
#1871 = CARTESIAN_POINT('',(5.913190149884,25.421333211524,10.));
#1872 = ORIENTED_EDGE('',*,*,#1873,.F.);
#1873 = EDGE_CURVE('',#1874,#1867,#1876,.T.);
#1874 = VERTEX_POINT('',#1875);
#1875 = CARTESIAN_POINT('',(5.913190149884,25.421333211524,0.));
#1876 = LINE('',#1877,#1878);
#1877 = CARTESIAN_POINT('',(5.913190149884,25.421333211524,0.));
#1878 = VECTOR('',#1879,1.);
#1879 = DIRECTION('',(0.,0.,1.));
#1880 = ORIENTED_EDGE('',*,*,#1881,.F.);
#1881 = EDGE_CURVE('',#1804,#1874,#1882,.T.);
#1882 = B_SPLINE_CURVE_WITH_KNOTS('',1,(#1883,#1884),.UNSPECIFIED.,.F.,
  .F.,(2,2),(0.,1.735644211017),.PIECEWISE_BEZIER_KNOTS.);
#1883 = CARTESIAN_POINT('',(7.589693718554,24.972115434191,0.));
#1884 = CARTESIAN_POINT('',(5.913190149884,25.421333211524,0.));
#1885 = SURFACE_OF_LINEAR_EXTRUSION('',#1886,#1889);
#1886 = B_SPLINE_CURVE_WITH_KNOTS('',1,(#1887,#1888),.UNSPECIFIED.,.F.,
  .F.,(2,2),(0.,1.735644211017),.PIECEWISE_BEZIER_KNOTS.);
#1887 = CARTESIAN_POINT('',(7.589693718554,24.972115434191,0.));
#1888 = CARTESIAN_POINT('',(5.913190149884,25.421333211524,0.));
#1889 = VECTOR('',#1890,1.);
#1890 = DIRECTION('',(-0.,-0.,-1.));
#1891 = ADVANCED_FACE('',(#1892),#1955,.T.);
#1892 = FACE_BOUND('',#1893,.T.);
#1893 = EDGE_LOOP('',(#1894,#1895,#1922,#1930));
#1894 = ORIENTED_EDGE('',*,*,#1873,.T.);
#1895 = ORIENTED_EDGE('',*,*,#1896,.T.);
#1896 = EDGE_CURVE('',#1867,#1897,#1899,.T.);
#1897 = VERTEX_POINT('',#1898);
#1898 = CARTESIAN_POINT('',(5.380834462287,28.369212986783,10.));
#1899 = B_SPLINE_CURVE_WITH_KNOTS('',3,(#1900,#1901,#1902,#1903,#1904,
    #1905,#1906,#1907,#1908,#1909,#1910,#1911,#1912,#1913,#1914,#1915,
    #1916,#1917,#1918,#1919,#1920,#1921),.UNSPECIFIED.,.F.,.F.,(4,1,1,1,
    1,1,1,1,1,1,1,1,1,1,1,1,1,1,1,4),(0.,0.100531090486,0.207473237636,
    0.320826441453,0.440590701938,0.566766019094,0.699352392922,
    0.838349823423,0.983758310598,1.135577854448,1.293808454975,
    1.458450112178,1.629502826059,1.806966596619,1.990841423856,
    2.181127307773,2.37782424837,2.580932245646,2.790451299603,
    3.00638141024),.UNSPECIFIED.);
#1900 = CARTESIAN_POINT('',(5.913190149884,25.421333211524,10.));
#1901 = CARTESIAN_POINT('',(5.912912362874,25.454843123632,10.));
#1902 = CARTESIAN_POINT('',(5.911776923324,25.523993923348,10.));
#1903 = CARTESIAN_POINT('',(5.908319084914,25.630884896755,10.));
#1904 = CARTESIAN_POINT('',(5.902856212562,25.744111086302,10.));
#1905 = CARTESIAN_POINT('',(5.895184598756,25.863634460519,10.));
#1906 = CARTESIAN_POINT('',(5.885103213602,25.989411701771,10.));
#1907 = CARTESIAN_POINT('',(5.872411303568,26.121394814698,10.));
#1908 = CARTESIAN_POINT('',(5.856909222513,26.259530969424,10.));
#1909 = CARTESIAN_POINT('',(5.838398322088,26.403762569985,10.));
#1910 = CARTESIAN_POINT('',(5.816681114144,26.554027260125,10.));
#1911 = CARTESIAN_POINT('',(5.791561354187,26.71025794977,10.));
#1912 = CARTESIAN_POINT('',(5.762844146898,26.87238283815,10.));
#1913 = CARTESIAN_POINT('',(5.730336045112,27.040325440388,10.));
#1914 = CARTESIAN_POINT('',(5.693845148591,27.214004615984,10.));
#1915 = CARTESIAN_POINT('',(5.653181207832,27.393334597982,10.));
#1916 = CARTESIAN_POINT('',(5.608155703429,27.57822502974,10.));
#1917 = CARTESIAN_POINT('',(5.558582019139,27.768580981361,10.));
#1918 = CARTESIAN_POINT('',(5.504275244179,27.964303055604,10.));
#1919 = CARTESIAN_POINT('',(5.445053424342,28.165287152907,10.));
#1920 = CARTESIAN_POINT('',(5.402809803079,28.300672657797,10.));
#1921 = CARTESIAN_POINT('',(5.380834462287,28.369212986783,10.));
#1922 = ORIENTED_EDGE('',*,*,#1923,.F.);
#1923 = EDGE_CURVE('',#1924,#1897,#1926,.T.);
#1924 = VERTEX_POINT('',#1925);
#1925 = CARTESIAN_POINT('',(5.380834462287,28.369212986783,0.));
#1926 = LINE('',#1927,#1928);
#1927 = CARTESIAN_POINT('',(5.380834462287,28.369212986783,0.));
#1928 = VECTOR('',#1929,1.);
#1929 = DIRECTION('',(0.,0.,1.));
#1930 = ORIENTED_EDGE('',*,*,#1931,.F.);
#1931 = EDGE_CURVE('',#1874,#1924,#1932,.T.);
#1932 = B_SPLINE_CURVE_WITH_KNOTS('',3,(#1933,#1934,#1935,#1936,#1937,
    #1938,#1939,#1940,#1941,#1942,#1943,#1944,#1945,#1946,#1947,#1948,
    #1949,#1950,#1951,#1952,#1953,#1954),.UNSPECIFIED.,.F.,.F.,(4,1,1,1,
    1,1,1,1,1,1,1,1,1,1,1,1,1,1,1,4),(0.,0.100531090486,0.207473237636,
    0.320826441453,0.440590701938,0.566766019094,0.699352392922,
    0.838349823423,0.983758310598,1.135577854448,1.293808454975,
    1.458450112178,1.629502826059,1.806966596619,1.990841423856,
    2.181127307773,2.37782424837,2.580932245646,2.790451299603,
    3.00638141024),.UNSPECIFIED.);
#1933 = CARTESIAN_POINT('',(5.913190149884,25.421333211524,0.));
#1934 = CARTESIAN_POINT('',(5.912912362874,25.454843123632,0.));
#1935 = CARTESIAN_POINT('',(5.911776923324,25.523993923348,0.));
#1936 = CARTESIAN_POINT('',(5.908319084914,25.630884896755,0.));
#1937 = CARTESIAN_POINT('',(5.902856212562,25.744111086302,0.));
#1938 = CARTESIAN_POINT('',(5.895184598756,25.863634460519,0.));
#1939 = CARTESIAN_POINT('',(5.885103213602,25.989411701771,0.));
#1940 = CARTESIAN_POINT('',(5.872411303568,26.121394814698,0.));
#1941 = CARTESIAN_POINT('',(5.856909222513,26.259530969424,0.));
#1942 = CARTESIAN_POINT('',(5.838398322088,26.403762569985,0.));
#1943 = CARTESIAN_POINT('',(5.816681114144,26.554027260125,0.));
#1944 = CARTESIAN_POINT('',(5.791561354187,26.71025794977,0.));
#1945 = CARTESIAN_POINT('',(5.762844146898,26.87238283815,0.));
#1946 = CARTESIAN_POINT('',(5.730336045112,27.040325440388,0.));
#1947 = CARTESIAN_POINT('',(5.693845148591,27.214004615984,0.));
#1948 = CARTESIAN_POINT('',(5.653181207832,27.393334597982,0.));
#1949 = CARTESIAN_POINT('',(5.608155703429,27.57822502974,0.));
#1950 = CARTESIAN_POINT('',(5.558582019139,27.768580981361,0.));
#1951 = CARTESIAN_POINT('',(5.504275244179,27.964303055604,0.));
#1952 = CARTESIAN_POINT('',(5.445053424342,28.165287152907,0.));
#1953 = CARTESIAN_POINT('',(5.402809803079,28.300672657797,0.));
#1954 = CARTESIAN_POINT('',(5.380834462287,28.369212986783,0.));
#1955 = SURFACE_OF_LINEAR_EXTRUSION('',#1956,#1979);
#1956 = B_SPLINE_CURVE_WITH_KNOTS('',3,(#1957,#1958,#1959,#1960,#1961,
    #1962,#1963,#1964,#1965,#1966,#1967,#1968,#1969,#1970,#1971,#1972,
    #1973,#1974,#1975,#1976,#1977,#1978),.UNSPECIFIED.,.F.,.F.,(4,1,1,1,
    1,1,1,1,1,1,1,1,1,1,1,1,1,1,1,4),(0.,0.100531090486,0.207473237636,
    0.320826441453,0.440590701938,0.566766019094,0.699352392922,
    0.838349823423,0.983758310598,1.135577854448,1.293808454975,
    1.458450112178,1.629502826059,1.806966596619,1.990841423856,
    2.181127307773,2.37782424837,2.580932245646,2.790451299603,
    3.00638141024),.UNSPECIFIED.);
#1957 = CARTESIAN_POINT('',(5.913190149884,25.421333211524,0.));
#1958 = CARTESIAN_POINT('',(5.912912362874,25.454843123632,0.));
#1959 = CARTESIAN_POINT('',(5.911776923324,25.523993923348,0.));
#1960 = CARTESIAN_POINT('',(5.908319084914,25.630884896755,0.));
#1961 = CARTESIAN_POINT('',(5.902856212562,25.744111086302,0.));
#1962 = CARTESIAN_POINT('',(5.895184598756,25.863634460519,0.));
#1963 = CARTESIAN_POINT('',(5.885103213602,25.989411701771,0.));
#1964 = CARTESIAN_POINT('',(5.872411303568,26.121394814698,0.));
#1965 = CARTESIAN_POINT('',(5.856909222513,26.259530969424,0.));
#1966 = CARTESIAN_POINT('',(5.838398322088,26.403762569985,0.));
#1967 = CARTESIAN_POINT('',(5.816681114144,26.554027260125,0.));
#1968 = CARTESIAN_POINT('',(5.791561354187,26.71025794977,0.));
#1969 = CARTESIAN_POINT('',(5.762844146898,26.87238283815,0.));
#1970 = CARTESIAN_POINT('',(5.730336045112,27.040325440388,0.));
#1971 = CARTESIAN_POINT('',(5.693845148591,27.214004615984,0.));
#1972 = CARTESIAN_POINT('',(5.653181207832,27.393334597982,0.));
#1973 = CARTESIAN_POINT('',(5.608155703429,27.57822502974,0.));
#1974 = CARTESIAN_POINT('',(5.558582019139,27.768580981361,0.));
#1975 = CARTESIAN_POINT('',(5.504275244179,27.964303055604,0.));
#1976 = CARTESIAN_POINT('',(5.445053424342,28.165287152907,0.));
#1977 = CARTESIAN_POINT('',(5.402809803079,28.300672657797,0.));
#1978 = CARTESIAN_POINT('',(5.380834462287,28.369212986783,0.));
#1979 = VECTOR('',#1980,1.);
#1980 = DIRECTION('',(-0.,-0.,-1.));
#1981 = ADVANCED_FACE('',(#1982),#2005,.T.);
#1982 = FACE_BOUND('',#1983,.T.);
#1983 = EDGE_LOOP('',(#1984,#1985,#1992,#2000));
#1984 = ORIENTED_EDGE('',*,*,#1923,.T.);
#1985 = ORIENTED_EDGE('',*,*,#1986,.T.);
#1986 = EDGE_CURVE('',#1897,#1987,#1989,.T.);
#1987 = VERTEX_POINT('',#1988);
#1988 = CARTESIAN_POINT('',(4.646511853894,28.498693875187,10.));
#1989 = B_SPLINE_CURVE_WITH_KNOTS('',1,(#1990,#1991),.UNSPECIFIED.,.F.,
  .F.,(2,2),(0.,0.745650718271),.PIECEWISE_BEZIER_KNOTS.);
#1990 = CARTESIAN_POINT('',(5.380834462287,28.369212986783,10.));
#1991 = CARTESIAN_POINT('',(4.646511853894,28.498693875187,10.));
#1992 = ORIENTED_EDGE('',*,*,#1993,.F.);
#1993 = EDGE_CURVE('',#1994,#1987,#1996,.T.);
#1994 = VERTEX_POINT('',#1995);
#1995 = CARTESIAN_POINT('',(4.646511853894,28.498693875187,0.));
#1996 = LINE('',#1997,#1998);
#1997 = CARTESIAN_POINT('',(4.646511853894,28.498693875187,0.));
#1998 = VECTOR('',#1999,1.);
#1999 = DIRECTION('',(0.,0.,1.));
#2000 = ORIENTED_EDGE('',*,*,#2001,.F.);
#2001 = EDGE_CURVE('',#1924,#1994,#2002,.T.);
#2002 = B_SPLINE_CURVE_WITH_KNOTS('',1,(#2003,#2004),.UNSPECIFIED.,.F.,
  .F.,(2,2),(0.,0.745650718271),.PIECEWISE_BEZIER_KNOTS.);
#2003 = CARTESIAN_POINT('',(5.380834462287,28.369212986783,0.));
#2004 = CARTESIAN_POINT('',(4.646511853894,28.498693875187,0.));
#2005 = SURFACE_OF_LINEAR_EXTRUSION('',#2006,#2009);
#2006 = B_SPLINE_CURVE_WITH_KNOTS('',1,(#2007,#2008),.UNSPECIFIED.,.F.,
  .F.,(2,2),(0.,0.745650718271),.PIECEWISE_BEZIER_KNOTS.);
#2007 = CARTESIAN_POINT('',(5.380834462287,28.369212986783,0.));
#2008 = CARTESIAN_POINT('',(4.646511853894,28.498693875187,0.));
#2009 = VECTOR('',#2010,1.);
#2010 = DIRECTION('',(-0.,-0.,-1.));
#2011 = ADVANCED_FACE('',(#2012),#2075,.T.);
#2012 = FACE_BOUND('',#2013,.T.);
#2013 = EDGE_LOOP('',(#2014,#2015,#2042,#2050));
#2014 = ORIENTED_EDGE('',*,*,#1993,.T.);
#2015 = ORIENTED_EDGE('',*,*,#2016,.T.);
#2016 = EDGE_CURVE('',#1987,#2017,#2019,.T.);
#2017 = VERTEX_POINT('',#2018);
#2018 = CARTESIAN_POINT('',(3.138026879385,25.910669371984,10.));
#2019 = B_SPLINE_CURVE_WITH_KNOTS('',3,(#2020,#2021,#2022,#2023,#2024,
    #2025,#2026,#2027,#2028,#2029,#2030,#2031,#2032,#2033,#2034,#2035,
    #2036,#2037,#2038,#2039,#2040,#2041),.UNSPECIFIED.,.F.,.F.,(4,1,1,1,
    1,1,1,1,1,1,1,1,1,1,1,1,1,1,1,4),(0.,0.215930110637,0.425449164594,
    0.62855716187,0.825254102467,1.015539986384,1.199414813622,
    1.376878584181,1.547931298062,1.712572955265,1.870803555792,
    2.022623099642,2.168031586817,2.307029017318,2.439615391146,
    2.565790708302,2.685554968787,2.798908172604,2.905850319754,
    3.00638141024),.UNSPECIFIED.);
#2020 = CARTESIAN_POINT('',(4.646511853894,28.498693875187,10.));
#2021 = CARTESIAN_POINT('',(4.602419615169,28.44180304302,10.));
#2022 = CARTESIAN_POINT('',(4.516419026206,28.329030452512,10.));
#2023 = CARTESIAN_POINT('',(4.39202810935,28.16042223469,10.));
#2024 = CARTESIAN_POINT('',(4.274055541777,27.995077656754,10.));
#2025 = CARTESIAN_POINT('',(4.162365946609,27.833156772299,10.));
#2026 = CARTESIAN_POINT('',(4.056819560404,27.674816227392,10.));
#2027 = CARTESIAN_POINT('',(3.957273489195,27.520209053469,10.));
#2028 = CARTESIAN_POINT('',(3.863581486479,27.369484635435,10.));
#2029 = CARTESIAN_POINT('',(3.775594110228,27.222788637029,10.));
#2030 = CARTESIAN_POINT('',(3.693158784888,27.080262939125,10.));
#2031 = CARTESIAN_POINT('',(3.616119888956,26.942045576827,10.));
#2032 = CARTESIAN_POINT('',(3.544318838048,26.808270678911,10.));
#2033 = CARTESIAN_POINT('',(3.477594168819,26.679068408996,10.));
#2034 = CARTESIAN_POINT('',(3.415781630207,26.554564907721,10.));
#2035 = CARTESIAN_POINT('',(3.358714252804,26.434882239324,10.));
#2036 = CARTESIAN_POINT('',(3.306222499488,26.320138330652,10.));
#2037 = CARTESIAN_POINT('',(3.258134139024,26.210446944342,10.));
#2038 = CARTESIAN_POINT('',(3.21427508061,26.10591754193,10.));
#2039 = CARTESIAN_POINT('',(3.174466909327,26.006655533379,10.));
#2040 = CARTESIAN_POINT('',(3.14974897873,25.942063380362,10.));
#2041 = CARTESIAN_POINT('',(3.138026879385,25.910669371984,10.));
#2042 = ORIENTED_EDGE('',*,*,#2043,.F.);
#2043 = EDGE_CURVE('',#2044,#2017,#2046,.T.);
#2044 = VERTEX_POINT('',#2045);
#2045 = CARTESIAN_POINT('',(3.138026879385,25.910669371984,0.));
#2046 = LINE('',#2047,#2048);
#2047 = CARTESIAN_POINT('',(3.138026879385,25.910669371984,0.));
#2048 = VECTOR('',#2049,1.);
#2049 = DIRECTION('',(0.,0.,1.));
#2050 = ORIENTED_EDGE('',*,*,#2051,.F.);
#2051 = EDGE_CURVE('',#1994,#2044,#2052,.T.);
#2052 = B_SPLINE_CURVE_WITH_KNOTS('',3,(#2053,#2054,#2055,#2056,#2057,
    #2058,#2059,#2060,#2061,#2062,#2063,#2064,#2065,#2066,#2067,#2068,
    #2069,#2070,#2071,#2072,#2073,#2074),.UNSPECIFIED.,.F.,.F.,(4,1,1,1,
    1,1,1,1,1,1,1,1,1,1,1,1,1,1,1,4),(0.,0.215930110637,0.425449164594,
    0.62855716187,0.825254102467,1.015539986384,1.199414813622,
    1.376878584181,1.547931298062,1.712572955265,1.870803555792,
    2.022623099642,2.168031586817,2.307029017318,2.439615391146,
    2.565790708302,2.685554968787,2.798908172604,2.905850319754,
    3.00638141024),.UNSPECIFIED.);
#2053 = CARTESIAN_POINT('',(4.646511853894,28.498693875187,0.));
#2054 = CARTESIAN_POINT('',(4.602419615169,28.44180304302,0.));
#2055 = CARTESIAN_POINT('',(4.516419026206,28.329030452512,0.));
#2056 = CARTESIAN_POINT('',(4.39202810935,28.16042223469,0.));
#2057 = CARTESIAN_POINT('',(4.274055541777,27.995077656754,0.));
#2058 = CARTESIAN_POINT('',(4.162365946609,27.833156772299,0.));
#2059 = CARTESIAN_POINT('',(4.056819560404,27.674816227392,0.));
#2060 = CARTESIAN_POINT('',(3.957273489195,27.520209053469,0.));
#2061 = CARTESIAN_POINT('',(3.863581486479,27.369484635435,0.));
#2062 = CARTESIAN_POINT('',(3.775594110228,27.222788637029,0.));
#2063 = CARTESIAN_POINT('',(3.693158784888,27.080262939125,0.));
#2064 = CARTESIAN_POINT('',(3.616119888956,26.942045576827,0.));
#2065 = CARTESIAN_POINT('',(3.544318838048,26.808270678911,0.));
#2066 = CARTESIAN_POINT('',(3.477594168819,26.679068408996,0.));
#2067 = CARTESIAN_POINT('',(3.415781630207,26.554564907721,0.));
#2068 = CARTESIAN_POINT('',(3.358714252804,26.434882239324,0.));
#2069 = CARTESIAN_POINT('',(3.306222499488,26.320138330652,0.));
#2070 = CARTESIAN_POINT('',(3.258134139024,26.210446944342,0.));
#2071 = CARTESIAN_POINT('',(3.21427508061,26.10591754193,0.));
#2072 = CARTESIAN_POINT('',(3.174466909327,26.006655533379,0.));
#2073 = CARTESIAN_POINT('',(3.14974897873,25.942063380362,0.));
#2074 = CARTESIAN_POINT('',(3.138026879385,25.910669371984,0.));
#2075 = SURFACE_OF_LINEAR_EXTRUSION('',#2076,#2099);
#2076 = B_SPLINE_CURVE_WITH_KNOTS('',3,(#2077,#2078,#2079,#2080,#2081,
    #2082,#2083,#2084,#2085,#2086,#2087,#2088,#2089,#2090,#2091,#2092,
    #2093,#2094,#2095,#2096,#2097,#2098),.UNSPECIFIED.,.F.,.F.,(4,1,1,1,
    1,1,1,1,1,1,1,1,1,1,1,1,1,1,1,4),(0.,0.215930110637,0.425449164594,
    0.62855716187,0.825254102467,1.015539986384,1.199414813622,
    1.376878584181,1.547931298062,1.712572955265,1.870803555792,
    2.022623099642,2.168031586817,2.307029017318,2.439615391146,
    2.565790708302,2.685554968787,2.798908172604,2.905850319754,
    3.00638141024),.UNSPECIFIED.);
#2077 = CARTESIAN_POINT('',(4.646511853894,28.498693875187,0.));
#2078 = CARTESIAN_POINT('',(4.602419615169,28.44180304302,0.));
#2079 = CARTESIAN_POINT('',(4.516419026206,28.329030452512,0.));
#2080 = CARTESIAN_POINT('',(4.39202810935,28.16042223469,0.));
#2081 = CARTESIAN_POINT('',(4.274055541777,27.995077656754,0.));
#2082 = CARTESIAN_POINT('',(4.162365946609,27.833156772299,0.));
#2083 = CARTESIAN_POINT('',(4.056819560404,27.674816227392,0.));
#2084 = CARTESIAN_POINT('',(3.957273489195,27.520209053469,0.));
#2085 = CARTESIAN_POINT('',(3.863581486479,27.369484635435,0.));
#2086 = CARTESIAN_POINT('',(3.775594110228,27.222788637029,0.));
#2087 = CARTESIAN_POINT('',(3.693158784888,27.080262939125,0.));
#2088 = CARTESIAN_POINT('',(3.616119888956,26.942045576827,0.));
#2089 = CARTESIAN_POINT('',(3.544318838048,26.808270678911,0.));
#2090 = CARTESIAN_POINT('',(3.477594168819,26.679068408996,0.));
#2091 = CARTESIAN_POINT('',(3.415781630207,26.554564907721,0.));
#2092 = CARTESIAN_POINT('',(3.358714252804,26.434882239324,0.));
#2093 = CARTESIAN_POINT('',(3.306222499488,26.320138330652,0.));
#2094 = CARTESIAN_POINT('',(3.258134139024,26.210446944342,0.));
#2095 = CARTESIAN_POINT('',(3.21427508061,26.10591754193,0.));
#2096 = CARTESIAN_POINT('',(3.174466909327,26.006655533379,0.));
#2097 = CARTESIAN_POINT('',(3.14974897873,25.942063380362,0.));
#2098 = CARTESIAN_POINT('',(3.138026879385,25.910669371984,0.));
#2099 = VECTOR('',#2100,1.);
#2100 = DIRECTION('',(-0.,-0.,-1.));
#2101 = ADVANCED_FACE('',(#2102),#2125,.T.);
#2102 = FACE_BOUND('',#2103,.T.);
#2103 = EDGE_LOOP('',(#2104,#2105,#2112,#2120));
#2104 = ORIENTED_EDGE('',*,*,#2043,.T.);
#2105 = ORIENTED_EDGE('',*,*,#2106,.T.);
#2106 = EDGE_CURVE('',#2017,#2107,#2109,.T.);
#2107 = VERTEX_POINT('',#2108);
#2108 = CARTESIAN_POINT('',(1.408987318597,26.061940732341,10.));
#2109 = B_SPLINE_CURVE_WITH_KNOTS('',1,(#2110,#2111),.UNSPECIFIED.,.F.,
  .F.,(2,2),(0.,1.735644211017),.PIECEWISE_BEZIER_KNOTS.);
#2110 = CARTESIAN_POINT('',(3.138026879385,25.910669371984,10.));
#2111 = CARTESIAN_POINT('',(1.408987318597,26.061940732341,10.));
#2112 = ORIENTED_EDGE('',*,*,#2113,.F.);
#2113 = EDGE_CURVE('',#2114,#2107,#2116,.T.);
#2114 = VERTEX_POINT('',#2115);
#2115 = CARTESIAN_POINT('',(1.408987318597,26.061940732341,0.));
#2116 = LINE('',#2117,#2118);
#2117 = CARTESIAN_POINT('',(1.408987318597,26.061940732341,0.));
#2118 = VECTOR('',#2119,1.);
#2119 = DIRECTION('',(0.,0.,1.));
#2120 = ORIENTED_EDGE('',*,*,#2121,.F.);
#2121 = EDGE_CURVE('',#2044,#2114,#2122,.T.);
#2122 = B_SPLINE_CURVE_WITH_KNOTS('',1,(#2123,#2124),.UNSPECIFIED.,.F.,
  .F.,(2,2),(0.,1.735644211017),.PIECEWISE_BEZIER_KNOTS.);
#2123 = CARTESIAN_POINT('',(3.138026879385,25.910669371984,0.));
#2124 = CARTESIAN_POINT('',(1.408987318597,26.061940732341,0.));
#2125 = SURFACE_OF_LINEAR_EXTRUSION('',#2126,#2129);
#2126 = B_SPLINE_CURVE_WITH_KNOTS('',1,(#2127,#2128),.UNSPECIFIED.,.F.,
  .F.,(2,2),(0.,1.735644211017),.PIECEWISE_BEZIER_KNOTS.);
#2127 = CARTESIAN_POINT('',(3.138026879385,25.910669371984,0.));
#2128 = CARTESIAN_POINT('',(1.408987318597,26.061940732341,0.));
#2129 = VECTOR('',#2130,1.);
#2130 = DIRECTION('',(-0.,-0.,-1.));
#2131 = ADVANCED_FACE('',(#2132),#2195,.T.);
#2132 = FACE_BOUND('',#2133,.T.);
#2133 = EDGE_LOOP('',(#2134,#2135,#2162,#2170));
#2134 = ORIENTED_EDGE('',*,*,#2113,.T.);
#2135 = ORIENTED_EDGE('',*,*,#2136,.T.);
#2136 = EDGE_CURVE('',#2107,#2137,#2139,.T.);
#2137 = VERTEX_POINT('',#2138);
#2138 = CARTESIAN_POINT('',(0.372825359136,28.872592994942,10.));
#2139 = B_SPLINE_CURVE_WITH_KNOTS('',3,(#2140,#2141,#2142,#2143,#2144,
    #2145,#2146,#2147,#2148,#2149,#2150,#2151,#2152,#2153,#2154,#2155,
    #2156,#2157,#2158,#2159,#2160,#2161),.UNSPECIFIED.,.F.,.F.,(4,1,1,1,
    1,1,1,1,1,1,1,1,1,1,1,1,1,1,1,4),(0.,0.100531090486,0.207473237636,
    0.320826441453,0.440590701938,0.566766019094,0.699352392922,
    0.838349823423,0.983758310598,1.135577854448,1.293808454975,
    1.458450112178,1.629502826059,1.806966596619,1.990841423856,
    2.181127307773,2.37782424837,2.580932245646,2.790451299603,
    3.00638141024),.UNSPECIFIED.);
#2140 = CARTESIAN_POINT('',(1.408987318597,26.061940732341,10.));
#2141 = CARTESIAN_POINT('',(1.402894816624,26.09489331638,10.));
#2142 = CARTESIAN_POINT('',(1.389768716597,26.162796393058,10.));
#2143 = CARTESIAN_POINT('',(1.367801987781,26.267463005058,10.));
#2144 = CARTESIAN_POINT('',(1.342760587256,26.378020416539,10.));
#2145 = CARTESIAN_POINT('',(1.31445050638,26.494395800377,10.));
#2146 = CARTESIAN_POINT('',(1.282681291385,26.616511588554,10.));
#2147 = CARTESIAN_POINT('',(1.24726357294,26.744285654383,10.));
#2148 = CARTESIAN_POINT('',(1.208009911791,26.877631302403,10.));
#2149 = CARTESIAN_POINT('',(1.164734678938,27.016457316739,10.));
#2150 = CARTESIAN_POINT('',(1.11725421457,27.16066799501,10.));
#2151 = CARTESIAN_POINT('',(1.065386905658,27.31016318889,10.));
#2152 = CARTESIAN_POINT('',(1.008953285853,27.46483834521,10.));
#2153 = CARTESIAN_POINT('',(0.947776128347,27.62458454932,10.));
#2154 = CARTESIAN_POINT('',(0.881680538198,27.789288570302,10.));
#2155 = CARTESIAN_POINT('',(0.810494049496,27.958832907711,10.));
#2156 = CARTESIAN_POINT('',(0.734046697133,28.133095841576,10.));
#2157 = CARTESIAN_POINT('',(0.652171184392,28.311951478627,10.));
#2158 = CARTESIAN_POINT('',(0.564702669849,28.495269822271,10.));
#2159 = CARTESIAN_POINT('',(0.47148004029,28.682916758434,10.));
#2160 = CARTESIAN_POINT('',(0.406368748348,28.808909925445,10.));
#2161 = CARTESIAN_POINT('',(0.372825359136,28.872592994942,10.));
#2162 = ORIENTED_EDGE('',*,*,#2163,.F.);
#2163 = EDGE_CURVE('',#2164,#2137,#2166,.T.);
#2164 = VERTEX_POINT('',#2165);
#2165 = CARTESIAN_POINT('',(0.372825359136,28.872592994942,0.));
#2166 = LINE('',#2167,#2168);
#2167 = CARTESIAN_POINT('',(0.372825359136,28.872592994942,0.));
#2168 = VECTOR('',#2169,1.);
#2169 = DIRECTION('',(0.,0.,1.));
#2170 = ORIENTED_EDGE('',*,*,#2171,.F.);
#2171 = EDGE_CURVE('',#2114,#2164,#2172,.T.);
#2172 = B_SPLINE_CURVE_WITH_KNOTS('',3,(#2173,#2174,#2175,#2176,#2177,
    #2178,#2179,#2180,#2181,#2182,#2183,#2184,#2185,#2186,#2187,#2188,
    #2189,#2190,#2191,#2192,#2193,#2194),.UNSPECIFIED.,.F.,.F.,(4,1,1,1,
    1,1,1,1,1,1,1,1,1,1,1,1,1,1,1,4),(0.,0.100531090486,0.207473237636,
    0.320826441453,0.440590701938,0.566766019094,0.699352392922,
    0.838349823423,0.983758310598,1.135577854448,1.293808454975,
    1.458450112178,1.629502826059,1.806966596619,1.990841423856,
    2.181127307773,2.37782424837,2.580932245646,2.790451299603,
    3.00638141024),.UNSPECIFIED.);
#2173 = CARTESIAN_POINT('',(1.408987318597,26.061940732341,0.));
#2174 = CARTESIAN_POINT('',(1.402894816624,26.09489331638,0.));
#2175 = CARTESIAN_POINT('',(1.389768716597,26.162796393058,0.));
#2176 = CARTESIAN_POINT('',(1.367801987781,26.267463005058,0.));
#2177 = CARTESIAN_POINT('',(1.342760587256,26.378020416539,0.));
#2178 = CARTESIAN_POINT('',(1.31445050638,26.494395800377,0.));
#2179 = CARTESIAN_POINT('',(1.282681291385,26.616511588554,0.));
#2180 = CARTESIAN_POINT('',(1.24726357294,26.744285654383,0.));
#2181 = CARTESIAN_POINT('',(1.208009911791,26.877631302403,0.));
#2182 = CARTESIAN_POINT('',(1.164734678938,27.016457316739,0.));
#2183 = CARTESIAN_POINT('',(1.11725421457,27.16066799501,0.));
#2184 = CARTESIAN_POINT('',(1.065386905658,27.31016318889,0.));
#2185 = CARTESIAN_POINT('',(1.008953285853,27.46483834521,0.));
#2186 = CARTESIAN_POINT('',(0.947776128347,27.62458454932,0.));
#2187 = CARTESIAN_POINT('',(0.881680538198,27.789288570302,0.));
#2188 = CARTESIAN_POINT('',(0.810494049496,27.958832907711,0.));
#2189 = CARTESIAN_POINT('',(0.734046697133,28.133095841576,0.));
#2190 = CARTESIAN_POINT('',(0.652171184392,28.311951478627,0.));
#2191 = CARTESIAN_POINT('',(0.564702669849,28.495269822271,0.));
#2192 = CARTESIAN_POINT('',(0.47148004029,28.682916758434,0.));
#2193 = CARTESIAN_POINT('',(0.406368748348,28.808909925445,0.));
#2194 = CARTESIAN_POINT('',(0.372825359136,28.872592994942,0.));
#2195 = SURFACE_OF_LINEAR_EXTRUSION('',#2196,#2219);
#2196 = B_SPLINE_CURVE_WITH_KNOTS('',3,(#2197,#2198,#2199,#2200,#2201,
    #2202,#2203,#2204,#2205,#2206,#2207,#2208,#2209,#2210,#2211,#2212,
    #2213,#2214,#2215,#2216,#2217,#2218),.UNSPECIFIED.,.F.,.F.,(4,1,1,1,
    1,1,1,1,1,1,1,1,1,1,1,1,1,1,1,4),(0.,0.100531090486,0.207473237636,
    0.320826441453,0.440590701938,0.566766019094,0.699352392922,
    0.838349823423,0.983758310598,1.135577854448,1.293808454975,
    1.458450112178,1.629502826059,1.806966596619,1.990841423856,
    2.181127307773,2.37782424837,2.580932245646,2.790451299603,
    3.00638141024),.UNSPECIFIED.);
#2197 = CARTESIAN_POINT('',(1.408987318597,26.061940732341,0.));
#2198 = CARTESIAN_POINT('',(1.402894816624,26.09489331638,0.));
#2199 = CARTESIAN_POINT('',(1.389768716597,26.162796393058,0.));
#2200 = CARTESIAN_POINT('',(1.367801987781,26.267463005058,0.));
#2201 = CARTESIAN_POINT('',(1.342760587256,26.378020416539,0.));
#2202 = CARTESIAN_POINT('',(1.31445050638,26.494395800377,0.));
#2203 = CARTESIAN_POINT('',(1.282681291385,26.616511588554,0.));
#2204 = CARTESIAN_POINT('',(1.24726357294,26.744285654383,0.));
#2205 = CARTESIAN_POINT('',(1.208009911791,26.877631302403,0.));
#2206 = CARTESIAN_POINT('',(1.164734678938,27.016457316739,0.));
#2207 = CARTESIAN_POINT('',(1.11725421457,27.16066799501,0.));
#2208 = CARTESIAN_POINT('',(1.065386905658,27.31016318889,0.));
#2209 = CARTESIAN_POINT('',(1.008953285853,27.46483834521,0.));
#2210 = CARTESIAN_POINT('',(0.947776128347,27.62458454932,0.));
#2211 = CARTESIAN_POINT('',(0.881680538198,27.789288570302,0.));
#2212 = CARTESIAN_POINT('',(0.810494049496,27.958832907711,0.));
#2213 = CARTESIAN_POINT('',(0.734046697133,28.133095841576,0.));
#2214 = CARTESIAN_POINT('',(0.652171184392,28.311951478627,0.));
#2215 = CARTESIAN_POINT('',(0.564702669849,28.495269822271,0.));
#2216 = CARTESIAN_POINT('',(0.47148004029,28.682916758434,0.));
#2217 = CARTESIAN_POINT('',(0.406368748348,28.808909925445,0.));
#2218 = CARTESIAN_POINT('',(0.372825359136,28.872592994942,0.));
#2219 = VECTOR('',#2220,1.);
#2220 = DIRECTION('',(-0.,-0.,-1.));
#2221 = ADVANCED_FACE('',(#2222),#2245,.T.);
#2222 = FACE_BOUND('',#2223,.T.);
#2223 = EDGE_LOOP('',(#2224,#2225,#2232,#2240));
#2224 = ORIENTED_EDGE('',*,*,#2163,.T.);
#2225 = ORIENTED_EDGE('',*,*,#2226,.T.);
#2226 = EDGE_CURVE('',#2137,#2227,#2229,.T.);
#2227 = VERTEX_POINT('',#2228);
#2228 = CARTESIAN_POINT('',(-0.372825359136,28.872592994942,10.));
#2229 = B_SPLINE_CURVE_WITH_KNOTS('',1,(#2230,#2231),.UNSPECIFIED.,.F.,
  .F.,(2,2),(0.,0.745650718271),.PIECEWISE_BEZIER_KNOTS.);
#2230 = CARTESIAN_POINT('',(0.372825359136,28.872592994942,10.));
#2231 = CARTESIAN_POINT('',(-0.372825359136,28.872592994942,10.));
#2232 = ORIENTED_EDGE('',*,*,#2233,.F.);
#2233 = EDGE_CURVE('',#2234,#2227,#2236,.T.);
#2234 = VERTEX_POINT('',#2235);
#2235 = CARTESIAN_POINT('',(-0.372825359136,28.872592994942,0.));
#2236 = LINE('',#2237,#2238);
#2237 = CARTESIAN_POINT('',(-0.372825359136,28.872592994942,0.));
#2238 = VECTOR('',#2239,1.);
#2239 = DIRECTION('',(0.,0.,1.));
#2240 = ORIENTED_EDGE('',*,*,#2241,.F.);
#2241 = EDGE_CURVE('',#2164,#2234,#2242,.T.);
#2242 = B_SPLINE_CURVE_WITH_KNOTS('',1,(#2243,#2244),.UNSPECIFIED.,.F.,
  .F.,(2,2),(0.,0.745650718271),.PIECEWISE_BEZIER_KNOTS.);
#2243 = CARTESIAN_POINT('',(0.372825359136,28.872592994942,0.));
#2244 = CARTESIAN_POINT('',(-0.372825359136,28.872592994942,0.));
#2245 = SURFACE_OF_LINEAR_EXTRUSION('',#2246,#2249);
#2246 = B_SPLINE_CURVE_WITH_KNOTS('',1,(#2247,#2248),.UNSPECIFIED.,.F.,
  .F.,(2,2),(0.,0.745650718271),.PIECEWISE_BEZIER_KNOTS.);
#2247 = CARTESIAN_POINT('',(0.372825359136,28.872592994942,0.));
#2248 = CARTESIAN_POINT('',(-0.372825359136,28.872592994942,0.));
#2249 = VECTOR('',#2250,1.);
#2250 = DIRECTION('',(-0.,-0.,-1.));
#2251 = ADVANCED_FACE('',(#2252),#2315,.T.);
#2252 = FACE_BOUND('',#2253,.T.);
#2253 = EDGE_LOOP('',(#2254,#2255,#2282,#2290));
#2254 = ORIENTED_EDGE('',*,*,#2233,.T.);
#2255 = ORIENTED_EDGE('',*,*,#2256,.T.);
#2256 = EDGE_CURVE('',#2227,#2257,#2259,.T.);
#2257 = VERTEX_POINT('',#2258);
#2258 = CARTESIAN_POINT('',(-1.408987318597,26.061940732341,10.));
#2259 = B_SPLINE_CURVE_WITH_KNOTS('',3,(#2260,#2261,#2262,#2263,#2264,
    #2265,#2266,#2267,#2268,#2269,#2270,#2271,#2272,#2273,#2274,#2275,
    #2276,#2277,#2278,#2279,#2280,#2281),.UNSPECIFIED.,.F.,.F.,(4,1,1,1,
    1,1,1,1,1,1,1,1,1,1,1,1,1,1,1,4),(0.,0.215930110637,0.425449164594,
    0.62855716187,0.825254102467,1.015539986384,1.199414813622,
    1.376878584181,1.547931298062,1.712572955265,1.870803555792,
    2.022623099642,2.168031586817,2.307029017318,2.439615391146,
    2.565790708302,2.685554968787,2.798908172604,2.905850319754,
    3.00638141024),.UNSPECIFIED.);
#2260 = CARTESIAN_POINT('',(-0.372825359136,28.872592994942,10.));
#2261 = CARTESIAN_POINT('',(-0.406368748348,28.808909925445,10.));
#2262 = CARTESIAN_POINT('',(-0.47148004029,28.682916758434,10.));
#2263 = CARTESIAN_POINT('',(-0.564702669849,28.495269822271,10.));
#2264 = CARTESIAN_POINT('',(-0.652171184392,28.311951478627,10.));
#2265 = CARTESIAN_POINT('',(-0.734046697133,28.133095841576,10.));
#2266 = CARTESIAN_POINT('',(-0.810494049496,27.958832907711,10.));
#2267 = CARTESIAN_POINT('',(-0.881680538198,27.789288570302,10.));
#2268 = CARTESIAN_POINT('',(-0.947776128347,27.62458454932,10.));
#2269 = CARTESIAN_POINT('',(-1.008953285853,27.46483834521,10.));
#2270 = CARTESIAN_POINT('',(-1.065386905658,27.31016318889,10.));
#2271 = CARTESIAN_POINT('',(-1.11725421457,27.16066799501,10.));
#2272 = CARTESIAN_POINT('',(-1.164734678938,27.016457316739,10.));
#2273 = CARTESIAN_POINT('',(-1.208009911791,26.877631302403,10.));
#2274 = CARTESIAN_POINT('',(-1.24726357294,26.744285654383,10.));
#2275 = CARTESIAN_POINT('',(-1.282681291385,26.616511588554,10.));
#2276 = CARTESIAN_POINT('',(-1.31445050638,26.494395800377,10.));
#2277 = CARTESIAN_POINT('',(-1.342760587256,26.378020416539,10.));
#2278 = CARTESIAN_POINT('',(-1.367801987781,26.267463005058,10.));
#2279 = CARTESIAN_POINT('',(-1.389768716597,26.162796393058,10.));
#2280 = CARTESIAN_POINT('',(-1.402894816624,26.09489331638,10.));
#2281 = CARTESIAN_POINT('',(-1.408987318597,26.061940732341,10.));
#2282 = ORIENTED_EDGE('',*,*,#2283,.F.);
#2283 = EDGE_CURVE('',#2284,#2257,#2286,.T.);
#2284 = VERTEX_POINT('',#2285);
#2285 = CARTESIAN_POINT('',(-1.408987318597,26.061940732341,0.));
#2286 = LINE('',#2287,#2288);
#2287 = CARTESIAN_POINT('',(-1.408987318597,26.061940732341,0.));
#2288 = VECTOR('',#2289,1.);
#2289 = DIRECTION('',(0.,0.,1.));
#2290 = ORIENTED_EDGE('',*,*,#2291,.F.);
#2291 = EDGE_CURVE('',#2234,#2284,#2292,.T.);
#2292 = B_SPLINE_CURVE_WITH_KNOTS('',3,(#2293,#2294,#2295,#2296,#2297,
    #2298,#2299,#2300,#2301,#2302,#2303,#2304,#2305,#2306,#2307,#2308,
    #2309,#2310,#2311,#2312,#2313,#2314),.UNSPECIFIED.,.F.,.F.,(4,1,1,1,
    1,1,1,1,1,1,1,1,1,1,1,1,1,1,1,4),(0.,0.215930110637,0.425449164594,
    0.62855716187,0.825254102467,1.015539986384,1.199414813622,
    1.376878584181,1.547931298062,1.712572955265,1.870803555792,
    2.022623099642,2.168031586817,2.307029017318,2.439615391146,
    2.565790708302,2.685554968787,2.798908172604,2.905850319754,
    3.00638141024),.UNSPECIFIED.);
#2293 = CARTESIAN_POINT('',(-0.372825359136,28.872592994942,0.));
#2294 = CARTESIAN_POINT('',(-0.406368748348,28.808909925445,0.));
#2295 = CARTESIAN_POINT('',(-0.47148004029,28.682916758434,0.));
#2296 = CARTESIAN_POINT('',(-0.564702669849,28.495269822271,0.));
#2297 = CARTESIAN_POINT('',(-0.652171184392,28.311951478627,0.));
#2298 = CARTESIAN_POINT('',(-0.734046697133,28.133095841576,0.));
#2299 = CARTESIAN_POINT('',(-0.810494049496,27.958832907711,0.));
#2300 = CARTESIAN_POINT('',(-0.881680538198,27.789288570302,0.));
#2301 = CARTESIAN_POINT('',(-0.947776128347,27.62458454932,0.));
#2302 = CARTESIAN_POINT('',(-1.008953285853,27.46483834521,0.));
#2303 = CARTESIAN_POINT('',(-1.065386905658,27.31016318889,0.));
#2304 = CARTESIAN_POINT('',(-1.11725421457,27.16066799501,0.));
#2305 = CARTESIAN_POINT('',(-1.164734678938,27.016457316739,0.));
#2306 = CARTESIAN_POINT('',(-1.208009911791,26.877631302403,0.));
#2307 = CARTESIAN_POINT('',(-1.24726357294,26.744285654383,0.));
#2308 = CARTESIAN_POINT('',(-1.282681291385,26.616511588554,0.));
#2309 = CARTESIAN_POINT('',(-1.31445050638,26.494395800377,0.));
#2310 = CARTESIAN_POINT('',(-1.342760587256,26.378020416539,0.));
#2311 = CARTESIAN_POINT('',(-1.367801987781,26.267463005058,0.));
#2312 = CARTESIAN_POINT('',(-1.389768716597,26.162796393058,0.));
#2313 = CARTESIAN_POINT('',(-1.402894816624,26.09489331638,0.));
#2314 = CARTESIAN_POINT('',(-1.408987318597,26.061940732341,0.));
#2315 = SURFACE_OF_LINEAR_EXTRUSION('',#2316,#2339);
#2316 = B_SPLINE_CURVE_WITH_KNOTS('',3,(#2317,#2318,#2319,#2320,#2321,
    #2322,#2323,#2324,#2325,#2326,#2327,#2328,#2329,#2330,#2331,#2332,
    #2333,#2334,#2335,#2336,#2337,#2338),.UNSPECIFIED.,.F.,.F.,(4,1,1,1,
    1,1,1,1,1,1,1,1,1,1,1,1,1,1,1,4),(0.,0.215930110637,0.425449164594,
    0.62855716187,0.825254102467,1.015539986384,1.199414813622,
    1.376878584181,1.547931298062,1.712572955265,1.870803555792,
    2.022623099642,2.168031586817,2.307029017318,2.439615391146,
    2.565790708302,2.685554968787,2.798908172604,2.905850319754,
    3.00638141024),.UNSPECIFIED.);
#2317 = CARTESIAN_POINT('',(-0.372825359136,28.872592994942,0.));
#2318 = CARTESIAN_POINT('',(-0.406368748348,28.808909925445,0.));
#2319 = CARTESIAN_POINT('',(-0.47148004029,28.682916758434,0.));
#2320 = CARTESIAN_POINT('',(-0.564702669849,28.495269822271,0.));
#2321 = CARTESIAN_POINT('',(-0.652171184392,28.311951478627,0.));
#2322 = CARTESIAN_POINT('',(-0.734046697133,28.133095841576,0.));
#2323 = CARTESIAN_POINT('',(-0.810494049496,27.958832907711,0.));
#2324 = CARTESIAN_POINT('',(-0.881680538198,27.789288570302,0.));
#2325 = CARTESIAN_POINT('',(-0.947776128347,27.62458454932,0.));
#2326 = CARTESIAN_POINT('',(-1.008953285853,27.46483834521,0.));
#2327 = CARTESIAN_POINT('',(-1.065386905658,27.31016318889,0.));
#2328 = CARTESIAN_POINT('',(-1.11725421457,27.16066799501,0.));
#2329 = CARTESIAN_POINT('',(-1.164734678938,27.016457316739,0.));
#2330 = CARTESIAN_POINT('',(-1.208009911791,26.877631302403,0.));
#2331 = CARTESIAN_POINT('',(-1.24726357294,26.744285654383,0.));
#2332 = CARTESIAN_POINT('',(-1.282681291385,26.616511588554,0.));
#2333 = CARTESIAN_POINT('',(-1.31445050638,26.494395800377,0.));
#2334 = CARTESIAN_POINT('',(-1.342760587256,26.378020416539,0.));
#2335 = CARTESIAN_POINT('',(-1.367801987781,26.267463005058,0.));
#2336 = CARTESIAN_POINT('',(-1.389768716597,26.162796393058,0.));
#2337 = CARTESIAN_POINT('',(-1.402894816624,26.09489331638,0.));
#2338 = CARTESIAN_POINT('',(-1.408987318597,26.061940732341,0.));
#2339 = VECTOR('',#2340,1.);
#2340 = DIRECTION('',(-0.,-0.,-1.));
#2341 = ADVANCED_FACE('',(#2342),#2365,.T.);
#2342 = FACE_BOUND('',#2343,.T.);
#2343 = EDGE_LOOP('',(#2344,#2345,#2352,#2360));
#2344 = ORIENTED_EDGE('',*,*,#2283,.T.);
#2345 = ORIENTED_EDGE('',*,*,#2346,.T.);
#2346 = EDGE_CURVE('',#2257,#2347,#2349,.T.);
#2347 = VERTEX_POINT('',#2348);
#2348 = CARTESIAN_POINT('',(-3.138026879385,25.910669371984,10.));
#2349 = B_SPLINE_CURVE_WITH_KNOTS('',1,(#2350,#2351),.UNSPECIFIED.,.F.,
  .F.,(2,2),(0.,1.735644211017),.PIECEWISE_BEZIER_KNOTS.);
#2350 = CARTESIAN_POINT('',(-1.408987318597,26.061940732341,10.));
#2351 = CARTESIAN_POINT('',(-3.138026879385,25.910669371984,10.));
#2352 = ORIENTED_EDGE('',*,*,#2353,.F.);
#2353 = EDGE_CURVE('',#2354,#2347,#2356,.T.);
#2354 = VERTEX_POINT('',#2355);
#2355 = CARTESIAN_POINT('',(-3.138026879385,25.910669371984,0.));
#2356 = LINE('',#2357,#2358);
#2357 = CARTESIAN_POINT('',(-3.138026879385,25.910669371984,0.));
#2358 = VECTOR('',#2359,1.);
#2359 = DIRECTION('',(0.,0.,1.));
#2360 = ORIENTED_EDGE('',*,*,#2361,.F.);
#2361 = EDGE_CURVE('',#2284,#2354,#2362,.T.);
#2362 = B_SPLINE_CURVE_WITH_KNOTS('',1,(#2363,#2364),.UNSPECIFIED.,.F.,
  .F.,(2,2),(0.,1.735644211017),.PIECEWISE_BEZIER_KNOTS.);
#2363 = CARTESIAN_POINT('',(-1.408987318597,26.061940732341,0.));
#2364 = CARTESIAN_POINT('',(-3.138026879385,25.910669371984,0.));
#2365 = SURFACE_OF_LINEAR_EXTRUSION('',#2366,#2369);
#2366 = B_SPLINE_CURVE_WITH_KNOTS('',1,(#2367,#2368),.UNSPECIFIED.,.F.,
  .F.,(2,2),(0.,1.735644211017),.PIECEWISE_BEZIER_KNOTS.);
#2367 = CARTESIAN_POINT('',(-1.408987318597,26.061940732341,0.));
#2368 = CARTESIAN_POINT('',(-3.138026879385,25.910669371984,0.));
#2369 = VECTOR('',#2370,1.);
#2370 = DIRECTION('',(-0.,-0.,-1.));
#2371 = ADVANCED_FACE('',(#2372),#2435,.T.);
#2372 = FACE_BOUND('',#2373,.T.);
#2373 = EDGE_LOOP('',(#2374,#2375,#2402,#2410));
#2374 = ORIENTED_EDGE('',*,*,#2353,.T.);
#2375 = ORIENTED_EDGE('',*,*,#2376,.T.);
#2376 = EDGE_CURVE('',#2347,#2377,#2379,.T.);
#2377 = VERTEX_POINT('',#2378);
#2378 = CARTESIAN_POINT('',(-4.646511853894,28.498693875187,10.));
#2379 = B_SPLINE_CURVE_WITH_KNOTS('',3,(#2380,#2381,#2382,#2383,#2384,
    #2385,#2386,#2387,#2388,#2389,#2390,#2391,#2392,#2393,#2394,#2395,
    #2396,#2397,#2398,#2399,#2400,#2401),.UNSPECIFIED.,.F.,.F.,(4,1,1,1,
    1,1,1,1,1,1,1,1,1,1,1,1,1,1,1,4),(0.,0.100531090486,0.207473237636,
    0.320826441453,0.440590701938,0.566766019094,0.699352392922,
    0.838349823423,0.983758310598,1.135577854448,1.293808454975,
    1.458450112178,1.629502826059,1.806966596619,1.990841423856,
    2.181127307773,2.37782424837,2.580932245646,2.790451299603,
    3.00638141024),.UNSPECIFIED.);
#2380 = CARTESIAN_POINT('',(-3.138026879385,25.910669371984,10.));
#2381 = CARTESIAN_POINT('',(-3.14974897873,25.942063380362,10.));
#2382 = CARTESIAN_POINT('',(-3.174466909327,26.006655533379,10.));
#2383 = CARTESIAN_POINT('',(-3.21427508061,26.10591754193,10.));
#2384 = CARTESIAN_POINT('',(-3.258134139024,26.210446944342,10.));
#2385 = CARTESIAN_POINT('',(-3.306222499488,26.320138330652,10.));
#2386 = CARTESIAN_POINT('',(-3.358714252804,26.434882239324,10.));
#2387 = CARTESIAN_POINT('',(-3.415781630207,26.554564907721,10.));
#2388 = CARTESIAN_POINT('',(-3.477594168819,26.679068408996,10.));
#2389 = CARTESIAN_POINT('',(-3.544318838048,26.808270678911,10.));
#2390 = CARTESIAN_POINT('',(-3.616119888956,26.942045576827,10.));
#2391 = CARTESIAN_POINT('',(-3.693158784888,27.080262939125,10.));
#2392 = CARTESIAN_POINT('',(-3.775594110228,27.222788637029,10.));
#2393 = CARTESIAN_POINT('',(-3.863581486479,27.369484635435,10.));
#2394 = CARTESIAN_POINT('',(-3.957273489195,27.520209053469,10.));
#2395 = CARTESIAN_POINT('',(-4.056819560404,27.674816227392,10.));
#2396 = CARTESIAN_POINT('',(-4.162365946609,27.833156772299,10.));
#2397 = CARTESIAN_POINT('',(-4.274055541777,27.995077656754,10.));
#2398 = CARTESIAN_POINT('',(-4.39202810935,28.16042223469,10.));
#2399 = CARTESIAN_POINT('',(-4.516419026206,28.329030452512,10.));
#2400 = CARTESIAN_POINT('',(-4.602419615169,28.44180304302,10.));
#2401 = CARTESIAN_POINT('',(-4.646511853894,28.498693875187,10.));
#2402 = ORIENTED_EDGE('',*,*,#2403,.F.);
#2403 = EDGE_CURVE('',#2404,#2377,#2406,.T.);
#2404 = VERTEX_POINT('',#2405);
#2405 = CARTESIAN_POINT('',(-4.646511853894,28.498693875187,0.));
#2406 = LINE('',#2407,#2408);
#2407 = CARTESIAN_POINT('',(-4.646511853894,28.498693875187,0.));
#2408 = VECTOR('',#2409,1.);
#2409 = DIRECTION('',(0.,0.,1.));
#2410 = ORIENTED_EDGE('',*,*,#2411,.F.);
#2411 = EDGE_CURVE('',#2354,#2404,#2412,.T.);
#2412 = B_SPLINE_CURVE_WITH_KNOTS('',3,(#2413,#2414,#2415,#2416,#2417,
    #2418,#2419,#2420,#2421,#2422,#2423,#2424,#2425,#2426,#2427,#2428,
    #2429,#2430,#2431,#2432,#2433,#2434),.UNSPECIFIED.,.F.,.F.,(4,1,1,1,
    1,1,1,1,1,1,1,1,1,1,1,1,1,1,1,4),(0.,0.100531090486,0.207473237636,
    0.320826441453,0.440590701938,0.566766019094,0.699352392922,
    0.838349823423,0.983758310598,1.135577854448,1.293808454975,
    1.458450112178,1.629502826059,1.806966596619,1.990841423856,
    2.181127307773,2.37782424837,2.580932245646,2.790451299603,
    3.00638141024),.UNSPECIFIED.);
#2413 = CARTESIAN_POINT('',(-3.138026879385,25.910669371984,0.));
#2414 = CARTESIAN_POINT('',(-3.14974897873,25.942063380362,0.));
#2415 = CARTESIAN_POINT('',(-3.174466909327,26.006655533379,0.));
#2416 = CARTESIAN_POINT('',(-3.21427508061,26.10591754193,0.));
#2417 = CARTESIAN_POINT('',(-3.258134139024,26.210446944342,0.));
#2418 = CARTESIAN_POINT('',(-3.306222499488,26.320138330652,0.));
#2419 = CARTESIAN_POINT('',(-3.358714252804,26.434882239324,0.));
#2420 = CARTESIAN_POINT('',(-3.415781630207,26.554564907721,0.));
#2421 = CARTESIAN_POINT('',(-3.477594168819,26.679068408996,0.));
#2422 = CARTESIAN_POINT('',(-3.544318838048,26.808270678911,0.));
#2423 = CARTESIAN_POINT('',(-3.616119888956,26.942045576827,0.));
#2424 = CARTESIAN_POINT('',(-3.693158784888,27.080262939125,0.));
#2425 = CARTESIAN_POINT('',(-3.775594110228,27.222788637029,0.));
#2426 = CARTESIAN_POINT('',(-3.863581486479,27.369484635435,0.));
#2427 = CARTESIAN_POINT('',(-3.957273489195,27.520209053469,0.));
#2428 = CARTESIAN_POINT('',(-4.056819560404,27.674816227392,0.));
#2429 = CARTESIAN_POINT('',(-4.162365946609,27.833156772299,0.));
#2430 = CARTESIAN_POINT('',(-4.274055541777,27.995077656754,0.));
#2431 = CARTESIAN_POINT('',(-4.39202810935,28.16042223469,0.));
#2432 = CARTESIAN_POINT('',(-4.516419026206,28.329030452512,0.));
#2433 = CARTESIAN_POINT('',(-4.602419615169,28.44180304302,0.));
#2434 = CARTESIAN_POINT('',(-4.646511853894,28.498693875187,0.));
#2435 = SURFACE_OF_LINEAR_EXTRUSION('',#2436,#2459);
#2436 = B_SPLINE_CURVE_WITH_KNOTS('',3,(#2437,#2438,#2439,#2440,#2441,
    #2442,#2443,#2444,#2445,#2446,#2447,#2448,#2449,#2450,#2451,#2452,
    #2453,#2454,#2455,#2456,#2457,#2458),.UNSPECIFIED.,.F.,.F.,(4,1,1,1,
    1,1,1,1,1,1,1,1,1,1,1,1,1,1,1,4),(0.,0.100531090486,0.207473237636,
    0.320826441453,0.440590701938,0.566766019094,0.699352392922,
    0.838349823423,0.983758310598,1.135577854448,1.293808454975,
    1.458450112178,1.629502826059,1.806966596619,1.990841423856,
    2.181127307773,2.37782424837,2.580932245646,2.790451299603,
    3.00638141024),.UNSPECIFIED.);
#2437 = CARTESIAN_POINT('',(-3.138026879385,25.910669371984,0.));
#2438 = CARTESIAN_POINT('',(-3.14974897873,25.942063380362,0.));
#2439 = CARTESIAN_POINT('',(-3.174466909327,26.006655533379,0.));
#2440 = CARTESIAN_POINT('',(-3.21427508061,26.10591754193,0.));
#2441 = CARTESIAN_POINT('',(-3.258134139024,26.210446944342,0.));
#2442 = CARTESIAN_POINT('',(-3.306222499488,26.320138330652,0.));
#2443 = CARTESIAN_POINT('',(-3.358714252804,26.434882239324,0.));
#2444 = CARTESIAN_POINT('',(-3.415781630207,26.554564907721,0.));
#2445 = CARTESIAN_POINT('',(-3.477594168819,26.679068408996,0.));
#2446 = CARTESIAN_POINT('',(-3.544318838048,26.808270678911,0.));
#2447 = CARTESIAN_POINT('',(-3.616119888956,26.942045576827,0.));
#2448 = CARTESIAN_POINT('',(-3.693158784888,27.080262939125,0.));
#2449 = CARTESIAN_POINT('',(-3.775594110228,27.222788637029,0.));
#2450 = CARTESIAN_POINT('',(-3.863581486479,27.369484635435,0.));
#2451 = CARTESIAN_POINT('',(-3.957273489195,27.520209053469,0.));
#2452 = CARTESIAN_POINT('',(-4.056819560404,27.674816227392,0.));
#2453 = CARTESIAN_POINT('',(-4.162365946609,27.833156772299,0.));
#2454 = CARTESIAN_POINT('',(-4.274055541777,27.995077656754,0.));
#2455 = CARTESIAN_POINT('',(-4.39202810935,28.16042223469,0.));
#2456 = CARTESIAN_POINT('',(-4.516419026206,28.329030452512,0.));
#2457 = CARTESIAN_POINT('',(-4.602419615169,28.44180304302,0.));
#2458 = CARTESIAN_POINT('',(-4.646511853894,28.498693875187,0.));
#2459 = VECTOR('',#2460,1.);
#2460 = DIRECTION('',(-0.,-0.,-1.));
#2461 = ADVANCED_FACE('',(#2462),#2485,.T.);
#2462 = FACE_BOUND('',#2463,.T.);
#2463 = EDGE_LOOP('',(#2464,#2465,#2472,#2480));
#2464 = ORIENTED_EDGE('',*,*,#2403,.T.);
#2465 = ORIENTED_EDGE('',*,*,#2466,.T.);
#2466 = EDGE_CURVE('',#2377,#2467,#2469,.T.);
#2467 = VERTEX_POINT('',#2468);
#2468 = CARTESIAN_POINT('',(-5.380834462287,28.369212986783,10.));
#2469 = B_SPLINE_CURVE_WITH_KNOTS('',1,(#2470,#2471),.UNSPECIFIED.,.F.,
  .F.,(2,2),(0.,0.745650718271),.PIECEWISE_BEZIER_KNOTS.);
#2470 = CARTESIAN_POINT('',(-4.646511853894,28.498693875187,10.));
#2471 = CARTESIAN_POINT('',(-5.380834462287,28.369212986783,10.));
#2472 = ORIENTED_EDGE('',*,*,#2473,.F.);
#2473 = EDGE_CURVE('',#2474,#2467,#2476,.T.);
#2474 = VERTEX_POINT('',#2475);
#2475 = CARTESIAN_POINT('',(-5.380834462287,28.369212986783,0.));
#2476 = LINE('',#2477,#2478);
#2477 = CARTESIAN_POINT('',(-5.380834462287,28.369212986783,0.));
#2478 = VECTOR('',#2479,1.);
#2479 = DIRECTION('',(0.,0.,1.));
#2480 = ORIENTED_EDGE('',*,*,#2481,.F.);
#2481 = EDGE_CURVE('',#2404,#2474,#2482,.T.);
#2482 = B_SPLINE_CURVE_WITH_KNOTS('',1,(#2483,#2484),.UNSPECIFIED.,.F.,
  .F.,(2,2),(0.,0.745650718271),.PIECEWISE_BEZIER_KNOTS.);
#2483 = CARTESIAN_POINT('',(-4.646511853894,28.498693875187,0.));
#2484 = CARTESIAN_POINT('',(-5.380834462287,28.369212986783,0.));
#2485 = SURFACE_OF_LINEAR_EXTRUSION('',#2486,#2489);
#2486 = B_SPLINE_CURVE_WITH_KNOTS('',1,(#2487,#2488),.UNSPECIFIED.,.F.,
  .F.,(2,2),(0.,0.745650718271),.PIECEWISE_BEZIER_KNOTS.);
#2487 = CARTESIAN_POINT('',(-4.646511853894,28.498693875187,0.));
#2488 = CARTESIAN_POINT('',(-5.380834462287,28.369212986783,0.));
#2489 = VECTOR('',#2490,1.);
#2490 = DIRECTION('',(-0.,-0.,-1.));
#2491 = ADVANCED_FACE('',(#2492),#2555,.T.);
#2492 = FACE_BOUND('',#2493,.T.);
#2493 = EDGE_LOOP('',(#2494,#2495,#2522,#2530));
#2494 = ORIENTED_EDGE('',*,*,#2473,.T.);
#2495 = ORIENTED_EDGE('',*,*,#2496,.T.);
#2496 = EDGE_CURVE('',#2467,#2497,#2499,.T.);
#2497 = VERTEX_POINT('',#2498);
#2498 = CARTESIAN_POINT('',(-5.913190149884,25.421333211524,10.));
#2499 = B_SPLINE_CURVE_WITH_KNOTS('',3,(#2500,#2501,#2502,#2503,#2504,
    #2505,#2506,#2507,#2508,#2509,#2510,#2511,#2512,#2513,#2514,#2515,
    #2516,#2517,#2518,#2519,#2520,#2521),.UNSPECIFIED.,.F.,.F.,(4,1,1,1,
    1,1,1,1,1,1,1,1,1,1,1,1,1,1,1,4),(0.,0.215930110637,0.425449164594,
    0.62855716187,0.825254102467,1.015539986384,1.199414813622,
    1.376878584181,1.547931298062,1.712572955265,1.870803555792,
    2.022623099642,2.168031586817,2.307029017318,2.439615391146,
    2.565790708302,2.685554968787,2.798908172604,2.905850319754,
    3.00638141024),.UNSPECIFIED.);
#2500 = CARTESIAN_POINT('',(-5.380834462287,28.369212986783,10.));
#2501 = CARTESIAN_POINT('',(-5.402809803079,28.300672657797,10.));
#2502 = CARTESIAN_POINT('',(-5.445053424342,28.165287152907,10.));
#2503 = CARTESIAN_POINT('',(-5.504275244179,27.964303055604,10.));
#2504 = CARTESIAN_POINT('',(-5.558582019139,27.768580981361,10.));
#2505 = CARTESIAN_POINT('',(-5.608155703429,27.57822502974,10.));
#2506 = CARTESIAN_POINT('',(-5.653181207832,27.393334597982,10.));
#2507 = CARTESIAN_POINT('',(-5.693845148591,27.214004615984,10.));
#2508 = CARTESIAN_POINT('',(-5.730336045112,27.040325440388,10.));
#2509 = CARTESIAN_POINT('',(-5.762844146898,26.87238283815,10.));
#2510 = CARTESIAN_POINT('',(-5.791561354187,26.71025794977,10.));
#2511 = CARTESIAN_POINT('',(-5.816681114144,26.554027260125,10.));
#2512 = CARTESIAN_POINT('',(-5.838398322088,26.403762569985,10.));
#2513 = CARTESIAN_POINT('',(-5.856909222513,26.259530969424,10.));
#2514 = CARTESIAN_POINT('',(-5.872411303568,26.121394814698,10.));
#2515 = CARTESIAN_POINT('',(-5.885103213602,25.989411701771,10.));
#2516 = CARTESIAN_POINT('',(-5.895184598756,25.863634460519,10.));
#2517 = CARTESIAN_POINT('',(-5.902856212562,25.744111086302,10.));
#2518 = CARTESIAN_POINT('',(-5.908319084914,25.630884896755,10.));
#2519 = CARTESIAN_POINT('',(-5.911776923324,25.523993923348,10.));
#2520 = CARTESIAN_POINT('',(-5.912912362874,25.454843123632,10.));
#2521 = CARTESIAN_POINT('',(-5.913190149884,25.421333211524,10.));
#2522 = ORIENTED_EDGE('',*,*,#2523,.F.);
#2523 = EDGE_CURVE('',#2524,#2497,#2526,.T.);
#2524 = VERTEX_POINT('',#2525);
#2525 = CARTESIAN_POINT('',(-5.913190149884,25.421333211524,0.));
#2526 = LINE('',#2527,#2528);
#2527 = CARTESIAN_POINT('',(-5.913190149884,25.421333211524,0.));
#2528 = VECTOR('',#2529,1.);
#2529 = DIRECTION('',(0.,0.,1.));
#2530 = ORIENTED_EDGE('',*,*,#2531,.F.);
#2531 = EDGE_CURVE('',#2474,#2524,#2532,.T.);
#2532 = B_SPLINE_CURVE_WITH_KNOTS('',3,(#2533,#2534,#2535,#2536,#2537,
    #2538,#2539,#2540,#2541,#2542,#2543,#2544,#2545,#2546,#2547,#2548,
    #2549,#2550,#2551,#2552,#2553,#2554),.UNSPECIFIED.,.F.,.F.,(4,1,1,1,
    1,1,1,1,1,1,1,1,1,1,1,1,1,1,1,4),(0.,0.215930110637,0.425449164594,
    0.62855716187,0.825254102467,1.015539986384,1.199414813622,
    1.376878584181,1.547931298062,1.712572955265,1.870803555792,
    2.022623099642,2.168031586817,2.307029017318,2.439615391146,
    2.565790708302,2.685554968787,2.798908172604,2.905850319754,
    3.00638141024),.UNSPECIFIED.);
#2533 = CARTESIAN_POINT('',(-5.380834462287,28.369212986783,0.));
#2534 = CARTESIAN_POINT('',(-5.402809803079,28.300672657797,0.));
#2535 = CARTESIAN_POINT('',(-5.445053424342,28.165287152907,0.));
#2536 = CARTESIAN_POINT('',(-5.504275244179,27.964303055604,0.));
#2537 = CARTESIAN_POINT('',(-5.558582019139,27.768580981361,0.));
#2538 = CARTESIAN_POINT('',(-5.608155703429,27.57822502974,0.));
#2539 = CARTESIAN_POINT('',(-5.653181207832,27.393334597982,0.));
#2540 = CARTESIAN_POINT('',(-5.693845148591,27.214004615984,0.));
#2541 = CARTESIAN_POINT('',(-5.730336045112,27.040325440388,0.));
#2542 = CARTESIAN_POINT('',(-5.762844146898,26.87238283815,0.));
#2543 = CARTESIAN_POINT('',(-5.791561354187,26.71025794977,0.));
#2544 = CARTESIAN_POINT('',(-5.816681114144,26.554027260125,0.));
#2545 = CARTESIAN_POINT('',(-5.838398322088,26.403762569985,0.));
#2546 = CARTESIAN_POINT('',(-5.856909222513,26.259530969424,0.));
#2547 = CARTESIAN_POINT('',(-5.872411303568,26.121394814698,0.));
#2548 = CARTESIAN_POINT('',(-5.885103213602,25.989411701771,0.));
#2549 = CARTESIAN_POINT('',(-5.895184598756,25.863634460519,0.));
#2550 = CARTESIAN_POINT('',(-5.902856212562,25.744111086302,0.));
#2551 = CARTESIAN_POINT('',(-5.908319084914,25.630884896755,0.));
#2552 = CARTESIAN_POINT('',(-5.911776923324,25.523993923348,0.));
#2553 = CARTESIAN_POINT('',(-5.912912362874,25.454843123632,0.));
#2554 = CARTESIAN_POINT('',(-5.913190149884,25.421333211524,0.));
#2555 = SURFACE_OF_LINEAR_EXTRUSION('',#2556,#2579);
#2556 = B_SPLINE_CURVE_WITH_KNOTS('',3,(#2557,#2558,#2559,#2560,#2561,
    #2562,#2563,#2564,#2565,#2566,#2567,#2568,#2569,#2570,#2571,#2572,
    #2573,#2574,#2575,#2576,#2577,#2578),.UNSPECIFIED.,.F.,.F.,(4,1,1,1,
    1,1,1,1,1,1,1,1,1,1,1,1,1,1,1,4),(0.,0.215930110637,0.425449164594,
    0.62855716187,0.825254102467,1.015539986384,1.199414813622,
    1.376878584181,1.547931298062,1.712572955265,1.870803555792,
    2.022623099642,2.168031586817,2.307029017318,2.439615391146,
    2.565790708302,2.685554968787,2.798908172604,2.905850319754,
    3.00638141024),.UNSPECIFIED.);
#2557 = CARTESIAN_POINT('',(-5.380834462287,28.369212986783,0.));
#2558 = CARTESIAN_POINT('',(-5.402809803079,28.300672657797,0.));
#2559 = CARTESIAN_POINT('',(-5.445053424342,28.165287152907,0.));
#2560 = CARTESIAN_POINT('',(-5.504275244179,27.964303055604,0.));
#2561 = CARTESIAN_POINT('',(-5.558582019139,27.768580981361,0.));
#2562 = CARTESIAN_POINT('',(-5.608155703429,27.57822502974,0.));
#2563 = CARTESIAN_POINT('',(-5.653181207832,27.393334597982,0.));
#2564 = CARTESIAN_POINT('',(-5.693845148591,27.214004615984,0.));
#2565 = CARTESIAN_POINT('',(-5.730336045112,27.040325440388,0.));
#2566 = CARTESIAN_POINT('',(-5.762844146898,26.87238283815,0.));
#2567 = CARTESIAN_POINT('',(-5.791561354187,26.71025794977,0.));
#2568 = CARTESIAN_POINT('',(-5.816681114144,26.554027260125,0.));
#2569 = CARTESIAN_POINT('',(-5.838398322088,26.403762569985,0.));
#2570 = CARTESIAN_POINT('',(-5.856909222513,26.259530969424,0.));
#2571 = CARTESIAN_POINT('',(-5.872411303568,26.121394814698,0.));
#2572 = CARTESIAN_POINT('',(-5.885103213602,25.989411701771,0.));
#2573 = CARTESIAN_POINT('',(-5.895184598756,25.863634460519,0.));
#2574 = CARTESIAN_POINT('',(-5.902856212562,25.744111086302,0.));
#2575 = CARTESIAN_POINT('',(-5.908319084914,25.630884896755,0.));
#2576 = CARTESIAN_POINT('',(-5.911776923324,25.523993923348,0.));
#2577 = CARTESIAN_POINT('',(-5.912912362874,25.454843123632,0.));
#2578 = CARTESIAN_POINT('',(-5.913190149884,25.421333211524,0.));
#2579 = VECTOR('',#2580,1.);
#2580 = DIRECTION('',(-0.,-0.,-1.));
#2581 = ADVANCED_FACE('',(#2582),#2605,.T.);
#2582 = FACE_BOUND('',#2583,.T.);
#2583 = EDGE_LOOP('',(#2584,#2585,#2592,#2600));
#2584 = ORIENTED_EDGE('',*,*,#2523,.T.);
#2585 = ORIENTED_EDGE('',*,*,#2586,.T.);
#2586 = EDGE_CURVE('',#2497,#2587,#2589,.T.);
#2587 = VERTEX_POINT('',#2588);
#2588 = CARTESIAN_POINT('',(-7.589693718554,24.972115434191,10.));
#2589 = B_SPLINE_CURVE_WITH_KNOTS('',1,(#2590,#2591),.UNSPECIFIED.,.F.,
  .F.,(2,2),(0.,1.735644211017),.PIECEWISE_BEZIER_KNOTS.);
#2590 = CARTESIAN_POINT('',(-5.913190149884,25.421333211524,10.));
#2591 = CARTESIAN_POINT('',(-7.589693718554,24.972115434191,10.));
#2592 = ORIENTED_EDGE('',*,*,#2593,.F.);
#2593 = EDGE_CURVE('',#2594,#2587,#2596,.T.);
#2594 = VERTEX_POINT('',#2595);
#2595 = CARTESIAN_POINT('',(-7.589693718554,24.972115434191,0.));
#2596 = LINE('',#2597,#2598);
#2597 = CARTESIAN_POINT('',(-7.589693718554,24.972115434191,0.));
#2598 = VECTOR('',#2599,1.);
#2599 = DIRECTION('',(0.,0.,1.));
#2600 = ORIENTED_EDGE('',*,*,#2601,.F.);
#2601 = EDGE_CURVE('',#2524,#2594,#2602,.T.);
#2602 = B_SPLINE_CURVE_WITH_KNOTS('',1,(#2603,#2604),.UNSPECIFIED.,.F.,
  .F.,(2,2),(0.,1.735644211017),.PIECEWISE_BEZIER_KNOTS.);
#2603 = CARTESIAN_POINT('',(-5.913190149884,25.421333211524,0.));
#2604 = CARTESIAN_POINT('',(-7.589693718554,24.972115434191,0.));
#2605 = SURFACE_OF_LINEAR_EXTRUSION('',#2606,#2609);
#2606 = B_SPLINE_CURVE_WITH_KNOTS('',1,(#2607,#2608),.UNSPECIFIED.,.F.,
  .F.,(2,2),(0.,1.735644211017),.PIECEWISE_BEZIER_KNOTS.);
#2607 = CARTESIAN_POINT('',(-5.913190149884,25.421333211524,0.));
#2608 = CARTESIAN_POINT('',(-7.589693718554,24.972115434191,0.));
#2609 = VECTOR('',#2610,1.);
#2610 = DIRECTION('',(-0.,-0.,-1.));
#2611 = ADVANCED_FACE('',(#2612),#2675,.T.);
#2612 = FACE_BOUND('',#2613,.T.);
#2613 = EDGE_LOOP('',(#2614,#2615,#2642,#2650));
#2614 = ORIENTED_EDGE('',*,*,#2593,.T.);
#2615 = ORIENTED_EDGE('',*,*,#2616,.T.);
#2616 = EDGE_CURVE('',#2587,#2617,#2619,.T.);
#2617 = VERTEX_POINT('',#2618);
#2618 = CARTESIAN_POINT('',(-9.524667155492,27.258876363069,10.));
#2619 = B_SPLINE_CURVE_WITH_KNOTS('',3,(#2620,#2621,#2622,#2623,#2624,
    #2625,#2626,#2627,#2628,#2629,#2630,#2631,#2632,#2633,#2634,#2635,
    #2636,#2637,#2638,#2639,#2640,#2641),.UNSPECIFIED.,.F.,.F.,(4,1,1,1,
    1,1,1,1,1,1,1,1,1,1,1,1,1,1,1,4),(0.,0.100531090486,0.207473237636,
    0.320826441453,0.440590701938,0.566766019094,0.699352392922,
    0.838349823423,0.983758310598,1.135577854448,1.293808454975,
    1.458450112178,1.629502826059,1.806966596619,1.990841423856,
    2.181127307773,2.37782424837,2.580932245646,2.790451299603,
    3.00638141024),.UNSPECIFIED.);
#2620 = CARTESIAN_POINT('',(-7.589693718554,24.972115434191,10.));
#2621 = CARTESIAN_POINT('',(-7.606689245216,25.00099697585,10.));
#2622 = CARTESIAN_POINT('',(-7.642247964569,25.060315605321,10.));
#2623 = CARTESIAN_POINT('',(-7.698688027178,25.151156984522,10.));
#2624 = CARTESIAN_POINT('',(-7.760032108185,25.246482304867,10.));
#2625 = CARTESIAN_POINT('',(-7.826437607738,25.346156776382,10.));
#2626 = CARTESIAN_POINT('',(-7.898056964013,25.450042369948,10.));
#2627 = CARTESIAN_POINT('',(-7.975040036988,25.557997143596,10.));
#2628 = CARTESIAN_POINT('',(-8.057533310357,25.669875522242,10.));
#2629 = CARTESIAN_POINT('',(-8.145680020652,25.785528302143,10.));
#2630 = CARTESIAN_POINT('',(-8.2396200195,25.904802737125,10.));
#2631 = CARTESIAN_POINT('',(-8.339489714583,26.027542603229,10.));
#2632 = CARTESIAN_POINT('',(-8.445421989811,26.153588271508,10.));
#2633 = CARTESIAN_POINT('',(-8.557546132905,26.28277678053,10.));
#2634 = CARTESIAN_POINT('',(-8.675987764097,26.414941910445,10.));
#2635 = CARTESIAN_POINT('',(-8.800868760812,26.549914260135,10.));
#2636 = CARTESIAN_POINT('',(-8.932307207322,26.687521318753,10.));
#2637 = CARTESIAN_POINT('',(-9.070417253087,26.827587566473,10.));
#2638 = CARTESIAN_POINT('',(-9.215309336921,26.96993446737,10.));
#2639 = CARTESIAN_POINT('',(-9.36708898601,27.114380891472,10.));
#2640 = CARTESIAN_POINT('',(-9.471365787616,27.210506367379,10.));
#2641 = CARTESIAN_POINT('',(-9.524667155492,27.258876363069,10.));
#2642 = ORIENTED_EDGE('',*,*,#2643,.F.);
#2643 = EDGE_CURVE('',#2644,#2617,#2646,.T.);
#2644 = VERTEX_POINT('',#2645);
#2645 = CARTESIAN_POINT('',(-9.524667155492,27.258876363069,0.));
#2646 = LINE('',#2647,#2648);
#2647 = CARTESIAN_POINT('',(-9.524667155492,27.258876363069,0.));
#2648 = VECTOR('',#2649,1.);
#2649 = DIRECTION('',(0.,0.,1.));
#2650 = ORIENTED_EDGE('',*,*,#2651,.F.);
#2651 = EDGE_CURVE('',#2594,#2644,#2652,.T.);
#2652 = B_SPLINE_CURVE_WITH_KNOTS('',3,(#2653,#2654,#2655,#2656,#2657,
    #2658,#2659,#2660,#2661,#2662,#2663,#2664,#2665,#2666,#2667,#2668,
    #2669,#2670,#2671,#2672,#2673,#2674),.UNSPECIFIED.,.F.,.F.,(4,1,1,1,
    1,1,1,1,1,1,1,1,1,1,1,1,1,1,1,4),(0.,0.100531090486,0.207473237636,
    0.320826441453,0.440590701938,0.566766019094,0.699352392922,
    0.838349823423,0.983758310598,1.135577854448,1.293808454975,
    1.458450112178,1.629502826059,1.806966596619,1.990841423856,
    2.181127307773,2.37782424837,2.580932245646,2.790451299603,
    3.00638141024),.UNSPECIFIED.);
#2653 = CARTESIAN_POINT('',(-7.589693718554,24.972115434191,0.));
#2654 = CARTESIAN_POINT('',(-7.606689245216,25.00099697585,0.));
#2655 = CARTESIAN_POINT('',(-7.642247964569,25.060315605321,0.));
#2656 = CARTESIAN_POINT('',(-7.698688027178,25.151156984522,0.));
#2657 = CARTESIAN_POINT('',(-7.760032108185,25.246482304867,0.));
#2658 = CARTESIAN_POINT('',(-7.826437607738,25.346156776382,0.));
#2659 = CARTESIAN_POINT('',(-7.898056964013,25.450042369948,0.));
#2660 = CARTESIAN_POINT('',(-7.975040036988,25.557997143596,0.));
#2661 = CARTESIAN_POINT('',(-8.057533310357,25.669875522242,0.));
#2662 = CARTESIAN_POINT('',(-8.145680020652,25.785528302143,0.));
#2663 = CARTESIAN_POINT('',(-8.2396200195,25.904802737125,0.));
#2664 = CARTESIAN_POINT('',(-8.339489714583,26.027542603229,0.));
#2665 = CARTESIAN_POINT('',(-8.445421989811,26.153588271508,0.));
#2666 = CARTESIAN_POINT('',(-8.557546132905,26.28277678053,0.));
#2667 = CARTESIAN_POINT('',(-8.675987764097,26.414941910445,0.));
#2668 = CARTESIAN_POINT('',(-8.800868760812,26.549914260135,0.));
#2669 = CARTESIAN_POINT('',(-8.932307207322,26.687521318753,0.));
#2670 = CARTESIAN_POINT('',(-9.070417253087,26.827587566473,0.));
#2671 = CARTESIAN_POINT('',(-9.215309336921,26.96993446737,0.));
#2672 = CARTESIAN_POINT('',(-9.36708898601,27.114380891472,0.));
#2673 = CARTESIAN_POINT('',(-9.471365787616,27.210506367379,0.));
#2674 = CARTESIAN_POINT('',(-9.524667155492,27.258876363069,0.));
#2675 = SURFACE_OF_LINEAR_EXTRUSION('',#2676,#2699);
#2676 = B_SPLINE_CURVE_WITH_KNOTS('',3,(#2677,#2678,#2679,#2680,#2681,
    #2682,#2683,#2684,#2685,#2686,#2687,#2688,#2689,#2690,#2691,#2692,
    #2693,#2694,#2695,#2696,#2697,#2698),.UNSPECIFIED.,.F.,.F.,(4,1,1,1,
    1,1,1,1,1,1,1,1,1,1,1,1,1,1,1,4),(0.,0.100531090486,0.207473237636,
    0.320826441453,0.440590701938,0.566766019094,0.699352392922,
    0.838349823423,0.983758310598,1.135577854448,1.293808454975,
    1.458450112178,1.629502826059,1.806966596619,1.990841423856,
    2.181127307773,2.37782424837,2.580932245646,2.790451299603,
    3.00638141024),.UNSPECIFIED.);
#2677 = CARTESIAN_POINT('',(-7.589693718554,24.972115434191,0.));
#2678 = CARTESIAN_POINT('',(-7.606689245216,25.00099697585,0.));
#2679 = CARTESIAN_POINT('',(-7.642247964569,25.060315605321,0.));
#2680 = CARTESIAN_POINT('',(-7.698688027178,25.151156984522,0.));
#2681 = CARTESIAN_POINT('',(-7.760032108185,25.246482304867,0.));
#2682 = CARTESIAN_POINT('',(-7.826437607738,25.346156776382,0.));
#2683 = CARTESIAN_POINT('',(-7.898056964013,25.450042369948,0.));
#2684 = CARTESIAN_POINT('',(-7.975040036988,25.557997143596,0.));
#2685 = CARTESIAN_POINT('',(-8.057533310357,25.669875522242,0.));
#2686 = CARTESIAN_POINT('',(-8.145680020652,25.785528302143,0.));
#2687 = CARTESIAN_POINT('',(-8.2396200195,25.904802737125,0.));
#2688 = CARTESIAN_POINT('',(-8.339489714583,26.027542603229,0.));
#2689 = CARTESIAN_POINT('',(-8.445421989811,26.153588271508,0.));
#2690 = CARTESIAN_POINT('',(-8.557546132905,26.28277678053,0.));
#2691 = CARTESIAN_POINT('',(-8.675987764097,26.414941910445,0.));
#2692 = CARTESIAN_POINT('',(-8.800868760812,26.549914260135,0.));
#2693 = CARTESIAN_POINT('',(-8.932307207322,26.687521318753,0.));
#2694 = CARTESIAN_POINT('',(-9.070417253087,26.827587566473,0.));
#2695 = CARTESIAN_POINT('',(-9.215309336921,26.96993446737,0.));
#2696 = CARTESIAN_POINT('',(-9.36708898601,27.114380891472,0.));
#2697 = CARTESIAN_POINT('',(-9.471365787616,27.210506367379,0.));
#2698 = CARTESIAN_POINT('',(-9.524667155492,27.258876363069,0.));
#2699 = VECTOR('',#2700,1.);
#2700 = DIRECTION('',(-0.,-0.,-1.));
#2701 = ADVANCED_FACE('',(#2702),#2725,.T.);
#2702 = FACE_BOUND('',#2703,.T.);
#2703 = EDGE_LOOP('',(#2704,#2705,#2712,#2720));
#2704 = ORIENTED_EDGE('',*,*,#2643,.T.);
#2705 = ORIENTED_EDGE('',*,*,#2706,.T.);
#2706 = EDGE_CURVE('',#2617,#2707,#2709,.T.);
#2707 = VERTEX_POINT('',#2708);
#2708 = CARTESIAN_POINT('',(-10.22534963313,27.003848797535,10.));
#2709 = B_SPLINE_CURVE_WITH_KNOTS('',1,(#2710,#2711),.UNSPECIFIED.,.F.,
  .F.,(2,2),(0.,0.745650718271),.PIECEWISE_BEZIER_KNOTS.);
#2710 = CARTESIAN_POINT('',(-9.524667155492,27.258876363069,10.));
#2711 = CARTESIAN_POINT('',(-10.22534963313,27.003848797535,10.));
#2712 = ORIENTED_EDGE('',*,*,#2713,.F.);
#2713 = EDGE_CURVE('',#2714,#2707,#2716,.T.);
#2714 = VERTEX_POINT('',#2715);
#2715 = CARTESIAN_POINT('',(-10.22534963313,27.003848797535,0.));
#2716 = LINE('',#2717,#2718);
#2717 = CARTESIAN_POINT('',(-10.22534963313,27.003848797535,0.));
#2718 = VECTOR('',#2719,1.);
#2719 = DIRECTION('',(0.,0.,1.));
#2720 = ORIENTED_EDGE('',*,*,#2721,.F.);
#2721 = EDGE_CURVE('',#2644,#2714,#2722,.T.);
#2722 = B_SPLINE_CURVE_WITH_KNOTS('',1,(#2723,#2724),.UNSPECIFIED.,.F.,
  .F.,(2,2),(0.,0.745650718271),.PIECEWISE_BEZIER_KNOTS.);
#2723 = CARTESIAN_POINT('',(-9.524667155492,27.258876363069,0.));
#2724 = CARTESIAN_POINT('',(-10.22534963313,27.003848797535,0.));
#2725 = SURFACE_OF_LINEAR_EXTRUSION('',#2726,#2729);
#2726 = B_SPLINE_CURVE_WITH_KNOTS('',1,(#2727,#2728),.UNSPECIFIED.,.F.,
  .F.,(2,2),(0.,0.745650718271),.PIECEWISE_BEZIER_KNOTS.);
#2727 = CARTESIAN_POINT('',(-9.524667155492,27.258876363069,0.));
#2728 = CARTESIAN_POINT('',(-10.22534963313,27.003848797535,0.));
#2729 = VECTOR('',#2730,1.);
#2730 = DIRECTION('',(-0.,-0.,-1.));
#2731 = ADVANCED_FACE('',(#2732),#2795,.T.);
#2732 = FACE_BOUND('',#2733,.T.);
#2733 = EDGE_LOOP('',(#2734,#2735,#2762,#2770));
#2734 = ORIENTED_EDGE('',*,*,#2713,.T.);
#2735 = ORIENTED_EDGE('',*,*,#2736,.T.);
#2736 = EDGE_CURVE('',#2707,#2737,#2739,.T.);
#2737 = VERTEX_POINT('',#2738);
#2738 = CARTESIAN_POINT('',(-10.23772369068,24.00831134489,10.));
#2739 = B_SPLINE_CURVE_WITH_KNOTS('',3,(#2740,#2741,#2742,#2743,#2744,
    #2745,#2746,#2747,#2748,#2749,#2750,#2751,#2752,#2753,#2754,#2755,
    #2756,#2757,#2758,#2759,#2760,#2761),.UNSPECIFIED.,.F.,.F.,(4,1,1,1,
    1,1,1,1,1,1,1,1,1,1,1,1,1,1,1,4),(0.,0.215930110637,0.425449164594,
    0.62855716187,0.825254102467,1.015539986384,1.199414813622,
    1.376878584181,1.547931298062,1.712572955265,1.870803555792,
    2.022623099642,2.168031586817,2.307029017318,2.439615391146,
    2.565790708302,2.685554968787,2.798908172604,2.905850319754,
    3.00638141024),.UNSPECIFIED.);
#2740 = CARTESIAN_POINT('',(-10.22534963313,27.003848797535,10.));
#2741 = CARTESIAN_POINT('',(-10.23508921589,26.932533772273,10.));
#2742 = CARTESIAN_POINT('',(-10.25318161542,26.791869549562,10.));
#2743 = CARTESIAN_POINT('',(-10.27660320051,26.583655091213,10.));
#2744 = CARTESIAN_POINT('',(-10.29609815201,26.381476202556,10.));
#2745 = CARTESIAN_POINT('',(-10.31186373653,26.185403805631,10.));
#2746 = CARTESIAN_POINT('',(-10.32409931581,25.995503678189,10.));
#2747 = CARTESIAN_POINT('',(-10.33300515536,25.811836902361,10.));
#2748 = CARTESIAN_POINT('',(-10.33878260083,25.634459726014,10.));
#2749 = CARTESIAN_POINT('',(-10.34163390467,25.463423576635,10.));
#2750 = CARTESIAN_POINT('',(-10.34176214164,25.298775038888,10.));
#2751 = CARTESIAN_POINT('',(-10.33937110144,25.140555843928,10.));
#2752 = CARTESIAN_POINT('',(-10.33466518659,24.98880285849,10.));
#2753 = CARTESIAN_POINT('',(-10.32784931024,24.843548075903,10.));
#2754 = CARTESIAN_POINT('',(-10.31912878832,24.704818611632,10.));
#2755 = CARTESIAN_POINT('',(-10.30870925268,24.572636691707,10.));
#2756 = CARTESIAN_POINT('',(-10.2967964902,24.447019675209,10.));
#2757 = CARTESIAN_POINT('',(-10.28359653883,24.327979967856,10.));
#2758 = CARTESIAN_POINT('',(-10.2693148964,24.215525320718,10.));
#2759 = CARTESIAN_POINT('',(-10.25415877974,24.109657814041,10.));
#2760 = CARTESIAN_POINT('',(-10.24326905905,24.041360403345,10.));
#2761 = CARTESIAN_POINT('',(-10.23772369068,24.00831134489,10.));
#2762 = ORIENTED_EDGE('',*,*,#2763,.F.);
#2763 = EDGE_CURVE('',#2764,#2737,#2766,.T.);
#2764 = VERTEX_POINT('',#2765);
#2765 = CARTESIAN_POINT('',(-10.23772369068,24.00831134489,0.));
#2766 = LINE('',#2767,#2768);
#2767 = CARTESIAN_POINT('',(-10.23772369068,24.00831134489,0.));
#2768 = VECTOR('',#2769,1.);
#2769 = DIRECTION('',(0.,0.,1.));
#2770 = ORIENTED_EDGE('',*,*,#2771,.F.);
#2771 = EDGE_CURVE('',#2714,#2764,#2772,.T.);
#2772 = B_SPLINE_CURVE_WITH_KNOTS('',3,(#2773,#2774,#2775,#2776,#2777,
    #2778,#2779,#2780,#2781,#2782,#2783,#2784,#2785,#2786,#2787,#2788,
    #2789,#2790,#2791,#2792,#2793,#2794),.UNSPECIFIED.,.F.,.F.,(4,1,1,1,
    1,1,1,1,1,1,1,1,1,1,1,1,1,1,1,4),(0.,0.215930110637,0.425449164594,
    0.62855716187,0.825254102467,1.015539986384,1.199414813622,
    1.376878584181,1.547931298062,1.712572955265,1.870803555792,
    2.022623099642,2.168031586817,2.307029017318,2.439615391146,
    2.565790708302,2.685554968787,2.798908172604,2.905850319754,
    3.00638141024),.UNSPECIFIED.);
#2773 = CARTESIAN_POINT('',(-10.22534963313,27.003848797535,0.));
#2774 = CARTESIAN_POINT('',(-10.23508921589,26.932533772273,0.));
#2775 = CARTESIAN_POINT('',(-10.25318161542,26.791869549562,0.));
#2776 = CARTESIAN_POINT('',(-10.27660320051,26.583655091213,0.));
#2777 = CARTESIAN_POINT('',(-10.29609815201,26.381476202556,0.));
#2778 = CARTESIAN_POINT('',(-10.31186373653,26.185403805631,0.));
#2779 = CARTESIAN_POINT('',(-10.32409931581,25.995503678189,0.));
#2780 = CARTESIAN_POINT('',(-10.33300515536,25.811836902361,0.));
#2781 = CARTESIAN_POINT('',(-10.33878260083,25.634459726014,0.));
#2782 = CARTESIAN_POINT('',(-10.34163390467,25.463423576635,0.));
#2783 = CARTESIAN_POINT('',(-10.34176214164,25.298775038888,0.));
#2784 = CARTESIAN_POINT('',(-10.33937110144,25.140555843928,0.));
#2785 = CARTESIAN_POINT('',(-10.33466518659,24.98880285849,0.));
#2786 = CARTESIAN_POINT('',(-10.32784931024,24.843548075903,0.));
#2787 = CARTESIAN_POINT('',(-10.31912878832,24.704818611632,0.));
#2788 = CARTESIAN_POINT('',(-10.30870925268,24.572636691707,0.));
#2789 = CARTESIAN_POINT('',(-10.2967964902,24.447019675209,0.));
#2790 = CARTESIAN_POINT('',(-10.28359653883,24.327979967856,0.));
#2791 = CARTESIAN_POINT('',(-10.2693148964,24.215525320718,0.));
#2792 = CARTESIAN_POINT('',(-10.25415877974,24.109657814041,0.));
#2793 = CARTESIAN_POINT('',(-10.24326905905,24.041360403345,0.));
#2794 = CARTESIAN_POINT('',(-10.23772369068,24.00831134489,0.));
#2795 = SURFACE_OF_LINEAR_EXTRUSION('',#2796,#2819);
#2796 = B_SPLINE_CURVE_WITH_KNOTS('',3,(#2797,#2798,#2799,#2800,#2801,
    #2802,#2803,#2804,#2805,#2806,#2807,#2808,#2809,#2810,#2811,#2812,
    #2813,#2814,#2815,#2816,#2817,#2818),.UNSPECIFIED.,.F.,.F.,(4,1,1,1,
    1,1,1,1,1,1,1,1,1,1,1,1,1,1,1,4),(0.,0.215930110637,0.425449164594,
    0.62855716187,0.825254102467,1.015539986384,1.199414813622,
    1.376878584181,1.547931298062,1.712572955265,1.870803555792,
    2.022623099642,2.168031586817,2.307029017318,2.439615391146,
    2.565790708302,2.685554968787,2.798908172604,2.905850319754,
    3.00638141024),.UNSPECIFIED.);
#2797 = CARTESIAN_POINT('',(-10.22534963313,27.003848797535,0.));
#2798 = CARTESIAN_POINT('',(-10.23508921589,26.932533772273,0.));
#2799 = CARTESIAN_POINT('',(-10.25318161542,26.791869549562,0.));
#2800 = CARTESIAN_POINT('',(-10.27660320051,26.583655091213,0.));
#2801 = CARTESIAN_POINT('',(-10.29609815201,26.381476202556,0.));
#2802 = CARTESIAN_POINT('',(-10.31186373653,26.185403805631,0.));
#2803 = CARTESIAN_POINT('',(-10.32409931581,25.995503678189,0.));
#2804 = CARTESIAN_POINT('',(-10.33300515536,25.811836902361,0.));
#2805 = CARTESIAN_POINT('',(-10.33878260083,25.634459726014,0.));
#2806 = CARTESIAN_POINT('',(-10.34163390467,25.463423576635,0.));
#2807 = CARTESIAN_POINT('',(-10.34176214164,25.298775038888,0.));
#2808 = CARTESIAN_POINT('',(-10.33937110144,25.140555843928,0.));
#2809 = CARTESIAN_POINT('',(-10.33466518659,24.98880285849,0.));
#2810 = CARTESIAN_POINT('',(-10.32784931024,24.843548075903,0.));
#2811 = CARTESIAN_POINT('',(-10.31912878832,24.704818611632,0.));
#2812 = CARTESIAN_POINT('',(-10.30870925268,24.572636691707,0.));
#2813 = CARTESIAN_POINT('',(-10.2967964902,24.447019675209,0.));
#2814 = CARTESIAN_POINT('',(-10.28359653883,24.327979967856,0.));
#2815 = CARTESIAN_POINT('',(-10.2693148964,24.215525320718,0.));
#2816 = CARTESIAN_POINT('',(-10.25415877974,24.109657814041,0.));
#2817 = CARTESIAN_POINT('',(-10.24326905905,24.041360403345,0.));
#2818 = CARTESIAN_POINT('',(-10.23772369068,24.00831134489,0.));
#2819 = VECTOR('',#2820,1.);
#2820 = DIRECTION('',(-0.,-0.,-1.));
#2821 = ADVANCED_FACE('',(#2822),#2845,.T.);
#2822 = FACE_BOUND('',#2823,.T.);
#2823 = EDGE_LOOP('',(#2824,#2825,#2832,#2840));
#2824 = ORIENTED_EDGE('',*,*,#2763,.T.);
#2825 = ORIENTED_EDGE('',*,*,#2826,.T.);
#2826 = EDGE_CURVE('',#2737,#2827,#2829,.T.);
#2827 = VERTEX_POINT('',#2828);
#2828 = CARTESIAN_POINT('',(-11.81075155465,23.27479640543,10.));
#2829 = B_SPLINE_CURVE_WITH_KNOTS('',1,(#2830,#2831),.UNSPECIFIED.,.F.,
  .F.,(2,2),(0.,1.735644211017),.PIECEWISE_BEZIER_KNOTS.);
#2830 = CARTESIAN_POINT('',(-10.23772369068,24.00831134489,10.));
#2831 = CARTESIAN_POINT('',(-11.81075155465,23.27479640543,10.));
#2832 = ORIENTED_EDGE('',*,*,#2833,.F.);
#2833 = EDGE_CURVE('',#2834,#2827,#2836,.T.);
#2834 = VERTEX_POINT('',#2835);
#2835 = CARTESIAN_POINT('',(-11.81075155465,23.27479640543,0.));
#2836 = LINE('',#2837,#2838);
#2837 = CARTESIAN_POINT('',(-11.81075155465,23.27479640543,0.));
#2838 = VECTOR('',#2839,1.);
#2839 = DIRECTION('',(0.,0.,1.));
#2840 = ORIENTED_EDGE('',*,*,#2841,.F.);
#2841 = EDGE_CURVE('',#2764,#2834,#2842,.T.);
#2842 = B_SPLINE_CURVE_WITH_KNOTS('',1,(#2843,#2844),.UNSPECIFIED.,.F.,
  .F.,(2,2),(0.,1.735644211017),.PIECEWISE_BEZIER_KNOTS.);
#2843 = CARTESIAN_POINT('',(-10.23772369068,24.00831134489,0.));
#2844 = CARTESIAN_POINT('',(-11.81075155465,23.27479640543,0.));
#2845 = SURFACE_OF_LINEAR_EXTRUSION('',#2846,#2849);
#2846 = B_SPLINE_CURVE_WITH_KNOTS('',1,(#2847,#2848),.UNSPECIFIED.,.F.,
  .F.,(2,2),(0.,1.735644211017),.PIECEWISE_BEZIER_KNOTS.);
#2847 = CARTESIAN_POINT('',(-10.23772369068,24.00831134489,0.));
#2848 = CARTESIAN_POINT('',(-11.81075155465,23.27479640543,0.));
#2849 = VECTOR('',#2850,1.);
#2850 = DIRECTION('',(-0.,-0.,-1.));
#2851 = ADVANCED_FACE('',(#2852),#2915,.T.);
#2852 = FACE_BOUND('',#2853,.T.);
#2853 = EDGE_LOOP('',(#2854,#2855,#2882,#2890));
#2854 = ORIENTED_EDGE('',*,*,#2833,.T.);
#2855 = ORIENTED_EDGE('',*,*,#2856,.T.);
#2856 = EDGE_CURVE('',#2827,#2857,#2859,.T.);
#2857 = VERTEX_POINT('',#2858);
#2858 = CARTESIAN_POINT('',(-14.11342026528,25.190811686316,10.));
#2859 = B_SPLINE_CURVE_WITH_KNOTS('',3,(#2860,#2861,#2862,#2863,#2864,
    #2865,#2866,#2867,#2868,#2869,#2870,#2871,#2872,#2873,#2874,#2875,
    #2876,#2877,#2878,#2879,#2880,#2881),.UNSPECIFIED.,.F.,.F.,(4,1,1,1,
    1,1,1,1,1,1,1,1,1,1,1,1,1,1,1,4),(0.,0.100531090486,0.207473237636,
    0.320826441453,0.440590701938,0.566766019094,0.699352392922,
    0.838349823423,0.983758310598,1.135577854448,1.293808454975,
    1.458450112178,1.629502826059,1.806966596619,1.990841423856,
    2.181127307773,2.37782424837,2.580932245646,2.790451299603,
    3.00638141024),.UNSPECIFIED.);
#2860 = CARTESIAN_POINT('',(-11.81075155465,23.27479640543,10.));
#2861 = CARTESIAN_POINT('',(-11.83250410815,23.300287929342,10.));
#2862 = CARTESIAN_POINT('',(-11.87782318257,23.352530668727,10.));
#2863 = CARTESIAN_POINT('',(-11.94918023376,23.432191249239,10.));
#2864 = CARTESIAN_POINT('',(-12.0261454285,23.515416075895,10.));
#2865 = CARTESIAN_POINT('',(-12.10885036964,23.602045074236,10.));
#2866 = CARTESIAN_POINT('',(-12.19742121097,23.691915841503,10.));
#2867 = CARTESIAN_POINT('',(-12.29198088781,23.784862569233,10.));
#2868 = CARTESIAN_POINT('',(-12.39264837956,23.880716457328,10.));
#2869 = CARTESIAN_POINT('',(-12.49953883774,23.979305696022,10.));
#2870 = CARTESIAN_POINT('',(-12.6127634652,24.080455574719,10.));
#2871 = CARTESIAN_POINT('',(-12.73242946928,24.183988555906,10.));
#2872 = CARTESIAN_POINT('',(-12.85863999582,24.289724360711,10.));
#2873 = CARTESIAN_POINT('',(-12.99149407041,24.397480052876,10.));
#2874 = CARTESIAN_POINT('',(-13.13108654104,24.507070124077,10.));
#2875 = CARTESIAN_POINT('',(-13.27750801737,24.61830658299,10.));
#2876 = CARTESIAN_POINT('',(-13.4308448335,24.730999034474,10.));
#2877 = CARTESIAN_POINT('',(-13.59117892601,24.8449548034,10.));
#2878 = CARTESIAN_POINT('',(-13.75858805346,24.959978888703,10.));
#2879 = CARTESIAN_POINT('',(-13.93314468694,25.075874587583,10.));
#2880 = CARTESIAN_POINT('',(-14.05252930334,25.152432224947,10.));
#2881 = CARTESIAN_POINT('',(-14.11342026528,25.190811686316,10.));
#2882 = ORIENTED_EDGE('',*,*,#2883,.F.);
#2883 = EDGE_CURVE('',#2884,#2857,#2886,.T.);
#2884 = VERTEX_POINT('',#2885);
#2885 = CARTESIAN_POINT('',(-14.11342026528,25.190811686316,0.));
#2886 = LINE('',#2887,#2888);
#2887 = CARTESIAN_POINT('',(-14.11342026528,25.190811686316,0.));
#2888 = VECTOR('',#2889,1.);
#2889 = DIRECTION('',(0.,0.,1.));
#2890 = ORIENTED_EDGE('',*,*,#2891,.F.);
#2891 = EDGE_CURVE('',#2834,#2884,#2892,.T.);
#2892 = B_SPLINE_CURVE_WITH_KNOTS('',3,(#2893,#2894,#2895,#2896,#2897,
    #2898,#2899,#2900,#2901,#2902,#2903,#2904,#2905,#2906,#2907,#2908,
    #2909,#2910,#2911,#2912,#2913,#2914),.UNSPECIFIED.,.F.,.F.,(4,1,1,1,
    1,1,1,1,1,1,1,1,1,1,1,1,1,1,1,4),(0.,0.100531090486,0.207473237636,
    0.320826441453,0.440590701938,0.566766019094,0.699352392922,
    0.838349823423,0.983758310598,1.135577854448,1.293808454975,
    1.458450112178,1.629502826059,1.806966596619,1.990841423856,
    2.181127307773,2.37782424837,2.580932245646,2.790451299603,
    3.00638141024),.UNSPECIFIED.);
#2893 = CARTESIAN_POINT('',(-11.81075155465,23.27479640543,0.));
#2894 = CARTESIAN_POINT('',(-11.83250410815,23.300287929342,0.));
#2895 = CARTESIAN_POINT('',(-11.87782318257,23.352530668727,0.));
#2896 = CARTESIAN_POINT('',(-11.94918023376,23.432191249239,0.));
#2897 = CARTESIAN_POINT('',(-12.0261454285,23.515416075895,0.));
#2898 = CARTESIAN_POINT('',(-12.10885036964,23.602045074236,0.));
#2899 = CARTESIAN_POINT('',(-12.19742121097,23.691915841503,0.));
#2900 = CARTESIAN_POINT('',(-12.29198088781,23.784862569233,0.));
#2901 = CARTESIAN_POINT('',(-12.39264837956,23.880716457328,0.));
#2902 = CARTESIAN_POINT('',(-12.49953883774,23.979305696022,0.));
#2903 = CARTESIAN_POINT('',(-12.6127634652,24.080455574719,0.));
#2904 = CARTESIAN_POINT('',(-12.73242946928,24.183988555906,0.));
#2905 = CARTESIAN_POINT('',(-12.85863999582,24.289724360711,0.));
#2906 = CARTESIAN_POINT('',(-12.99149407041,24.397480052876,0.));
#2907 = CARTESIAN_POINT('',(-13.13108654104,24.507070124077,0.));
#2908 = CARTESIAN_POINT('',(-13.27750801737,24.61830658299,0.));
#2909 = CARTESIAN_POINT('',(-13.4308448335,24.730999034474,0.));
#2910 = CARTESIAN_POINT('',(-13.59117892601,24.8449548034,0.));
#2911 = CARTESIAN_POINT('',(-13.75858805346,24.959978888703,0.));
#2912 = CARTESIAN_POINT('',(-13.93314468694,25.075874587583,0.));
#2913 = CARTESIAN_POINT('',(-14.05252930334,25.152432224947,0.));
#2914 = CARTESIAN_POINT('',(-14.11342026528,25.190811686316,0.));
#2915 = SURFACE_OF_LINEAR_EXTRUSION('',#2916,#2939);
#2916 = B_SPLINE_CURVE_WITH_KNOTS('',3,(#2917,#2918,#2919,#2920,#2921,
    #2922,#2923,#2924,#2925,#2926,#2927,#2928,#2929,#2930,#2931,#2932,
    #2933,#2934,#2935,#2936,#2937,#2938),.UNSPECIFIED.,.F.,.F.,(4,1,1,1,
    1,1,1,1,1,1,1,1,1,1,1,1,1,1,1,4),(0.,0.100531090486,0.207473237636,
    0.320826441453,0.440590701938,0.566766019094,0.699352392922,
    0.838349823423,0.983758310598,1.135577854448,1.293808454975,
    1.458450112178,1.629502826059,1.806966596619,1.990841423856,
    2.181127307773,2.37782424837,2.580932245646,2.790451299603,
    3.00638141024),.UNSPECIFIED.);
#2917 = CARTESIAN_POINT('',(-11.81075155465,23.27479640543,0.));
#2918 = CARTESIAN_POINT('',(-11.83250410815,23.300287929342,0.));
#2919 = CARTESIAN_POINT('',(-11.87782318257,23.352530668727,0.));
#2920 = CARTESIAN_POINT('',(-11.94918023376,23.432191249239,0.));
#2921 = CARTESIAN_POINT('',(-12.0261454285,23.515416075895,0.));
#2922 = CARTESIAN_POINT('',(-12.10885036964,23.602045074236,0.));
#2923 = CARTESIAN_POINT('',(-12.19742121097,23.691915841503,0.));
#2924 = CARTESIAN_POINT('',(-12.29198088781,23.784862569233,0.));
#2925 = CARTESIAN_POINT('',(-12.39264837956,23.880716457328,0.));
#2926 = CARTESIAN_POINT('',(-12.49953883774,23.979305696022,0.));
#2927 = CARTESIAN_POINT('',(-12.6127634652,24.080455574719,0.));
#2928 = CARTESIAN_POINT('',(-12.73242946928,24.183988555906,0.));
#2929 = CARTESIAN_POINT('',(-12.85863999582,24.289724360711,0.));
#2930 = CARTESIAN_POINT('',(-12.99149407041,24.397480052876,0.));
#2931 = CARTESIAN_POINT('',(-13.13108654104,24.507070124077,0.));
#2932 = CARTESIAN_POINT('',(-13.27750801737,24.61830658299,0.));
#2933 = CARTESIAN_POINT('',(-13.4308448335,24.730999034474,0.));
#2934 = CARTESIAN_POINT('',(-13.59117892601,24.8449548034,0.));
#2935 = CARTESIAN_POINT('',(-13.75858805346,24.959978888703,0.));
#2936 = CARTESIAN_POINT('',(-13.93314468694,25.075874587583,0.));
#2937 = CARTESIAN_POINT('',(-14.05252930334,25.152432224947,0.));
#2938 = CARTESIAN_POINT('',(-14.11342026528,25.190811686316,0.));
#2939 = VECTOR('',#2940,1.);
#2940 = DIRECTION('',(-0.,-0.,-1.));
#2941 = ADVANCED_FACE('',(#2942),#2965,.T.);
#2942 = FACE_BOUND('',#2943,.T.);
#2943 = EDGE_LOOP('',(#2944,#2945,#2952,#2960));
#2944 = ORIENTED_EDGE('',*,*,#2883,.T.);
#2945 = ORIENTED_EDGE('',*,*,#2946,.T.);
#2946 = EDGE_CURVE('',#2857,#2947,#2949,.T.);
#2947 = VERTEX_POINT('',#2948);
#2948 = CARTESIAN_POINT('',(-14.75917272965,24.817986327181,10.));
#2949 = B_SPLINE_CURVE_WITH_KNOTS('',1,(#2950,#2951),.UNSPECIFIED.,.F.,
  .F.,(2,2),(0.,0.745650718271),.PIECEWISE_BEZIER_KNOTS.);
#2950 = CARTESIAN_POINT('',(-14.11342026528,25.190811686316,10.));
#2951 = CARTESIAN_POINT('',(-14.75917272965,24.817986327181,10.));
#2952 = ORIENTED_EDGE('',*,*,#2953,.F.);
#2953 = EDGE_CURVE('',#2954,#2947,#2956,.T.);
#2954 = VERTEX_POINT('',#2955);
#2955 = CARTESIAN_POINT('',(-14.75917272965,24.817986327181,0.));
#2956 = LINE('',#2957,#2958);
#2957 = CARTESIAN_POINT('',(-14.75917272965,24.817986327181,0.));
#2958 = VECTOR('',#2959,1.);
#2959 = DIRECTION('',(0.,0.,1.));
#2960 = ORIENTED_EDGE('',*,*,#2961,.F.);
#2961 = EDGE_CURVE('',#2884,#2954,#2962,.T.);
#2962 = B_SPLINE_CURVE_WITH_KNOTS('',1,(#2963,#2964),.UNSPECIFIED.,.F.,
  .F.,(2,2),(0.,0.745650718271),.PIECEWISE_BEZIER_KNOTS.);
#2963 = CARTESIAN_POINT('',(-14.11342026528,25.190811686316,0.));
#2964 = CARTESIAN_POINT('',(-14.75917272965,24.817986327181,0.));
#2965 = SURFACE_OF_LINEAR_EXTRUSION('',#2966,#2969);
#2966 = B_SPLINE_CURVE_WITH_KNOTS('',1,(#2967,#2968),.UNSPECIFIED.,.F.,
  .F.,(2,2),(0.,0.745650718271),.PIECEWISE_BEZIER_KNOTS.);
#2967 = CARTESIAN_POINT('',(-14.11342026528,25.190811686316,0.));
#2968 = CARTESIAN_POINT('',(-14.75917272965,24.817986327181,0.));
#2969 = VECTOR('',#2970,1.);
#2970 = DIRECTION('',(-0.,-0.,-1.));
#2971 = ADVANCED_FACE('',(#2972),#3035,.T.);
#2972 = FACE_BOUND('',#2973,.T.);
#2973 = EDGE_LOOP('',(#2974,#2975,#3002,#3010));
#2974 = ORIENTED_EDGE('',*,*,#2953,.T.);
#2975 = ORIENTED_EDGE('',*,*,#2976,.T.);
#2976 = EDGE_CURVE('',#2947,#2977,#2979,.T.);
#2977 = VERTEX_POINT('',#2978);
#2978 = CARTESIAN_POINT('',(-14.25118917768,21.865809086833,10.));
#2979 = B_SPLINE_CURVE_WITH_KNOTS('',3,(#2980,#2981,#2982,#2983,#2984,
    #2985,#2986,#2987,#2988,#2989,#2990,#2991,#2992,#2993,#2994,#2995,
    #2996,#2997,#2998,#2999,#3000,#3001),.UNSPECIFIED.,.F.,.F.,(4,1,1,1,
    1,1,1,1,1,1,1,1,1,1,1,1,1,1,1,4),(0.,0.215930110637,0.425449164594,
    0.62855716187,0.825254102467,1.015539986384,1.199414813622,
    1.376878584181,1.547931298062,1.712572955265,1.870803555792,
    2.022623099642,2.168031586817,2.307029017318,2.439615391146,
    2.565790708302,2.685554968787,2.798908172604,2.905850319754,
    3.00638141024),.UNSPECIFIED.);
#2980 = CARTESIAN_POINT('',(-14.75917272965,24.817986327181,10.));
#2981 = CARTESIAN_POINT('',(-14.75638062209,24.746063476599,10.));
#2982 = CARTESIAN_POINT('',(-14.74977207148,24.604394547293,10.));
#2983 = CARTESIAN_POINT('',(-14.73668176881,24.395276218854,10.));
#2984 = CARTESIAN_POINT('',(-14.72077255261,24.192783619007,10.));
#2985 = CARTESIAN_POINT('',(-14.70225100806,23.996952337341,10.));
#2986 = CARTESIAN_POINT('',(-14.68132489033,23.807812533494,10.));
#2987 = CARTESIAN_POINT('',(-14.65820202925,23.625389585879,10.));
#2988 = CARTESIAN_POINT('',(-14.6330904789,23.449703924529,10.));
#2989 = CARTESIAN_POINT('',(-14.60619834938,23.280771074858,10.));
#2990 = CARTESIAN_POINT('',(-14.5777337196,23.118601650248,10.));
#2991 = CARTESIAN_POINT('',(-14.5479045298,22.963201360148,10.));
#2992 = CARTESIAN_POINT('',(-14.51691847899,22.814571017085,10.));
#2993 = CARTESIAN_POINT('',(-14.48498292283,22.672706545538,10.));
#2994 = CARTESIAN_POINT('',(-14.45230476657,22.537598996293,10.));
#2995 = CARTESIAN_POINT('',(-14.41909037757,22.409234550119,10.));
#2996 = CARTESIAN_POINT('',(-14.38554543073,22.287594567856,10.));
#2997 = CARTESIAN_POINT('',(-14.35187498803,22.172655488639,10.));
#2998 = CARTESIAN_POINT('',(-14.31828277129,22.064389261458,10.));
#2999 = CARTESIAN_POINT('',(-14.28497321048,21.96276195213,10.));
#3000 = CARTESIAN_POINT('',(-14.26238920822,21.897393112718,10.));
#3001 = CARTESIAN_POINT('',(-14.25118917768,21.865809086833,10.));
#3002 = ORIENTED_EDGE('',*,*,#3003,.F.);
#3003 = EDGE_CURVE('',#3004,#2977,#3006,.T.);
#3004 = VERTEX_POINT('',#3005);
#3005 = CARTESIAN_POINT('',(-14.25118917768,21.865809086833,0.));
#3006 = LINE('',#3007,#3008);
#3007 = CARTESIAN_POINT('',(-14.25118917768,21.865809086833,0.));
#3008 = VECTOR('',#3009,1.);
#3009 = DIRECTION('',(0.,0.,1.));
#3010 = ORIENTED_EDGE('',*,*,#3011,.F.);
#3011 = EDGE_CURVE('',#2954,#3004,#3012,.T.);
#3012 = B_SPLINE_CURVE_WITH_KNOTS('',3,(#3013,#3014,#3015,#3016,#3017,
    #3018,#3019,#3020,#3021,#3022,#3023,#3024,#3025,#3026,#3027,#3028,
    #3029,#3030,#3031,#3032,#3033,#3034),.UNSPECIFIED.,.F.,.F.,(4,1,1,1,
    1,1,1,1,1,1,1,1,1,1,1,1,1,1,1,4),(0.,0.215930110637,0.425449164594,
    0.62855716187,0.825254102467,1.015539986384,1.199414813622,
    1.376878584181,1.547931298062,1.712572955265,1.870803555792,
    2.022623099642,2.168031586817,2.307029017318,2.439615391146,
    2.565790708302,2.685554968787,2.798908172604,2.905850319754,
    3.00638141024),.UNSPECIFIED.);
#3013 = CARTESIAN_POINT('',(-14.75917272965,24.817986327181,0.));
#3014 = CARTESIAN_POINT('',(-14.75638062209,24.746063476599,0.));
#3015 = CARTESIAN_POINT('',(-14.74977207148,24.604394547293,0.));
#3016 = CARTESIAN_POINT('',(-14.73668176881,24.395276218854,0.));
#3017 = CARTESIAN_POINT('',(-14.72077255261,24.192783619007,0.));
#3018 = CARTESIAN_POINT('',(-14.70225100806,23.996952337341,0.));
#3019 = CARTESIAN_POINT('',(-14.68132489033,23.807812533494,0.));
#3020 = CARTESIAN_POINT('',(-14.65820202925,23.625389585879,0.));
#3021 = CARTESIAN_POINT('',(-14.6330904789,23.449703924529,0.));
#3022 = CARTESIAN_POINT('',(-14.60619834938,23.280771074858,0.));
#3023 = CARTESIAN_POINT('',(-14.5777337196,23.118601650248,0.));
#3024 = CARTESIAN_POINT('',(-14.5479045298,22.963201360148,0.));
#3025 = CARTESIAN_POINT('',(-14.51691847899,22.814571017085,0.));
#3026 = CARTESIAN_POINT('',(-14.48498292283,22.672706545538,0.));
#3027 = CARTESIAN_POINT('',(-14.45230476657,22.537598996293,0.));
#3028 = CARTESIAN_POINT('',(-14.41909037757,22.409234550119,0.));
#3029 = CARTESIAN_POINT('',(-14.38554543073,22.287594567856,0.));
#3030 = CARTESIAN_POINT('',(-14.35187498803,22.172655488639,0.));
#3031 = CARTESIAN_POINT('',(-14.31828277129,22.064389261458,0.));
#3032 = CARTESIAN_POINT('',(-14.28497321048,21.96276195213,0.));
#3033 = CARTESIAN_POINT('',(-14.26238920822,21.897393112718,0.));
#3034 = CARTESIAN_POINT('',(-14.25118917768,21.865809086833,0.));
#3035 = SURFACE_OF_LINEAR_EXTRUSION('',#3036,#3059);
#3036 = B_SPLINE_CURVE_WITH_KNOTS('',3,(#3037,#3038,#3039,#3040,#3041,
    #3042,#3043,#3044,#3045,#3046,#3047,#3048,#3049,#3050,#3051,#3052,
    #3053,#3054,#3055,#3056,#3057,#3058),.UNSPECIFIED.,.F.,.F.,(4,1,1,1,
    1,1,1,1,1,1,1,1,1,1,1,1,1,1,1,4),(0.,0.215930110637,0.425449164594,
    0.62855716187,0.825254102467,1.015539986384,1.199414813622,
    1.376878584181,1.547931298062,1.712572955265,1.870803555792,
    2.022623099642,2.168031586817,2.307029017318,2.439615391146,
    2.565790708302,2.685554968787,2.798908172604,2.905850319754,
    3.00638141024),.UNSPECIFIED.);
#3037 = CARTESIAN_POINT('',(-14.75917272965,24.817986327181,0.));
#3038 = CARTESIAN_POINT('',(-14.75638062209,24.746063476599,0.));
#3039 = CARTESIAN_POINT('',(-14.74977207148,24.604394547293,0.));
#3040 = CARTESIAN_POINT('',(-14.73668176881,24.395276218854,0.));
#3041 = CARTESIAN_POINT('',(-14.72077255261,24.192783619007,0.));
#3042 = CARTESIAN_POINT('',(-14.70225100806,23.996952337341,0.));
#3043 = CARTESIAN_POINT('',(-14.68132489033,23.807812533494,0.));
#3044 = CARTESIAN_POINT('',(-14.65820202925,23.625389585879,0.));
#3045 = CARTESIAN_POINT('',(-14.6330904789,23.449703924529,0.));
#3046 = CARTESIAN_POINT('',(-14.60619834938,23.280771074858,0.));
#3047 = CARTESIAN_POINT('',(-14.5777337196,23.118601650248,0.));
#3048 = CARTESIAN_POINT('',(-14.5479045298,22.963201360148,0.));
#3049 = CARTESIAN_POINT('',(-14.51691847899,22.814571017085,0.));
#3050 = CARTESIAN_POINT('',(-14.48498292283,22.672706545538,0.));
#3051 = CARTESIAN_POINT('',(-14.45230476657,22.537598996293,0.));
#3052 = CARTESIAN_POINT('',(-14.41909037757,22.409234550119,0.));
#3053 = CARTESIAN_POINT('',(-14.38554543073,22.287594567856,0.));
#3054 = CARTESIAN_POINT('',(-14.35187498803,22.172655488639,0.));
#3055 = CARTESIAN_POINT('',(-14.31828277129,22.064389261458,0.));
#3056 = CARTESIAN_POINT('',(-14.28497321048,21.96276195213,0.));
#3057 = CARTESIAN_POINT('',(-14.26238920822,21.897393112718,0.));
#3058 = CARTESIAN_POINT('',(-14.25118917768,21.865809086833,0.));
#3059 = VECTOR('',#3060,1.);
#3060 = DIRECTION('',(-0.,-0.,-1.));
#3061 = ADVANCED_FACE('',(#3062),#3085,.T.);
#3062 = FACE_BOUND('',#3063,.T.);
#3063 = EDGE_LOOP('',(#3064,#3065,#3072,#3080));
#3064 = ORIENTED_EDGE('',*,*,#3003,.T.);
#3065 = ORIENTED_EDGE('',*,*,#3066,.T.);
#3066 = EDGE_CURVE('',#2977,#3067,#3069,.T.);
#3067 = VERTEX_POINT('',#3068);
#3068 = CARTESIAN_POINT('',(-15.67294568129,20.870284465505,10.));
#3069 = B_SPLINE_CURVE_WITH_KNOTS('',1,(#3070,#3071),.UNSPECIFIED.,.F.,
  .F.,(2,2),(0.,1.735644211017),.PIECEWISE_BEZIER_KNOTS.);
#3070 = CARTESIAN_POINT('',(-14.25118917768,21.865809086833,10.));
#3071 = CARTESIAN_POINT('',(-15.67294568129,20.870284465505,10.));
#3072 = ORIENTED_EDGE('',*,*,#3073,.F.);
#3073 = EDGE_CURVE('',#3074,#3067,#3076,.T.);
#3074 = VERTEX_POINT('',#3075);
#3075 = CARTESIAN_POINT('',(-15.67294568129,20.870284465505,0.));
#3076 = LINE('',#3077,#3078);
#3077 = CARTESIAN_POINT('',(-15.67294568129,20.870284465505,0.));
#3078 = VECTOR('',#3079,1.);
#3079 = DIRECTION('',(0.,0.,1.));
#3080 = ORIENTED_EDGE('',*,*,#3081,.F.);
#3081 = EDGE_CURVE('',#3004,#3074,#3082,.T.);
#3082 = B_SPLINE_CURVE_WITH_KNOTS('',1,(#3083,#3084),.UNSPECIFIED.,.F.,
  .F.,(2,2),(0.,1.735644211017),.PIECEWISE_BEZIER_KNOTS.);
#3083 = CARTESIAN_POINT('',(-14.25118917768,21.865809086833,0.));
#3084 = CARTESIAN_POINT('',(-15.67294568129,20.870284465505,0.));
#3085 = SURFACE_OF_LINEAR_EXTRUSION('',#3086,#3089);
#3086 = B_SPLINE_CURVE_WITH_KNOTS('',1,(#3087,#3088),.UNSPECIFIED.,.F.,
  .F.,(2,2),(0.,1.735644211017),.PIECEWISE_BEZIER_KNOTS.);
#3087 = CARTESIAN_POINT('',(-14.25118917768,21.865809086833,0.));
#3088 = CARTESIAN_POINT('',(-15.67294568129,20.870284465505,0.));
#3089 = VECTOR('',#3090,1.);
#3090 = DIRECTION('',(-0.,-0.,-1.));
#3091 = ADVANCED_FACE('',(#3092),#3155,.T.);
#3092 = FACE_BOUND('',#3093,.T.);
#3093 = EDGE_LOOP('',(#3094,#3095,#3122,#3130));
#3094 = ORIENTED_EDGE('',*,*,#3073,.T.);
#3095 = ORIENTED_EDGE('',*,*,#3096,.T.);
#3096 = EDGE_CURVE('',#3067,#3097,#3099,.T.);
#3097 = VERTEX_POINT('',#3098);
#3098 = CARTESIAN_POINT('',(-18.27334424205,22.357336943641,10.));
#3099 = B_SPLINE_CURVE_WITH_KNOTS('',3,(#3100,#3101,#3102,#3103,#3104,
    #3105,#3106,#3107,#3108,#3109,#3110,#3111,#3112,#3113,#3114,#3115,
    #3116,#3117,#3118,#3119,#3120,#3121),.UNSPECIFIED.,.F.,.F.,(4,1,1,1,
    1,1,1,1,1,1,1,1,1,1,1,1,1,1,1,4),(0.,0.100531090486,0.207473237636,
    0.320826441453,0.440590701938,0.566766019094,0.699352392922,
    0.838349823423,0.983758310598,1.135577854448,1.293808454975,
    1.458450112178,1.629502826059,1.806966596619,1.990841423856,
    2.181127307773,2.37782424837,2.580932245646,2.790451299603,
    3.00638141024),.UNSPECIFIED.);
#3100 = CARTESIAN_POINT('',(-15.67294568129,20.870284465505,10.));
#3101 = CARTESIAN_POINT('',(-15.6987943213,20.891611424615,10.));
#3102 = CARTESIAN_POINT('',(-15.75249675364,20.935190904714,10.));
#3103 = CARTESIAN_POINT('',(-15.83660264552,21.001250240109,10.));
#3104 = CARTESIAN_POINT('',(-15.9268504055,21.069845828832,10.));
#3105 = CARTESIAN_POINT('',(-16.02334184044,21.140797175721,10.));
#3106 = CARTESIAN_POINT('',(-16.12617298664,21.213922438903,10.));
#3107 = CARTESIAN_POINT('',(-16.23543611939,21.289036981426,10.));
#3108 = CARTESIAN_POINT('',(-16.35121909874,21.365953907084,10.));
#3109 = CARTESIAN_POINT('',(-16.47360549231,21.444484020442,10.));
#3110 = CARTESIAN_POINT('',(-16.60267447537,21.524435954973,10.));
#3111 = CARTESIAN_POINT('',(-16.73850079748,21.605616254001,10.));
#3112 = CARTESIAN_POINT('',(-16.88115473235,21.687829466408,10.));
#3113 = CARTESIAN_POINT('',(-17.0307020346,21.770878239535,10.));
#3114 = CARTESIAN_POINT('',(-17.1872038981,21.854563413165,10.));
#3115 = CARTESIAN_POINT('',(-17.35071691157,21.938684117785,10.));
#3116 = CARTESIAN_POINT('',(-17.52129303576,22.023037859022,10.));
#3117 = CARTESIAN_POINT('',(-17.69897950474,22.107420660778,10.));
#3118 = CARTESIAN_POINT('',(-17.88381903417,22.191626981863,10.));
#3119 = CARTESIAN_POINT('',(-18.07584883708,22.275450523356,10.));
#3120 = CARTESIAN_POINT('',(-18.20671382712,22.330114157104,10.));
#3121 = CARTESIAN_POINT('',(-18.27334424205,22.357336943641,10.));
#3122 = ORIENTED_EDGE('',*,*,#3123,.F.);
#3123 = EDGE_CURVE('',#3124,#3097,#3126,.T.);
#3124 = VERTEX_POINT('',#3125);
#3125 = CARTESIAN_POINT('',(-18.27334424205,22.357336943641,0.));
#3126 = LINE('',#3127,#3128);
#3127 = CARTESIAN_POINT('',(-18.27334424205,22.357336943641,0.));
#3128 = VECTOR('',#3129,1.);
#3129 = DIRECTION('',(0.,0.,1.));
#3130 = ORIENTED_EDGE('',*,*,#3131,.F.);
#3131 = EDGE_CURVE('',#3074,#3124,#3132,.T.);
#3132 = B_SPLINE_CURVE_WITH_KNOTS('',3,(#3133,#3134,#3135,#3136,#3137,
    #3138,#3139,#3140,#3141,#3142,#3143,#3144,#3145,#3146,#3147,#3148,
    #3149,#3150,#3151,#3152,#3153,#3154),.UNSPECIFIED.,.F.,.F.,(4,1,1,1,
    1,1,1,1,1,1,1,1,1,1,1,1,1,1,1,4),(0.,0.100531090486,0.207473237636,
    0.320826441453,0.440590701938,0.566766019094,0.699352392922,
    0.838349823423,0.983758310598,1.135577854448,1.293808454975,
    1.458450112178,1.629502826059,1.806966596619,1.990841423856,
    2.181127307773,2.37782424837,2.580932245646,2.790451299603,
    3.00638141024),.UNSPECIFIED.);
#3133 = CARTESIAN_POINT('',(-15.67294568129,20.870284465505,0.));
#3134 = CARTESIAN_POINT('',(-15.6987943213,20.891611424615,0.));
#3135 = CARTESIAN_POINT('',(-15.75249675364,20.935190904714,0.));
#3136 = CARTESIAN_POINT('',(-15.83660264552,21.001250240109,0.));
#3137 = CARTESIAN_POINT('',(-15.9268504055,21.069845828832,0.));
#3138 = CARTESIAN_POINT('',(-16.02334184044,21.140797175721,0.));
#3139 = CARTESIAN_POINT('',(-16.12617298664,21.213922438903,0.));
#3140 = CARTESIAN_POINT('',(-16.23543611939,21.289036981426,0.));
#3141 = CARTESIAN_POINT('',(-16.35121909874,21.365953907084,0.));
#3142 = CARTESIAN_POINT('',(-16.47360549231,21.444484020442,0.));
#3143 = CARTESIAN_POINT('',(-16.60267447537,21.524435954973,0.));
#3144 = CARTESIAN_POINT('',(-16.73850079748,21.605616254001,0.));
#3145 = CARTESIAN_POINT('',(-16.88115473235,21.687829466408,0.));
#3146 = CARTESIAN_POINT('',(-17.0307020346,21.770878239535,0.));
#3147 = CARTESIAN_POINT('',(-17.1872038981,21.854563413165,0.));
#3148 = CARTESIAN_POINT('',(-17.35071691157,21.938684117785,0.));
#3149 = CARTESIAN_POINT('',(-17.52129303576,22.023037859022,0.));
#3150 = CARTESIAN_POINT('',(-17.69897950474,22.107420660778,0.));
#3151 = CARTESIAN_POINT('',(-17.88381903417,22.191626981863,0.));
#3152 = CARTESIAN_POINT('',(-18.07584883708,22.275450523356,0.));
#3153 = CARTESIAN_POINT('',(-18.20671382712,22.330114157104,0.));
#3154 = CARTESIAN_POINT('',(-18.27334424205,22.357336943641,0.));
#3155 = SURFACE_OF_LINEAR_EXTRUSION('',#3156,#3179);
#3156 = B_SPLINE_CURVE_WITH_KNOTS('',3,(#3157,#3158,#3159,#3160,#3161,
    #3162,#3163,#3164,#3165,#3166,#3167,#3168,#3169,#3170,#3171,#3172,
    #3173,#3174,#3175,#3176,#3177,#3178),.UNSPECIFIED.,.F.,.F.,(4,1,1,1,
    1,1,1,1,1,1,1,1,1,1,1,1,1,1,1,4),(0.,0.100531090486,0.207473237636,
    0.320826441453,0.440590701938,0.566766019094,0.699352392922,
    0.838349823423,0.983758310598,1.135577854448,1.293808454975,
    1.458450112178,1.629502826059,1.806966596619,1.990841423856,
    2.181127307773,2.37782424837,2.580932245646,2.790451299603,
    3.00638141024),.UNSPECIFIED.);
#3157 = CARTESIAN_POINT('',(-15.67294568129,20.870284465505,0.));
#3158 = CARTESIAN_POINT('',(-15.6987943213,20.891611424615,0.));
#3159 = CARTESIAN_POINT('',(-15.75249675364,20.935190904714,0.));
#3160 = CARTESIAN_POINT('',(-15.83660264552,21.001250240109,0.));
#3161 = CARTESIAN_POINT('',(-15.9268504055,21.069845828832,0.));
#3162 = CARTESIAN_POINT('',(-16.02334184044,21.140797175721,0.));
#3163 = CARTESIAN_POINT('',(-16.12617298664,21.213922438903,0.));
#3164 = CARTESIAN_POINT('',(-16.23543611939,21.289036981426,0.));
#3165 = CARTESIAN_POINT('',(-16.35121909874,21.365953907084,0.));
#3166 = CARTESIAN_POINT('',(-16.47360549231,21.444484020442,0.));
#3167 = CARTESIAN_POINT('',(-16.60267447537,21.524435954973,0.));
#3168 = CARTESIAN_POINT('',(-16.73850079748,21.605616254001,0.));
#3169 = CARTESIAN_POINT('',(-16.88115473235,21.687829466408,0.));
#3170 = CARTESIAN_POINT('',(-17.0307020346,21.770878239535,0.));
#3171 = CARTESIAN_POINT('',(-17.1872038981,21.854563413165,0.));
#3172 = CARTESIAN_POINT('',(-17.35071691157,21.938684117785,0.));
#3173 = CARTESIAN_POINT('',(-17.52129303576,22.023037859022,0.));
#3174 = CARTESIAN_POINT('',(-17.69897950474,22.107420660778,0.));
#3175 = CARTESIAN_POINT('',(-17.88381903417,22.191626981863,0.));
#3176 = CARTESIAN_POINT('',(-18.07584883708,22.275450523356,0.));
#3177 = CARTESIAN_POINT('',(-18.20671382712,22.330114157104,0.));
#3178 = CARTESIAN_POINT('',(-18.27334424205,22.357336943641,0.));
#3179 = VECTOR('',#3180,1.);
#3180 = DIRECTION('',(-0.,-0.,-1.));
#3181 = ADVANCED_FACE('',(#3182),#3205,.T.);
#3182 = FACE_BOUND('',#3183,.T.);
#3183 = EDGE_LOOP('',(#3184,#3185,#3192,#3200));
#3184 = ORIENTED_EDGE('',*,*,#3123,.T.);
#3185 = ORIENTED_EDGE('',*,*,#3186,.T.);
#3186 = EDGE_CURVE('',#3097,#3187,#3189,.T.);
#3187 = VERTEX_POINT('',#3188);
#3188 = CARTESIAN_POINT('',(-18.84454583129,21.878041900782,10.));
#3189 = B_SPLINE_CURVE_WITH_KNOTS('',1,(#3190,#3191),.UNSPECIFIED.,.F.,
  .F.,(2,2),(0.,0.745650718271),.PIECEWISE_BEZIER_KNOTS.);
#3190 = CARTESIAN_POINT('',(-18.27334424205,22.357336943641,10.));
#3191 = CARTESIAN_POINT('',(-18.84454583129,21.878041900782,10.));
#3192 = ORIENTED_EDGE('',*,*,#3193,.F.);
#3193 = EDGE_CURVE('',#3194,#3187,#3196,.T.);
#3194 = VERTEX_POINT('',#3195);
#3195 = CARTESIAN_POINT('',(-18.84454583129,21.878041900782,0.));
#3196 = LINE('',#3197,#3198);
#3197 = CARTESIAN_POINT('',(-18.84454583129,21.878041900782,0.));
#3198 = VECTOR('',#3199,1.);
#3199 = DIRECTION('',(0.,0.,1.));
#3200 = ORIENTED_EDGE('',*,*,#3201,.F.);
#3201 = EDGE_CURVE('',#3124,#3194,#3202,.T.);
#3202 = B_SPLINE_CURVE_WITH_KNOTS('',1,(#3203,#3204),.UNSPECIFIED.,.F.,
  .F.,(2,2),(0.,0.745650718271),.PIECEWISE_BEZIER_KNOTS.);
#3203 = CARTESIAN_POINT('',(-18.27334424205,22.357336943641,0.));
#3204 = CARTESIAN_POINT('',(-18.84454583129,21.878041900782,0.));
#3205 = SURFACE_OF_LINEAR_EXTRUSION('',#3206,#3209);
#3206 = B_SPLINE_CURVE_WITH_KNOTS('',1,(#3207,#3208),.UNSPECIFIED.,.F.,
  .F.,(2,2),(0.,0.745650718271),.PIECEWISE_BEZIER_KNOTS.);
#3207 = CARTESIAN_POINT('',(-18.27334424205,22.357336943641,0.));
#3208 = CARTESIAN_POINT('',(-18.84454583129,21.878041900782,0.));
#3209 = VECTOR('',#3210,1.);
#3210 = DIRECTION('',(-0.,-0.,-1.));
#3211 = ADVANCED_FACE('',(#3212),#3275,.T.);
#3212 = FACE_BOUND('',#3213,.T.);
#3213 = EDGE_LOOP('',(#3214,#3215,#3242,#3250));
#3214 = ORIENTED_EDGE('',*,*,#3193,.T.);
#3215 = ORIENTED_EDGE('',*,*,#3216,.T.);
#3216 = EDGE_CURVE('',#3187,#3217,#3219,.T.);
#3217 = VERTEX_POINT('',#3218);
#3218 = CARTESIAN_POINT('',(-17.83163949296,19.058925284306,10.));
#3219 = B_SPLINE_CURVE_WITH_KNOTS('',3,(#3220,#3221,#3222,#3223,#3224,
    #3225,#3226,#3227,#3228,#3229,#3230,#3231,#3232,#3233,#3234,#3235,
    #3236,#3237,#3238,#3239,#3240,#3241),.UNSPECIFIED.,.F.,.F.,(4,1,1,1,
    1,1,1,1,1,1,1,1,1,1,1,1,1,1,1,4),(0.,0.215930110637,0.425449164594,
    0.62855716187,0.825254102467,1.015539986384,1.199414813622,
    1.376878584181,1.547931298062,1.712572955265,1.870803555792,
    2.022623099642,2.168031586817,2.307029017318,2.439615391146,
    2.565790708302,2.685554968787,2.798908172604,2.905850319754,
    3.00638141024),.UNSPECIFIED.);
#3220 = CARTESIAN_POINT('',(-18.84454583129,21.878041900782,10.));
#3221 = CARTESIAN_POINT('',(-18.82930687018,21.8076965643,10.));
#3222 = CARTESIAN_POINT('',(-18.79819816689,21.66932746713,10.));
#3223 = CARTESIAN_POINT('',(-18.74899371868,21.46565922319,10.));
#3224 = CARTESIAN_POINT('',(-18.69816372827,21.269005547334,10.));
#3225 = CARTESIAN_POINT('',(-18.64591782241,21.079365615325,10.));
#3226 = CARTESIAN_POINT('',(-18.59246583717,20.896733052304,10.));
#3227 = CARTESIAN_POINT('',(-18.53801685188,20.721096761854,10.));
#3228 = CARTESIAN_POINT('',(-18.48277930748,20.552440735419,10.));
#3229 = CARTESIAN_POINT('',(-18.42696084833,20.39074412461,10.));
#3230 = CARTESIAN_POINT('',(-18.37076823518,20.235981249042,10.));
#3231 = CARTESIAN_POINT('',(-18.31440724062,20.088121622981,10.));
#3232 = CARTESIAN_POINT('',(-18.25808254933,19.947129980055,10.));
#3233 = CARTESIAN_POINT('',(-18.20199765906,19.812966299729,10.));
#3234 = CARTESIAN_POINT('',(-18.14635477771,19.685585840027,10.));
#3235 = CARTESIAN_POINT('',(-18.09135473775,19.564939156345,10.));
#3236 = CARTESIAN_POINT('',(-18.03719685278,19.450972177627,10.));
#3237 = CARTESIAN_POINT('',(-17.98407897811,19.343626092305,10.));
#3238 = CARTESIAN_POINT('',(-17.93219686957,19.242837899608,10.));
#3239 = CARTESIAN_POINT('',(-17.88174595877,19.148538681997,10.));
#3240 = CARTESIAN_POINT('',(-17.84815387841,19.088084612976,10.));
#3241 = CARTESIAN_POINT('',(-17.83163949296,19.058925284306,10.));
#3242 = ORIENTED_EDGE('',*,*,#3243,.F.);
#3243 = EDGE_CURVE('',#3244,#3217,#3246,.T.);
#3244 = VERTEX_POINT('',#3245);
#3245 = CARTESIAN_POINT('',(-17.83163949296,19.058925284306,0.));
#3246 = LINE('',#3247,#3248);
#3247 = CARTESIAN_POINT('',(-17.83163949296,19.058925284306,0.));
#3248 = VECTOR('',#3249,1.);
#3249 = DIRECTION('',(0.,0.,1.));
#3250 = ORIENTED_EDGE('',*,*,#3251,.F.);
#3251 = EDGE_CURVE('',#3194,#3244,#3252,.T.);
#3252 = B_SPLINE_CURVE_WITH_KNOTS('',3,(#3253,#3254,#3255,#3256,#3257,
    #3258,#3259,#3260,#3261,#3262,#3263,#3264,#3265,#3266,#3267,#3268,
    #3269,#3270,#3271,#3272,#3273,#3274),.UNSPECIFIED.,.F.,.F.,(4,1,1,1,
    1,1,1,1,1,1,1,1,1,1,1,1,1,1,1,4),(0.,0.215930110637,0.425449164594,
    0.62855716187,0.825254102467,1.015539986384,1.199414813622,
    1.376878584181,1.547931298062,1.712572955265,1.870803555792,
    2.022623099642,2.168031586817,2.307029017318,2.439615391146,
    2.565790708302,2.685554968787,2.798908172604,2.905850319754,
    3.00638141024),.UNSPECIFIED.);
#3253 = CARTESIAN_POINT('',(-18.84454583129,21.878041900782,0.));
#3254 = CARTESIAN_POINT('',(-18.82930687018,21.8076965643,0.));
#3255 = CARTESIAN_POINT('',(-18.79819816689,21.66932746713,0.));
#3256 = CARTESIAN_POINT('',(-18.74899371868,21.46565922319,0.));
#3257 = CARTESIAN_POINT('',(-18.69816372827,21.269005547334,0.));
#3258 = CARTESIAN_POINT('',(-18.64591782241,21.079365615325,0.));
#3259 = CARTESIAN_POINT('',(-18.59246583717,20.896733052304,0.));
#3260 = CARTESIAN_POINT('',(-18.53801685188,20.721096761854,0.));
#3261 = CARTESIAN_POINT('',(-18.48277930748,20.552440735419,0.));
#3262 = CARTESIAN_POINT('',(-18.42696084833,20.39074412461,0.));
#3263 = CARTESIAN_POINT('',(-18.37076823518,20.235981249042,0.));
#3264 = CARTESIAN_POINT('',(-18.31440724062,20.088121622981,0.));
#3265 = CARTESIAN_POINT('',(-18.25808254933,19.947129980055,0.));
#3266 = CARTESIAN_POINT('',(-18.20199765906,19.812966299729,0.));
#3267 = CARTESIAN_POINT('',(-18.14635477771,19.685585840027,0.));
#3268 = CARTESIAN_POINT('',(-18.09135473775,19.564939156345,0.));
#3269 = CARTESIAN_POINT('',(-18.03719685278,19.450972177627,0.));
#3270 = CARTESIAN_POINT('',(-17.98407897811,19.343626092305,0.));
#3271 = CARTESIAN_POINT('',(-17.93219686957,19.242837899608,0.));
#3272 = CARTESIAN_POINT('',(-17.88174595877,19.148538681997,0.));
#3273 = CARTESIAN_POINT('',(-17.84815387841,19.088084612976,0.));
#3274 = CARTESIAN_POINT('',(-17.83163949296,19.058925284306,0.));
#3275 = SURFACE_OF_LINEAR_EXTRUSION('',#3276,#3299);
#3276 = B_SPLINE_CURVE_WITH_KNOTS('',3,(#3277,#3278,#3279,#3280,#3281,
    #3282,#3283,#3284,#3285,#3286,#3287,#3288,#3289,#3290,#3291,#3292,
    #3293,#3294,#3295,#3296,#3297,#3298),.UNSPECIFIED.,.F.,.F.,(4,1,1,1,
    1,1,1,1,1,1,1,1,1,1,1,1,1,1,1,4),(0.,0.215930110637,0.425449164594,
    0.62855716187,0.825254102467,1.015539986384,1.199414813622,
    1.376878584181,1.547931298062,1.712572955265,1.870803555792,
    2.022623099642,2.168031586817,2.307029017318,2.439615391146,
    2.565790708302,2.685554968787,2.798908172604,2.905850319754,
    3.00638141024),.UNSPECIFIED.);
#3277 = CARTESIAN_POINT('',(-18.84454583129,21.878041900782,0.));
#3278 = CARTESIAN_POINT('',(-18.82930687018,21.8076965643,0.));
#3279 = CARTESIAN_POINT('',(-18.79819816689,21.66932746713,0.));
#3280 = CARTESIAN_POINT('',(-18.74899371868,21.46565922319,0.));
#3281 = CARTESIAN_POINT('',(-18.69816372827,21.269005547334,0.));
#3282 = CARTESIAN_POINT('',(-18.64591782241,21.079365615325,0.));
#3283 = CARTESIAN_POINT('',(-18.59246583717,20.896733052304,0.));
#3284 = CARTESIAN_POINT('',(-18.53801685188,20.721096761854,0.));
#3285 = CARTESIAN_POINT('',(-18.48277930748,20.552440735419,0.));
#3286 = CARTESIAN_POINT('',(-18.42696084833,20.39074412461,0.));
#3287 = CARTESIAN_POINT('',(-18.37076823518,20.235981249042,0.));
#3288 = CARTESIAN_POINT('',(-18.31440724062,20.088121622981,0.));
#3289 = CARTESIAN_POINT('',(-18.25808254933,19.947129980055,0.));
#3290 = CARTESIAN_POINT('',(-18.20199765906,19.812966299729,0.));
#3291 = CARTESIAN_POINT('',(-18.14635477771,19.685585840027,0.));
#3292 = CARTESIAN_POINT('',(-18.09135473775,19.564939156345,0.));
#3293 = CARTESIAN_POINT('',(-18.03719685278,19.450972177627,0.));
#3294 = CARTESIAN_POINT('',(-17.98407897811,19.343626092305,0.));
#3295 = CARTESIAN_POINT('',(-17.93219686957,19.242837899608,0.));
#3296 = CARTESIAN_POINT('',(-17.88174595877,19.148538681997,0.));
#3297 = CARTESIAN_POINT('',(-17.84815387841,19.088084612976,0.));
#3298 = CARTESIAN_POINT('',(-17.83163949296,19.058925284306,0.));
#3299 = VECTOR('',#3300,1.);
#3300 = DIRECTION('',(-0.,-0.,-1.));
#3301 = ADVANCED_FACE('',(#3302),#3325,.T.);
#3302 = FACE_BOUND('',#3303,.T.);
#3303 = EDGE_LOOP('',(#3304,#3305,#3312,#3320));
#3304 = ORIENTED_EDGE('',*,*,#3243,.T.);
#3305 = ORIENTED_EDGE('',*,*,#3306,.T.);
#3306 = EDGE_CURVE('',#3217,#3307,#3309,.T.);
#3307 = VERTEX_POINT('',#3308);
#3308 = CARTESIAN_POINT('',(-19.0589252843,17.831639492969,10.));
#3309 = B_SPLINE_CURVE_WITH_KNOTS('',1,(#3310,#3311),.UNSPECIFIED.,.F.,
  .F.,(2,2),(0.,1.735644211017),.PIECEWISE_BEZIER_KNOTS.);
#3310 = CARTESIAN_POINT('',(-17.83163949296,19.058925284306,10.));
#3311 = CARTESIAN_POINT('',(-19.0589252843,17.831639492969,10.));
#3312 = ORIENTED_EDGE('',*,*,#3313,.F.);
#3313 = EDGE_CURVE('',#3314,#3307,#3316,.T.);
#3314 = VERTEX_POINT('',#3315);
#3315 = CARTESIAN_POINT('',(-19.0589252843,17.831639492969,0.));
#3316 = LINE('',#3317,#3318);
#3317 = CARTESIAN_POINT('',(-19.0589252843,17.831639492969,0.));
#3318 = VECTOR('',#3319,1.);
#3319 = DIRECTION('',(0.,0.,1.));
#3320 = ORIENTED_EDGE('',*,*,#3321,.F.);
#3321 = EDGE_CURVE('',#3244,#3314,#3322,.T.);
#3322 = B_SPLINE_CURVE_WITH_KNOTS('',1,(#3323,#3324),.UNSPECIFIED.,.F.,
  .F.,(2,2),(0.,1.735644211017),.PIECEWISE_BEZIER_KNOTS.);
#3323 = CARTESIAN_POINT('',(-17.83163949296,19.058925284306,0.));
#3324 = CARTESIAN_POINT('',(-19.0589252843,17.831639492969,0.));
#3325 = SURFACE_OF_LINEAR_EXTRUSION('',#3326,#3329);
#3326 = B_SPLINE_CURVE_WITH_KNOTS('',1,(#3327,#3328),.UNSPECIFIED.,.F.,
  .F.,(2,2),(0.,1.735644211017),.PIECEWISE_BEZIER_KNOTS.);
#3327 = CARTESIAN_POINT('',(-17.83163949296,19.058925284306,0.));
#3328 = CARTESIAN_POINT('',(-19.0589252843,17.831639492969,0.));
#3329 = VECTOR('',#3330,1.);
#3330 = DIRECTION('',(-0.,-0.,-1.));
#3331 = ADVANCED_FACE('',(#3332),#3395,.T.);
#3332 = FACE_BOUND('',#3333,.T.);
#3333 = EDGE_LOOP('',(#3334,#3335,#3362,#3370));
#3334 = ORIENTED_EDGE('',*,*,#3313,.T.);
#3335 = ORIENTED_EDGE('',*,*,#3336,.T.);
#3336 = EDGE_CURVE('',#3307,#3337,#3339,.T.);
#3337 = VERTEX_POINT('',#3338);
#3338 = CARTESIAN_POINT('',(-21.87804190078,18.844545831291,10.));
#3339 = B_SPLINE_CURVE_WITH_KNOTS('',3,(#3340,#3341,#3342,#3343,#3344,
    #3345,#3346,#3347,#3348,#3349,#3350,#3351,#3352,#3353,#3354,#3355,
    #3356,#3357,#3358,#3359,#3360,#3361),.UNSPECIFIED.,.F.,.F.,(4,1,1,1,
    1,1,1,1,1,1,1,1,1,1,1,1,1,1,1,4),(0.,0.100531090486,0.207473237636,
    0.320826441453,0.440590701938,0.566766019094,0.699352392922,
    0.838349823423,0.983758310598,1.135577854448,1.293808454975,
    1.458450112178,1.629502826059,1.806966596619,1.990841423856,
    2.181127307773,2.37782424837,2.580932245646,2.790451299603,
    3.00638141024),.UNSPECIFIED.);
#3340 = CARTESIAN_POINT('',(-19.0589252843,17.831639492969,10.));
#3341 = CARTESIAN_POINT('',(-19.08808461297,17.848153878416,10.));
#3342 = CARTESIAN_POINT('',(-19.14853868199,17.881745958779,10.));
#3343 = CARTESIAN_POINT('',(-19.2428378996,17.932196869578,10.));
#3344 = CARTESIAN_POINT('',(-19.3436260923,17.984078978117,10.));
#3345 = CARTESIAN_POINT('',(-19.45097217762,18.037196852781,10.));
#3346 = CARTESIAN_POINT('',(-19.56493915634,18.091354737759,10.));
#3347 = CARTESIAN_POINT('',(-19.68558584002,18.14635477771,10.));
#3348 = CARTESIAN_POINT('',(-19.81296629972,18.201997659068,10.));
#3349 = CARTESIAN_POINT('',(-19.94712998005,18.258082549333,10.));
#3350 = CARTESIAN_POINT('',(-20.08812162298,18.314407240625,10.));
#3351 = CARTESIAN_POINT('',(-20.23598124904,18.370768235187,10.));
#3352 = CARTESIAN_POINT('',(-20.39074412461,18.426960848339,10.));
#3353 = CARTESIAN_POINT('',(-20.55244073541,18.482779307482,10.));
#3354 = CARTESIAN_POINT('',(-20.72109676185,18.538016851887,10.));
#3355 = CARTESIAN_POINT('',(-20.8967330523,18.59246583717,10.));
#3356 = CARTESIAN_POINT('',(-21.07936561532,18.645917822418,10.));
#3357 = CARTESIAN_POINT('',(-21.26900554733,18.698163728274,10.));
#3358 = CARTESIAN_POINT('',(-21.46565922319,18.748993718683,10.));
#3359 = CARTESIAN_POINT('',(-21.66932746713,18.798198166897,10.));
#3360 = CARTESIAN_POINT('',(-21.8076965643,18.82930687018,10.));
#3361 = CARTESIAN_POINT('',(-21.87804190078,18.844545831291,10.));
#3362 = ORIENTED_EDGE('',*,*,#3363,.F.);
#3363 = EDGE_CURVE('',#3364,#3337,#3366,.T.);
#3364 = VERTEX_POINT('',#3365);
#3365 = CARTESIAN_POINT('',(-21.87804190078,18.844545831291,0.));
#3366 = LINE('',#3367,#3368);
#3367 = CARTESIAN_POINT('',(-21.87804190078,18.844545831291,0.));
#3368 = VECTOR('',#3369,1.);
#3369 = DIRECTION('',(0.,0.,1.));
#3370 = ORIENTED_EDGE('',*,*,#3371,.F.);
#3371 = EDGE_CURVE('',#3314,#3364,#3372,.T.);
#3372 = B_SPLINE_CURVE_WITH_KNOTS('',3,(#3373,#3374,#3375,#3376,#3377,
    #3378,#3379,#3380,#3381,#3382,#3383,#3384,#3385,#3386,#3387,#3388,
    #3389,#3390,#3391,#3392,#3393,#3394),.UNSPECIFIED.,.F.,.F.,(4,1,1,1,
    1,1,1,1,1,1,1,1,1,1,1,1,1,1,1,4),(0.,0.100531090486,0.207473237636,
    0.320826441453,0.440590701938,0.566766019094,0.699352392922,
    0.838349823423,0.983758310598,1.135577854448,1.293808454975,
    1.458450112178,1.629502826059,1.806966596619,1.990841423856,
    2.181127307773,2.37782424837,2.580932245646,2.790451299603,
    3.00638141024),.UNSPECIFIED.);
#3373 = CARTESIAN_POINT('',(-19.0589252843,17.831639492969,0.));
#3374 = CARTESIAN_POINT('',(-19.08808461297,17.848153878416,0.));
#3375 = CARTESIAN_POINT('',(-19.14853868199,17.881745958779,0.));
#3376 = CARTESIAN_POINT('',(-19.2428378996,17.932196869578,0.));
#3377 = CARTESIAN_POINT('',(-19.3436260923,17.984078978117,0.));
#3378 = CARTESIAN_POINT('',(-19.45097217762,18.037196852781,0.));
#3379 = CARTESIAN_POINT('',(-19.56493915634,18.091354737759,0.));
#3380 = CARTESIAN_POINT('',(-19.68558584002,18.14635477771,0.));
#3381 = CARTESIAN_POINT('',(-19.81296629972,18.201997659068,0.));
#3382 = CARTESIAN_POINT('',(-19.94712998005,18.258082549333,0.));
#3383 = CARTESIAN_POINT('',(-20.08812162298,18.314407240625,0.));
#3384 = CARTESIAN_POINT('',(-20.23598124904,18.370768235187,0.));
#3385 = CARTESIAN_POINT('',(-20.39074412461,18.426960848339,0.));
#3386 = CARTESIAN_POINT('',(-20.55244073541,18.482779307482,0.));
#3387 = CARTESIAN_POINT('',(-20.72109676185,18.538016851887,0.));
#3388 = CARTESIAN_POINT('',(-20.8967330523,18.59246583717,0.));
#3389 = CARTESIAN_POINT('',(-21.07936561532,18.645917822418,0.));
#3390 = CARTESIAN_POINT('',(-21.26900554733,18.698163728274,0.));
#3391 = CARTESIAN_POINT('',(-21.46565922319,18.748993718683,0.));
#3392 = CARTESIAN_POINT('',(-21.66932746713,18.798198166897,0.));
#3393 = CARTESIAN_POINT('',(-21.8076965643,18.82930687018,0.));
#3394 = CARTESIAN_POINT('',(-21.87804190078,18.844545831291,0.));
#3395 = SURFACE_OF_LINEAR_EXTRUSION('',#3396,#3419);
#3396 = B_SPLINE_CURVE_WITH_KNOTS('',3,(#3397,#3398,#3399,#3400,#3401,
    #3402,#3403,#3404,#3405,#3406,#3407,#3408,#3409,#3410,#3411,#3412,
    #3413,#3414,#3415,#3416,#3417,#3418),.UNSPECIFIED.,.F.,.F.,(4,1,1,1,
    1,1,1,1,1,1,1,1,1,1,1,1,1,1,1,4),(0.,0.100531090486,0.207473237636,
    0.320826441453,0.440590701938,0.566766019094,0.699352392922,
    0.838349823423,0.983758310598,1.135577854448,1.293808454975,
    1.458450112178,1.629502826059,1.806966596619,1.990841423856,
    2.181127307773,2.37782424837,2.580932245646,2.790451299603,
    3.00638141024),.UNSPECIFIED.);
#3397 = CARTESIAN_POINT('',(-19.0589252843,17.831639492969,0.));
#3398 = CARTESIAN_POINT('',(-19.08808461297,17.848153878416,0.));
#3399 = CARTESIAN_POINT('',(-19.14853868199,17.881745958779,0.));
#3400 = CARTESIAN_POINT('',(-19.2428378996,17.932196869578,0.));
#3401 = CARTESIAN_POINT('',(-19.3436260923,17.984078978117,0.));
#3402 = CARTESIAN_POINT('',(-19.45097217762,18.037196852781,0.));
#3403 = CARTESIAN_POINT('',(-19.56493915634,18.091354737759,0.));
#3404 = CARTESIAN_POINT('',(-19.68558584002,18.14635477771,0.));
#3405 = CARTESIAN_POINT('',(-19.81296629972,18.201997659068,0.));
#3406 = CARTESIAN_POINT('',(-19.94712998005,18.258082549333,0.));
#3407 = CARTESIAN_POINT('',(-20.08812162298,18.314407240625,0.));
#3408 = CARTESIAN_POINT('',(-20.23598124904,18.370768235187,0.));
#3409 = CARTESIAN_POINT('',(-20.39074412461,18.426960848339,0.));
#3410 = CARTESIAN_POINT('',(-20.55244073541,18.482779307482,0.));
#3411 = CARTESIAN_POINT('',(-20.72109676185,18.538016851887,0.));
#3412 = CARTESIAN_POINT('',(-20.8967330523,18.59246583717,0.));
#3413 = CARTESIAN_POINT('',(-21.07936561532,18.645917822418,0.));
#3414 = CARTESIAN_POINT('',(-21.26900554733,18.698163728274,0.));
#3415 = CARTESIAN_POINT('',(-21.46565922319,18.748993718683,0.));
#3416 = CARTESIAN_POINT('',(-21.66932746713,18.798198166897,0.));
#3417 = CARTESIAN_POINT('',(-21.8076965643,18.82930687018,0.));
#3418 = CARTESIAN_POINT('',(-21.87804190078,18.844545831291,0.));
#3419 = VECTOR('',#3420,1.);
#3420 = DIRECTION('',(-0.,-0.,-1.));
#3421 = ADVANCED_FACE('',(#3422),#3445,.T.);
#3422 = FACE_BOUND('',#3423,.T.);
#3423 = EDGE_LOOP('',(#3424,#3425,#3432,#3440));
#3424 = ORIENTED_EDGE('',*,*,#3363,.T.);
#3425 = ORIENTED_EDGE('',*,*,#3426,.T.);
#3426 = EDGE_CURVE('',#3337,#3427,#3429,.T.);
#3427 = VERTEX_POINT('',#3428);
#3428 = CARTESIAN_POINT('',(-22.35733694364,18.273344242052,10.));
#3429 = B_SPLINE_CURVE_WITH_KNOTS('',1,(#3430,#3431),.UNSPECIFIED.,.F.,
  .F.,(2,2),(0.,0.745650718271),.PIECEWISE_BEZIER_KNOTS.);
#3430 = CARTESIAN_POINT('',(-21.87804190078,18.844545831291,10.));
#3431 = CARTESIAN_POINT('',(-22.35733694364,18.273344242052,10.));
#3432 = ORIENTED_EDGE('',*,*,#3433,.F.);
#3433 = EDGE_CURVE('',#3434,#3427,#3436,.T.);
#3434 = VERTEX_POINT('',#3435);
#3435 = CARTESIAN_POINT('',(-22.35733694364,18.273344242052,0.));
#3436 = LINE('',#3437,#3438);
#3437 = CARTESIAN_POINT('',(-22.35733694364,18.273344242052,0.));
#3438 = VECTOR('',#3439,1.);
#3439 = DIRECTION('',(0.,0.,1.));
#3440 = ORIENTED_EDGE('',*,*,#3441,.F.);
#3441 = EDGE_CURVE('',#3364,#3434,#3442,.T.);
#3442 = B_SPLINE_CURVE_WITH_KNOTS('',1,(#3443,#3444),.UNSPECIFIED.,.F.,
  .F.,(2,2),(0.,0.745650718271),.PIECEWISE_BEZIER_KNOTS.);
#3443 = CARTESIAN_POINT('',(-21.87804190078,18.844545831291,0.));
#3444 = CARTESIAN_POINT('',(-22.35733694364,18.273344242052,0.));
#3445 = SURFACE_OF_LINEAR_EXTRUSION('',#3446,#3449);
#3446 = B_SPLINE_CURVE_WITH_KNOTS('',1,(#3447,#3448),.UNSPECIFIED.,.F.,
  .F.,(2,2),(0.,0.745650718271),.PIECEWISE_BEZIER_KNOTS.);
#3447 = CARTESIAN_POINT('',(-21.87804190078,18.844545831291,0.));
#3448 = CARTESIAN_POINT('',(-22.35733694364,18.273344242052,0.));
#3449 = VECTOR('',#3450,1.);
#3450 = DIRECTION('',(-0.,-0.,-1.));
#3451 = ADVANCED_FACE('',(#3452),#3515,.T.);
#3452 = FACE_BOUND('',#3453,.T.);
#3453 = EDGE_LOOP('',(#3454,#3455,#3482,#3490));
#3454 = ORIENTED_EDGE('',*,*,#3433,.T.);
#3455 = ORIENTED_EDGE('',*,*,#3456,.T.);
#3456 = EDGE_CURVE('',#3427,#3457,#3459,.T.);
#3457 = VERTEX_POINT('',#3458);
#3458 = CARTESIAN_POINT('',(-20.8702844655,15.672945681298,10.));
#3459 = B_SPLINE_CURVE_WITH_KNOTS('',3,(#3460,#3461,#3462,#3463,#3464,
    #3465,#3466,#3467,#3468,#3469,#3470,#3471,#3472,#3473,#3474,#3475,
    #3476,#3477,#3478,#3479,#3480,#3481),.UNSPECIFIED.,.F.,.F.,(4,1,1,1,
    1,1,1,1,1,1,1,1,1,1,1,1,1,1,1,4),(0.,0.215930110637,0.425449164594,
    0.62855716187,0.825254102467,1.015539986384,1.199414813622,
    1.376878584181,1.547931298062,1.712572955265,1.870803555792,
    2.022623099642,2.168031586817,2.307029017318,2.439615391146,
    2.565790708302,2.685554968787,2.798908172604,2.905850319754,
    3.00638141024),.UNSPECIFIED.);
#3460 = CARTESIAN_POINT('',(-22.35733694364,18.273344242052,10.));
#3461 = CARTESIAN_POINT('',(-22.3301141571,18.206713827122,10.));
#3462 = CARTESIAN_POINT('',(-22.27545052335,18.075848837086,10.));
#3463 = CARTESIAN_POINT('',(-22.19162698186,17.883819034178,10.));
#3464 = CARTESIAN_POINT('',(-22.10742066077,17.698979504742,10.));
#3465 = CARTESIAN_POINT('',(-22.02303785902,17.52129303576,10.));
#3466 = CARTESIAN_POINT('',(-21.93868411778,17.350716911576,10.));
#3467 = CARTESIAN_POINT('',(-21.85456341316,17.187203898101,10.));
#3468 = CARTESIAN_POINT('',(-21.77087823953,17.0307020346,10.));
#3469 = CARTESIAN_POINT('',(-21.6878294664,16.881154732351,10.));
#3470 = CARTESIAN_POINT('',(-21.605616254,16.738500797485,10.));
#3471 = CARTESIAN_POINT('',(-21.52443595497,16.602674475379,10.));
#3472 = CARTESIAN_POINT('',(-21.44448402044,16.473605492317,10.));
#3473 = CARTESIAN_POINT('',(-21.36595390708,16.351219098748,10.));
#3474 = CARTESIAN_POINT('',(-21.28903698142,16.235436119399,10.));
#3475 = CARTESIAN_POINT('',(-21.2139224389,16.126172986643,10.));
#3476 = CARTESIAN_POINT('',(-21.14079717572,16.023341840446,10.));
#3477 = CARTESIAN_POINT('',(-21.06984582883,15.926850405503,10.));
#3478 = CARTESIAN_POINT('',(-21.0012502401,15.836602645524,10.));
#3479 = CARTESIAN_POINT('',(-20.93519090471,15.75249675364,10.));
#3480 = CARTESIAN_POINT('',(-20.89161142461,15.698794321306,10.));
#3481 = CARTESIAN_POINT('',(-20.8702844655,15.672945681298,10.));
#3482 = ORIENTED_EDGE('',*,*,#3483,.F.);
#3483 = EDGE_CURVE('',#3484,#3457,#3486,.T.);
#3484 = VERTEX_POINT('',#3485);
#3485 = CARTESIAN_POINT('',(-20.8702844655,15.672945681298,0.));
#3486 = LINE('',#3487,#3488);
#3487 = CARTESIAN_POINT('',(-20.8702844655,15.672945681298,0.));
#3488 = VECTOR('',#3489,1.);
#3489 = DIRECTION('',(0.,0.,1.));
#3490 = ORIENTED_EDGE('',*,*,#3491,.F.);
#3491 = EDGE_CURVE('',#3434,#3484,#3492,.T.);
#3492 = B_SPLINE_CURVE_WITH_KNOTS('',3,(#3493,#3494,#3495,#3496,#3497,
    #3498,#3499,#3500,#3501,#3502,#3503,#3504,#3505,#3506,#3507,#3508,
    #3509,#3510,#3511,#3512,#3513,#3514),.UNSPECIFIED.,.F.,.F.,(4,1,1,1,
    1,1,1,1,1,1,1,1,1,1,1,1,1,1,1,4),(0.,0.215930110637,0.425449164594,
    0.62855716187,0.825254102467,1.015539986384,1.199414813622,
    1.376878584181,1.547931298062,1.712572955265,1.870803555792,
    2.022623099642,2.168031586817,2.307029017318,2.439615391146,
    2.565790708302,2.685554968787,2.798908172604,2.905850319754,
    3.00638141024),.UNSPECIFIED.);
#3493 = CARTESIAN_POINT('',(-22.35733694364,18.273344242052,0.));
#3494 = CARTESIAN_POINT('',(-22.3301141571,18.206713827122,0.));
#3495 = CARTESIAN_POINT('',(-22.27545052335,18.075848837086,0.));
#3496 = CARTESIAN_POINT('',(-22.19162698186,17.883819034178,0.));
#3497 = CARTESIAN_POINT('',(-22.10742066077,17.698979504742,0.));
#3498 = CARTESIAN_POINT('',(-22.02303785902,17.52129303576,0.));
#3499 = CARTESIAN_POINT('',(-21.93868411778,17.350716911576,0.));
#3500 = CARTESIAN_POINT('',(-21.85456341316,17.187203898101,0.));
#3501 = CARTESIAN_POINT('',(-21.77087823953,17.0307020346,0.));
#3502 = CARTESIAN_POINT('',(-21.6878294664,16.881154732351,0.));
#3503 = CARTESIAN_POINT('',(-21.605616254,16.738500797485,0.));
#3504 = CARTESIAN_POINT('',(-21.52443595497,16.602674475379,0.));
#3505 = CARTESIAN_POINT('',(-21.44448402044,16.473605492317,0.));
#3506 = CARTESIAN_POINT('',(-21.36595390708,16.351219098748,0.));
#3507 = CARTESIAN_POINT('',(-21.28903698142,16.235436119399,0.));
#3508 = CARTESIAN_POINT('',(-21.2139224389,16.126172986643,0.));
#3509 = CARTESIAN_POINT('',(-21.14079717572,16.023341840446,0.));
#3510 = CARTESIAN_POINT('',(-21.06984582883,15.926850405503,0.));
#3511 = CARTESIAN_POINT('',(-21.0012502401,15.836602645524,0.));
#3512 = CARTESIAN_POINT('',(-20.93519090471,15.75249675364,0.));
#3513 = CARTESIAN_POINT('',(-20.89161142461,15.698794321306,0.));
#3514 = CARTESIAN_POINT('',(-20.8702844655,15.672945681298,0.));
#3515 = SURFACE_OF_LINEAR_EXTRUSION('',#3516,#3539);
#3516 = B_SPLINE_CURVE_WITH_KNOTS('',3,(#3517,#3518,#3519,#3520,#3521,
    #3522,#3523,#3524,#3525,#3526,#3527,#3528,#3529,#3530,#3531,#3532,
    #3533,#3534,#3535,#3536,#3537,#3538),.UNSPECIFIED.,.F.,.F.,(4,1,1,1,
    1,1,1,1,1,1,1,1,1,1,1,1,1,1,1,4),(0.,0.215930110637,0.425449164594,
    0.62855716187,0.825254102467,1.015539986384,1.199414813622,
    1.376878584181,1.547931298062,1.712572955265,1.870803555792,
    2.022623099642,2.168031586817,2.307029017318,2.439615391146,
    2.565790708302,2.685554968787,2.798908172604,2.905850319754,
    3.00638141024),.UNSPECIFIED.);
#3517 = CARTESIAN_POINT('',(-22.35733694364,18.273344242052,0.));
#3518 = CARTESIAN_POINT('',(-22.3301141571,18.206713827122,0.));
#3519 = CARTESIAN_POINT('',(-22.27545052335,18.075848837086,0.));
#3520 = CARTESIAN_POINT('',(-22.19162698186,17.883819034178,0.));
#3521 = CARTESIAN_POINT('',(-22.10742066077,17.698979504742,0.));
#3522 = CARTESIAN_POINT('',(-22.02303785902,17.52129303576,0.));
#3523 = CARTESIAN_POINT('',(-21.93868411778,17.350716911576,0.));
#3524 = CARTESIAN_POINT('',(-21.85456341316,17.187203898101,0.));
#3525 = CARTESIAN_POINT('',(-21.77087823953,17.0307020346,0.));
#3526 = CARTESIAN_POINT('',(-21.6878294664,16.881154732351,0.));
#3527 = CARTESIAN_POINT('',(-21.605616254,16.738500797485,0.));
#3528 = CARTESIAN_POINT('',(-21.52443595497,16.602674475379,0.));
#3529 = CARTESIAN_POINT('',(-21.44448402044,16.473605492317,0.));
#3530 = CARTESIAN_POINT('',(-21.36595390708,16.351219098748,0.));
#3531 = CARTESIAN_POINT('',(-21.28903698142,16.235436119399,0.));
#3532 = CARTESIAN_POINT('',(-21.2139224389,16.126172986643,0.));
#3533 = CARTESIAN_POINT('',(-21.14079717572,16.023341840446,0.));
#3534 = CARTESIAN_POINT('',(-21.06984582883,15.926850405503,0.));
#3535 = CARTESIAN_POINT('',(-21.0012502401,15.836602645524,0.));
#3536 = CARTESIAN_POINT('',(-20.93519090471,15.75249675364,0.));
#3537 = CARTESIAN_POINT('',(-20.89161142461,15.698794321306,0.));
#3538 = CARTESIAN_POINT('',(-20.8702844655,15.672945681298,0.));
#3539 = VECTOR('',#3540,1.);
#3540 = DIRECTION('',(-0.,-0.,-1.));
#3541 = ADVANCED_FACE('',(#3542),#3565,.T.);
#3542 = FACE_BOUND('',#3543,.T.);
#3543 = EDGE_LOOP('',(#3544,#3545,#3552,#3560));
#3544 = ORIENTED_EDGE('',*,*,#3483,.T.);
#3545 = ORIENTED_EDGE('',*,*,#3546,.T.);
#3546 = EDGE_CURVE('',#3457,#3547,#3549,.T.);
#3547 = VERTEX_POINT('',#3548);
#3548 = CARTESIAN_POINT('',(-21.86580908683,14.251189177685,10.));
#3549 = B_SPLINE_CURVE_WITH_KNOTS('',1,(#3550,#3551),.UNSPECIFIED.,.F.,
  .F.,(2,2),(0.,1.735644211017),.PIECEWISE_BEZIER_KNOTS.);
#3550 = CARTESIAN_POINT('',(-20.8702844655,15.672945681298,10.));
#3551 = CARTESIAN_POINT('',(-21.86580908683,14.251189177685,10.));
#3552 = ORIENTED_EDGE('',*,*,#3553,.F.);
#3553 = EDGE_CURVE('',#3554,#3547,#3556,.T.);
#3554 = VERTEX_POINT('',#3555);
#3555 = CARTESIAN_POINT('',(-21.86580908683,14.251189177685,0.));
#3556 = LINE('',#3557,#3558);
#3557 = CARTESIAN_POINT('',(-21.86580908683,14.251189177685,0.));
#3558 = VECTOR('',#3559,1.);
#3559 = DIRECTION('',(0.,0.,1.));
#3560 = ORIENTED_EDGE('',*,*,#3561,.F.);
#3561 = EDGE_CURVE('',#3484,#3554,#3562,.T.);
#3562 = B_SPLINE_CURVE_WITH_KNOTS('',1,(#3563,#3564),.UNSPECIFIED.,.F.,
  .F.,(2,2),(0.,1.735644211017),.PIECEWISE_BEZIER_KNOTS.);
#3563 = CARTESIAN_POINT('',(-20.8702844655,15.672945681298,0.));
#3564 = CARTESIAN_POINT('',(-21.86580908683,14.251189177685,0.));
#3565 = SURFACE_OF_LINEAR_EXTRUSION('',#3566,#3569);
#3566 = B_SPLINE_CURVE_WITH_KNOTS('',1,(#3567,#3568),.UNSPECIFIED.,.F.,
  .F.,(2,2),(0.,1.735644211017),.PIECEWISE_BEZIER_KNOTS.);
#3567 = CARTESIAN_POINT('',(-20.8702844655,15.672945681298,0.));
#3568 = CARTESIAN_POINT('',(-21.86580908683,14.251189177685,0.));
#3569 = VECTOR('',#3570,1.);
#3570 = DIRECTION('',(-0.,-0.,-1.));
#3571 = ADVANCED_FACE('',(#3572),#3635,.T.);
#3572 = FACE_BOUND('',#3573,.T.);
#3573 = EDGE_LOOP('',(#3574,#3575,#3602,#3610));
#3574 = ORIENTED_EDGE('',*,*,#3553,.T.);
#3575 = ORIENTED_EDGE('',*,*,#3576,.T.);
#3576 = EDGE_CURVE('',#3547,#3577,#3579,.T.);
#3577 = VERTEX_POINT('',#3578);
#3578 = CARTESIAN_POINT('',(-24.81798632718,14.759172729658,10.));
#3579 = B_SPLINE_CURVE_WITH_KNOTS('',3,(#3580,#3581,#3582,#3583,#3584,
    #3585,#3586,#3587,#3588,#3589,#3590,#3591,#3592,#3593,#3594,#3595,
    #3596,#3597,#3598,#3599,#3600,#3601),.UNSPECIFIED.,.F.,.F.,(4,1,1,1,
    1,1,1,1,1,1,1,1,1,1,1,1,1,1,1,4),(0.,0.100531090486,0.207473237636,
    0.320826441453,0.440590701938,0.566766019094,0.699352392922,
    0.838349823423,0.983758310598,1.135577854448,1.293808454975,
    1.458450112178,1.629502826059,1.806966596619,1.990841423856,
    2.181127307773,2.37782424837,2.580932245646,2.790451299603,
    3.00638141024),.UNSPECIFIED.);
#3580 = CARTESIAN_POINT('',(-21.86580908683,14.251189177685,10.));
#3581 = CARTESIAN_POINT('',(-21.89739311271,14.262389208224,10.));
#3582 = CARTESIAN_POINT('',(-21.96276195213,14.284973210487,10.));
#3583 = CARTESIAN_POINT('',(-22.06438926145,14.318282771294,10.));
#3584 = CARTESIAN_POINT('',(-22.17265548863,14.351874988034,10.));
#3585 = CARTESIAN_POINT('',(-22.28759456785,14.385545430731,10.));
#3586 = CARTESIAN_POINT('',(-22.40923455011,14.419090377575,10.));
#3587 = CARTESIAN_POINT('',(-22.53759899629,14.452304766572,10.));
#3588 = CARTESIAN_POINT('',(-22.67270654553,14.484982922836,10.));
#3589 = CARTESIAN_POINT('',(-22.81457101708,14.516918478998,10.));
#3590 = CARTESIAN_POINT('',(-22.96320136014,14.547904529808,10.));
#3591 = CARTESIAN_POINT('',(-23.11860165024,14.577733719604,10.));
#3592 = CARTESIAN_POINT('',(-23.28077107485,14.606198349385,10.));
#3593 = CARTESIAN_POINT('',(-23.44970392452,14.633090478909,10.));
#3594 = CARTESIAN_POINT('',(-23.62538958587,14.658202029253,10.));
#3595 = CARTESIAN_POINT('',(-23.80781253349,14.681324890335,10.));
#3596 = CARTESIAN_POINT('',(-23.99695233734,14.702251008069,10.));
#3597 = CARTESIAN_POINT('',(-24.192783619,14.720772552613,10.));
#3598 = CARTESIAN_POINT('',(-24.39527621885,14.73668176881,10.));
#3599 = CARTESIAN_POINT('',(-24.60439454729,14.749772071485,10.));
#3600 = CARTESIAN_POINT('',(-24.74606347659,14.756380622096,10.));
#3601 = CARTESIAN_POINT('',(-24.81798632718,14.759172729658,10.));
#3602 = ORIENTED_EDGE('',*,*,#3603,.F.);
#3603 = EDGE_CURVE('',#3604,#3577,#3606,.T.);
#3604 = VERTEX_POINT('',#3605);
#3605 = CARTESIAN_POINT('',(-24.81798632718,14.759172729658,0.));
#3606 = LINE('',#3607,#3608);
#3607 = CARTESIAN_POINT('',(-24.81798632718,14.759172729658,0.));
#3608 = VECTOR('',#3609,1.);
#3609 = DIRECTION('',(0.,0.,1.));
#3610 = ORIENTED_EDGE('',*,*,#3611,.F.);
#3611 = EDGE_CURVE('',#3554,#3604,#3612,.T.);
#3612 = B_SPLINE_CURVE_WITH_KNOTS('',3,(#3613,#3614,#3615,#3616,#3617,
    #3618,#3619,#3620,#3621,#3622,#3623,#3624,#3625,#3626,#3627,#3628,
    #3629,#3630,#3631,#3632,#3633,#3634),.UNSPECIFIED.,.F.,.F.,(4,1,1,1,
    1,1,1,1,1,1,1,1,1,1,1,1,1,1,1,4),(0.,0.100531090486,0.207473237636,
    0.320826441453,0.440590701938,0.566766019094,0.699352392922,
    0.838349823423,0.983758310598,1.135577854448,1.293808454975,
    1.458450112178,1.629502826059,1.806966596619,1.990841423856,
    2.181127307773,2.37782424837,2.580932245646,2.790451299603,
    3.00638141024),.UNSPECIFIED.);
#3613 = CARTESIAN_POINT('',(-21.86580908683,14.251189177685,0.));
#3614 = CARTESIAN_POINT('',(-21.89739311271,14.262389208224,0.));
#3615 = CARTESIAN_POINT('',(-21.96276195213,14.284973210487,0.));
#3616 = CARTESIAN_POINT('',(-22.06438926145,14.318282771294,0.));
#3617 = CARTESIAN_POINT('',(-22.17265548863,14.351874988034,0.));
#3618 = CARTESIAN_POINT('',(-22.28759456785,14.385545430731,0.));
#3619 = CARTESIAN_POINT('',(-22.40923455011,14.419090377575,0.));
#3620 = CARTESIAN_POINT('',(-22.53759899629,14.452304766572,0.));
#3621 = CARTESIAN_POINT('',(-22.67270654553,14.484982922836,0.));
#3622 = CARTESIAN_POINT('',(-22.81457101708,14.516918478998,0.));
#3623 = CARTESIAN_POINT('',(-22.96320136014,14.547904529808,0.));
#3624 = CARTESIAN_POINT('',(-23.11860165024,14.577733719604,0.));
#3625 = CARTESIAN_POINT('',(-23.28077107485,14.606198349385,0.));
#3626 = CARTESIAN_POINT('',(-23.44970392452,14.633090478909,0.));
#3627 = CARTESIAN_POINT('',(-23.62538958587,14.658202029253,0.));
#3628 = CARTESIAN_POINT('',(-23.80781253349,14.681324890335,0.));
#3629 = CARTESIAN_POINT('',(-23.99695233734,14.702251008069,0.));
#3630 = CARTESIAN_POINT('',(-24.192783619,14.720772552613,0.));
#3631 = CARTESIAN_POINT('',(-24.39527621885,14.73668176881,0.));
#3632 = CARTESIAN_POINT('',(-24.60439454729,14.749772071485,0.));
#3633 = CARTESIAN_POINT('',(-24.74606347659,14.756380622096,0.));
#3634 = CARTESIAN_POINT('',(-24.81798632718,14.759172729658,0.));
#3635 = SURFACE_OF_LINEAR_EXTRUSION('',#3636,#3659);
#3636 = B_SPLINE_CURVE_WITH_KNOTS('',3,(#3637,#3638,#3639,#3640,#3641,
    #3642,#3643,#3644,#3645,#3646,#3647,#3648,#3649,#3650,#3651,#3652,
    #3653,#3654,#3655,#3656,#3657,#3658),.UNSPECIFIED.,.F.,.F.,(4,1,1,1,
    1,1,1,1,1,1,1,1,1,1,1,1,1,1,1,4),(0.,0.100531090486,0.207473237636,
    0.320826441453,0.440590701938,0.566766019094,0.699352392922,
    0.838349823423,0.983758310598,1.135577854448,1.293808454975,
    1.458450112178,1.629502826059,1.806966596619,1.990841423856,
    2.181127307773,2.37782424837,2.580932245646,2.790451299603,
    3.00638141024),.UNSPECIFIED.);
#3637 = CARTESIAN_POINT('',(-21.86580908683,14.251189177685,0.));
#3638 = CARTESIAN_POINT('',(-21.89739311271,14.262389208224,0.));
#3639 = CARTESIAN_POINT('',(-21.96276195213,14.284973210487,0.));
#3640 = CARTESIAN_POINT('',(-22.06438926145,14.318282771294,0.));
#3641 = CARTESIAN_POINT('',(-22.17265548863,14.351874988034,0.));
#3642 = CARTESIAN_POINT('',(-22.28759456785,14.385545430731,0.));
#3643 = CARTESIAN_POINT('',(-22.40923455011,14.419090377575,0.));
#3644 = CARTESIAN_POINT('',(-22.53759899629,14.452304766572,0.));
#3645 = CARTESIAN_POINT('',(-22.67270654553,14.484982922836,0.));
#3646 = CARTESIAN_POINT('',(-22.81457101708,14.516918478998,0.));
#3647 = CARTESIAN_POINT('',(-22.96320136014,14.547904529808,0.));
#3648 = CARTESIAN_POINT('',(-23.11860165024,14.577733719604,0.));
#3649 = CARTESIAN_POINT('',(-23.28077107485,14.606198349385,0.));
#3650 = CARTESIAN_POINT('',(-23.44970392452,14.633090478909,0.));
#3651 = CARTESIAN_POINT('',(-23.62538958587,14.658202029253,0.));
#3652 = CARTESIAN_POINT('',(-23.80781253349,14.681324890335,0.));
#3653 = CARTESIAN_POINT('',(-23.99695233734,14.702251008069,0.));
#3654 = CARTESIAN_POINT('',(-24.192783619,14.720772552613,0.));
#3655 = CARTESIAN_POINT('',(-24.39527621885,14.73668176881,0.));
#3656 = CARTESIAN_POINT('',(-24.60439454729,14.749772071485,0.));
#3657 = CARTESIAN_POINT('',(-24.74606347659,14.756380622096,0.));
#3658 = CARTESIAN_POINT('',(-24.81798632718,14.759172729658,0.));
#3659 = VECTOR('',#3660,1.);
#3660 = DIRECTION('',(-0.,-0.,-1.));
#3661 = ADVANCED_FACE('',(#3662),#3685,.T.);
#3662 = FACE_BOUND('',#3663,.T.);
#3663 = EDGE_LOOP('',(#3664,#3665,#3672,#3680));
#3664 = ORIENTED_EDGE('',*,*,#3603,.T.);
#3665 = ORIENTED_EDGE('',*,*,#3666,.T.);
#3666 = EDGE_CURVE('',#3577,#3667,#3669,.T.);
#3667 = VERTEX_POINT('',#3668);
#3668 = CARTESIAN_POINT('',(-25.19081168631,14.113420265285,10.));
#3669 = B_SPLINE_CURVE_WITH_KNOTS('',1,(#3670,#3671),.UNSPECIFIED.,.F.,
  .F.,(2,2),(0.,0.745650718271),.PIECEWISE_BEZIER_KNOTS.);
#3670 = CARTESIAN_POINT('',(-24.81798632718,14.759172729658,10.));
#3671 = CARTESIAN_POINT('',(-25.19081168631,14.113420265285,10.));
#3672 = ORIENTED_EDGE('',*,*,#3673,.F.);
#3673 = EDGE_CURVE('',#3674,#3667,#3676,.T.);
#3674 = VERTEX_POINT('',#3675);
#3675 = CARTESIAN_POINT('',(-25.19081168631,14.113420265285,0.));
#3676 = LINE('',#3677,#3678);
#3677 = CARTESIAN_POINT('',(-25.19081168631,14.113420265285,0.));
#3678 = VECTOR('',#3679,1.);
#3679 = DIRECTION('',(0.,0.,1.));
#3680 = ORIENTED_EDGE('',*,*,#3681,.F.);
#3681 = EDGE_CURVE('',#3604,#3674,#3682,.T.);
#3682 = B_SPLINE_CURVE_WITH_KNOTS('',1,(#3683,#3684),.UNSPECIFIED.,.F.,
  .F.,(2,2),(0.,0.745650718271),.PIECEWISE_BEZIER_KNOTS.);
#3683 = CARTESIAN_POINT('',(-24.81798632718,14.759172729658,0.));
#3684 = CARTESIAN_POINT('',(-25.19081168631,14.113420265285,0.));
#3685 = SURFACE_OF_LINEAR_EXTRUSION('',#3686,#3689);
#3686 = B_SPLINE_CURVE_WITH_KNOTS('',1,(#3687,#3688),.UNSPECIFIED.,.F.,
  .F.,(2,2),(0.,0.745650718271),.PIECEWISE_BEZIER_KNOTS.);
#3687 = CARTESIAN_POINT('',(-24.81798632718,14.759172729658,0.));
#3688 = CARTESIAN_POINT('',(-25.19081168631,14.113420265285,0.));
#3689 = VECTOR('',#3690,1.);
#3690 = DIRECTION('',(-0.,-0.,-1.));
#3691 = ADVANCED_FACE('',(#3692),#3755,.T.);
#3692 = FACE_BOUND('',#3693,.T.);
#3693 = EDGE_LOOP('',(#3694,#3695,#3722,#3730));
#3694 = ORIENTED_EDGE('',*,*,#3673,.T.);
#3695 = ORIENTED_EDGE('',*,*,#3696,.T.);
#3696 = EDGE_CURVE('',#3667,#3697,#3699,.T.);
#3697 = VERTEX_POINT('',#3698);
#3698 = CARTESIAN_POINT('',(-23.27479640543,11.810751554656,10.));
#3699 = B_SPLINE_CURVE_WITH_KNOTS('',3,(#3700,#3701,#3702,#3703,#3704,
    #3705,#3706,#3707,#3708,#3709,#3710,#3711,#3712,#3713,#3714,#3715,
    #3716,#3717,#3718,#3719,#3720,#3721),.UNSPECIFIED.,.F.,.F.,(4,1,1,1,
    1,1,1,1,1,1,1,1,1,1,1,1,1,1,1,4),(0.,0.215930110637,0.425449164594,
    0.62855716187,0.825254102467,1.015539986384,1.199414813622,
    1.376878584181,1.547931298062,1.712572955265,1.870803555792,
    2.022623099642,2.168031586817,2.307029017318,2.439615391146,
    2.565790708302,2.685554968787,2.798908172604,2.905850319754,
    3.00638141024),.UNSPECIFIED.);
#3700 = CARTESIAN_POINT('',(-25.19081168631,14.113420265285,10.));
#3701 = CARTESIAN_POINT('',(-25.15243222494,14.052529303349,10.));
#3702 = CARTESIAN_POINT('',(-25.07587458758,13.933144686949,10.));
#3703 = CARTESIAN_POINT('',(-24.9599788887,13.758588053461,10.));
#3704 = CARTESIAN_POINT('',(-24.8449548034,13.591178926013,10.));
#3705 = CARTESIAN_POINT('',(-24.73099903447,13.430844833507,10.));
#3706 = CARTESIAN_POINT('',(-24.61830658299,13.277508017376,10.));
#3707 = CARTESIAN_POINT('',(-24.50707012407,13.131086541049,10.));
#3708 = CARTESIAN_POINT('',(-24.39748005287,12.991494070411,10.));
#3709 = CARTESIAN_POINT('',(-24.28972436071,12.858639995825,10.));
#3710 = CARTESIAN_POINT('',(-24.1839885559,12.732429469286,10.));
#3711 = CARTESIAN_POINT('',(-24.08045557471,12.612763465202,10.));
#3712 = CARTESIAN_POINT('',(-23.97930569602,12.499538837741,10.));
#3713 = CARTESIAN_POINT('',(-23.88071645732,12.392648379568,10.));
#3714 = CARTESIAN_POINT('',(-23.78486256923,12.291980887811,10.));
#3715 = CARTESIAN_POINT('',(-23.6919158415,12.197421210979,10.));
#3716 = CARTESIAN_POINT('',(-23.60204507423,12.108850369646,10.));
#3717 = CARTESIAN_POINT('',(-23.51541607589,12.026145428505,10.));
#3718 = CARTESIAN_POINT('',(-23.43219124923,11.949180233764,10.));
#3719 = CARTESIAN_POINT('',(-23.35253066872,11.877823182571,10.));
#3720 = CARTESIAN_POINT('',(-23.30028792934,11.832504108156,10.));
#3721 = CARTESIAN_POINT('',(-23.27479640543,11.810751554656,10.));
#3722 = ORIENTED_EDGE('',*,*,#3723,.F.);
#3723 = EDGE_CURVE('',#3724,#3697,#3726,.T.);
#3724 = VERTEX_POINT('',#3725);
#3725 = CARTESIAN_POINT('',(-23.27479640543,11.810751554656,0.));
#3726 = LINE('',#3727,#3728);
#3727 = CARTESIAN_POINT('',(-23.27479640543,11.810751554656,0.));
#3728 = VECTOR('',#3729,1.);
#3729 = DIRECTION('',(0.,0.,1.));
#3730 = ORIENTED_EDGE('',*,*,#3731,.F.);
#3731 = EDGE_CURVE('',#3674,#3724,#3732,.T.);
#3732 = B_SPLINE_CURVE_WITH_KNOTS('',3,(#3733,#3734,#3735,#3736,#3737,
    #3738,#3739,#3740,#3741,#3742,#3743,#3744,#3745,#3746,#3747,#3748,
    #3749,#3750,#3751,#3752,#3753,#3754),.UNSPECIFIED.,.F.,.F.,(4,1,1,1,
    1,1,1,1,1,1,1,1,1,1,1,1,1,1,1,4),(0.,0.215930110637,0.425449164594,
    0.62855716187,0.825254102467,1.015539986384,1.199414813622,
    1.376878584181,1.547931298062,1.712572955265,1.870803555792,
    2.022623099642,2.168031586817,2.307029017318,2.439615391146,
    2.565790708302,2.685554968787,2.798908172604,2.905850319754,
    3.00638141024),.UNSPECIFIED.);
#3733 = CARTESIAN_POINT('',(-25.19081168631,14.113420265285,0.));
#3734 = CARTESIAN_POINT('',(-25.15243222494,14.052529303349,0.));
#3735 = CARTESIAN_POINT('',(-25.07587458758,13.933144686949,0.));
#3736 = CARTESIAN_POINT('',(-24.9599788887,13.758588053461,0.));
#3737 = CARTESIAN_POINT('',(-24.8449548034,13.591178926013,0.));
#3738 = CARTESIAN_POINT('',(-24.73099903447,13.430844833507,0.));
#3739 = CARTESIAN_POINT('',(-24.61830658299,13.277508017376,0.));
#3740 = CARTESIAN_POINT('',(-24.50707012407,13.131086541049,0.));
#3741 = CARTESIAN_POINT('',(-24.39748005287,12.991494070411,0.));
#3742 = CARTESIAN_POINT('',(-24.28972436071,12.858639995825,0.));
#3743 = CARTESIAN_POINT('',(-24.1839885559,12.732429469286,0.));
#3744 = CARTESIAN_POINT('',(-24.08045557471,12.612763465202,0.));
#3745 = CARTESIAN_POINT('',(-23.97930569602,12.499538837741,0.));
#3746 = CARTESIAN_POINT('',(-23.88071645732,12.392648379568,0.));
#3747 = CARTESIAN_POINT('',(-23.78486256923,12.291980887811,0.));
#3748 = CARTESIAN_POINT('',(-23.6919158415,12.197421210979,0.));
#3749 = CARTESIAN_POINT('',(-23.60204507423,12.108850369646,0.));
#3750 = CARTESIAN_POINT('',(-23.51541607589,12.026145428505,0.));
#3751 = CARTESIAN_POINT('',(-23.43219124923,11.949180233764,0.));
#3752 = CARTESIAN_POINT('',(-23.35253066872,11.877823182571,0.));
#3753 = CARTESIAN_POINT('',(-23.30028792934,11.832504108156,0.));
#3754 = CARTESIAN_POINT('',(-23.27479640543,11.810751554656,0.));
#3755 = SURFACE_OF_LINEAR_EXTRUSION('',#3756,#3779);
#3756 = B_SPLINE_CURVE_WITH_KNOTS('',3,(#3757,#3758,#3759,#3760,#3761,
    #3762,#3763,#3764,#3765,#3766,#3767,#3768,#3769,#3770,#3771,#3772,
    #3773,#3774,#3775,#3776,#3777,#3778),.UNSPECIFIED.,.F.,.F.,(4,1,1,1,
    1,1,1,1,1,1,1,1,1,1,1,1,1,1,1,4),(0.,0.215930110637,0.425449164594,
    0.62855716187,0.825254102467,1.015539986384,1.199414813622,
    1.376878584181,1.547931298062,1.712572955265,1.870803555792,
    2.022623099642,2.168031586817,2.307029017318,2.439615391146,
    2.565790708302,2.685554968787,2.798908172604,2.905850319754,
    3.00638141024),.UNSPECIFIED.);
#3757 = CARTESIAN_POINT('',(-25.19081168631,14.113420265285,0.));
#3758 = CARTESIAN_POINT('',(-25.15243222494,14.052529303349,0.));
#3759 = CARTESIAN_POINT('',(-25.07587458758,13.933144686949,0.));
#3760 = CARTESIAN_POINT('',(-24.9599788887,13.758588053461,0.));
#3761 = CARTESIAN_POINT('',(-24.8449548034,13.591178926013,0.));
#3762 = CARTESIAN_POINT('',(-24.73099903447,13.430844833507,0.));
#3763 = CARTESIAN_POINT('',(-24.61830658299,13.277508017376,0.));
#3764 = CARTESIAN_POINT('',(-24.50707012407,13.131086541049,0.));
#3765 = CARTESIAN_POINT('',(-24.39748005287,12.991494070411,0.));
#3766 = CARTESIAN_POINT('',(-24.28972436071,12.858639995825,0.));
#3767 = CARTESIAN_POINT('',(-24.1839885559,12.732429469286,0.));
#3768 = CARTESIAN_POINT('',(-24.08045557471,12.612763465202,0.));
#3769 = CARTESIAN_POINT('',(-23.97930569602,12.499538837741,0.));
#3770 = CARTESIAN_POINT('',(-23.88071645732,12.392648379568,0.));
#3771 = CARTESIAN_POINT('',(-23.78486256923,12.291980887811,0.));
#3772 = CARTESIAN_POINT('',(-23.6919158415,12.197421210979,0.));
#3773 = CARTESIAN_POINT('',(-23.60204507423,12.108850369646,0.));
#3774 = CARTESIAN_POINT('',(-23.51541607589,12.026145428505,0.));
#3775 = CARTESIAN_POINT('',(-23.43219124923,11.949180233764,0.));
#3776 = CARTESIAN_POINT('',(-23.35253066872,11.877823182571,0.));
#3777 = CARTESIAN_POINT('',(-23.30028792934,11.832504108156,0.));
#3778 = CARTESIAN_POINT('',(-23.27479640543,11.810751554656,0.));
#3779 = VECTOR('',#3780,1.);
#3780 = DIRECTION('',(-0.,-0.,-1.));
#3781 = ADVANCED_FACE('',(#3782),#3805,.T.);
#3782 = FACE_BOUND('',#3783,.T.);
#3783 = EDGE_LOOP('',(#3784,#3785,#3792,#3800));
#3784 = ORIENTED_EDGE('',*,*,#3723,.T.);
#3785 = ORIENTED_EDGE('',*,*,#3786,.T.);
#3786 = EDGE_CURVE('',#3697,#3787,#3789,.T.);
#3787 = VERTEX_POINT('',#3788);
#3788 = CARTESIAN_POINT('',(-24.00831134489,10.237723690686,10.));
#3789 = B_SPLINE_CURVE_WITH_KNOTS('',1,(#3790,#3791),.UNSPECIFIED.,.F.,
  .F.,(2,2),(0.,1.735644211017),.PIECEWISE_BEZIER_KNOTS.);
#3790 = CARTESIAN_POINT('',(-23.27479640543,11.810751554656,10.));
#3791 = CARTESIAN_POINT('',(-24.00831134489,10.237723690686,10.));
#3792 = ORIENTED_EDGE('',*,*,#3793,.F.);
#3793 = EDGE_CURVE('',#3794,#3787,#3796,.T.);
#3794 = VERTEX_POINT('',#3795);
#3795 = CARTESIAN_POINT('',(-24.00831134489,10.237723690686,0.));
#3796 = LINE('',#3797,#3798);
#3797 = CARTESIAN_POINT('',(-24.00831134489,10.237723690686,0.));
#3798 = VECTOR('',#3799,1.);
#3799 = DIRECTION('',(0.,0.,1.));
#3800 = ORIENTED_EDGE('',*,*,#3801,.F.);
#3801 = EDGE_CURVE('',#3724,#3794,#3802,.T.);
#3802 = B_SPLINE_CURVE_WITH_KNOTS('',1,(#3803,#3804),.UNSPECIFIED.,.F.,
  .F.,(2,2),(0.,1.735644211017),.PIECEWISE_BEZIER_KNOTS.);
#3803 = CARTESIAN_POINT('',(-23.27479640543,11.810751554656,0.));
#3804 = CARTESIAN_POINT('',(-24.00831134489,10.237723690686,0.));
#3805 = SURFACE_OF_LINEAR_EXTRUSION('',#3806,#3809);
#3806 = B_SPLINE_CURVE_WITH_KNOTS('',1,(#3807,#3808),.UNSPECIFIED.,.F.,
  .F.,(2,2),(0.,1.735644211017),.PIECEWISE_BEZIER_KNOTS.);
#3807 = CARTESIAN_POINT('',(-23.27479640543,11.810751554656,0.));
#3808 = CARTESIAN_POINT('',(-24.00831134489,10.237723690686,0.));
#3809 = VECTOR('',#3810,1.);
#3810 = DIRECTION('',(-0.,-0.,-1.));
#3811 = ADVANCED_FACE('',(#3812),#3875,.T.);
#3812 = FACE_BOUND('',#3813,.T.);
#3813 = EDGE_LOOP('',(#3814,#3815,#3842,#3850));
#3814 = ORIENTED_EDGE('',*,*,#3793,.T.);
#3815 = ORIENTED_EDGE('',*,*,#3816,.T.);
#3816 = EDGE_CURVE('',#3787,#3817,#3819,.T.);
#3817 = VERTEX_POINT('',#3818);
#3818 = CARTESIAN_POINT('',(-27.00384879753,10.225349633135,10.));
#3819 = B_SPLINE_CURVE_WITH_KNOTS('',3,(#3820,#3821,#3822,#3823,#3824,
    #3825,#3826,#3827,#3828,#3829,#3830,#3831,#3832,#3833,#3834,#3835,
    #3836,#3837,#3838,#3839,#3840,#3841),.UNSPECIFIED.,.F.,.F.,(4,1,1,1,
    1,1,1,1,1,1,1,1,1,1,1,1,1,1,1,4),(0.,0.100531090486,0.207473237636,
    0.320826441453,0.440590701938,0.566766019094,0.699352392922,
    0.838349823423,0.983758310598,1.135577854448,1.293808454975,
    1.458450112178,1.629502826059,1.806966596619,1.990841423856,
    2.181127307773,2.37782424837,2.580932245646,2.790451299603,
    3.00638141024),.UNSPECIFIED.);
#3820 = CARTESIAN_POINT('',(-24.00831134489,10.237723690686,10.));
#3821 = CARTESIAN_POINT('',(-24.04136040334,10.243269059057,10.));
#3822 = CARTESIAN_POINT('',(-24.10965781404,10.25415877974,10.));
#3823 = CARTESIAN_POINT('',(-24.21552532071,10.269314896406,10.));
#3824 = CARTESIAN_POINT('',(-24.32797996785,10.283596538839,10.));
#3825 = CARTESIAN_POINT('',(-24.4470196752,10.296796490206,10.));
#3826 = CARTESIAN_POINT('',(-24.5726366917,10.308709252681,10.));
#3827 = CARTESIAN_POINT('',(-24.70481861163,10.319128788321,10.));
#3828 = CARTESIAN_POINT('',(-24.8435480759,10.327849310248,10.));
#3829 = CARTESIAN_POINT('',(-24.98880285849,10.334665186594,10.));
#3830 = CARTESIAN_POINT('',(-25.14055584392,10.339371101448,10.));
#3831 = CARTESIAN_POINT('',(-25.29877503888,10.34176214164,10.));
#3832 = CARTESIAN_POINT('',(-25.46342357663,10.341633904679,10.));
#3833 = CARTESIAN_POINT('',(-25.63445972601,10.338782600835,10.));
#3834 = CARTESIAN_POINT('',(-25.81183690236,10.333005155369,10.));
#3835 = CARTESIAN_POINT('',(-25.99550367818,10.324099315816,10.));
#3836 = CARTESIAN_POINT('',(-26.18540380563,10.311863736539,10.));
#3837 = CARTESIAN_POINT('',(-26.38147620255,10.296098152012,10.));
#3838 = CARTESIAN_POINT('',(-26.58365509121,10.276603200512,10.));
#3839 = CARTESIAN_POINT('',(-26.79186954956,10.253181615426,10.));
#3840 = CARTESIAN_POINT('',(-26.93253377227,10.235089215897,10.));
#3841 = CARTESIAN_POINT('',(-27.00384879753,10.225349633135,10.));
#3842 = ORIENTED_EDGE('',*,*,#3843,.F.);
#3843 = EDGE_CURVE('',#3844,#3817,#3846,.T.);
#3844 = VERTEX_POINT('',#3845);
#3845 = CARTESIAN_POINT('',(-27.00384879753,10.225349633135,0.));
#3846 = LINE('',#3847,#3848);
#3847 = CARTESIAN_POINT('',(-27.00384879753,10.225349633135,0.));
#3848 = VECTOR('',#3849,1.);
#3849 = DIRECTION('',(0.,0.,1.));
#3850 = ORIENTED_EDGE('',*,*,#3851,.F.);
#3851 = EDGE_CURVE('',#3794,#3844,#3852,.T.);
#3852 = B_SPLINE_CURVE_WITH_KNOTS('',3,(#3853,#3854,#3855,#3856,#3857,
    #3858,#3859,#3860,#3861,#3862,#3863,#3864,#3865,#3866,#3867,#3868,
    #3869,#3870,#3871,#3872,#3873,#3874),.UNSPECIFIED.,.F.,.F.,(4,1,1,1,
    1,1,1,1,1,1,1,1,1,1,1,1,1,1,1,4),(0.,0.100531090486,0.207473237636,
    0.320826441453,0.440590701938,0.566766019094,0.699352392922,
    0.838349823423,0.983758310598,1.135577854448,1.293808454975,
    1.458450112178,1.629502826059,1.806966596619,1.990841423856,
    2.181127307773,2.37782424837,2.580932245646,2.790451299603,
    3.00638141024),.UNSPECIFIED.);
#3853 = CARTESIAN_POINT('',(-24.00831134489,10.237723690686,0.));
#3854 = CARTESIAN_POINT('',(-24.04136040334,10.243269059057,0.));
#3855 = CARTESIAN_POINT('',(-24.10965781404,10.25415877974,0.));
#3856 = CARTESIAN_POINT('',(-24.21552532071,10.269314896406,0.));
#3857 = CARTESIAN_POINT('',(-24.32797996785,10.283596538839,0.));
#3858 = CARTESIAN_POINT('',(-24.4470196752,10.296796490206,0.));
#3859 = CARTESIAN_POINT('',(-24.5726366917,10.308709252681,0.));
#3860 = CARTESIAN_POINT('',(-24.70481861163,10.319128788321,0.));
#3861 = CARTESIAN_POINT('',(-24.8435480759,10.327849310248,0.));
#3862 = CARTESIAN_POINT('',(-24.98880285849,10.334665186594,0.));
#3863 = CARTESIAN_POINT('',(-25.14055584392,10.339371101448,0.));
#3864 = CARTESIAN_POINT('',(-25.29877503888,10.34176214164,0.));
#3865 = CARTESIAN_POINT('',(-25.46342357663,10.341633904679,0.));
#3866 = CARTESIAN_POINT('',(-25.63445972601,10.338782600835,0.));
#3867 = CARTESIAN_POINT('',(-25.81183690236,10.333005155369,0.));
#3868 = CARTESIAN_POINT('',(-25.99550367818,10.324099315816,0.));
#3869 = CARTESIAN_POINT('',(-26.18540380563,10.311863736539,0.));
#3870 = CARTESIAN_POINT('',(-26.38147620255,10.296098152012,0.));
#3871 = CARTESIAN_POINT('',(-26.58365509121,10.276603200512,0.));
#3872 = CARTESIAN_POINT('',(-26.79186954956,10.253181615426,0.));
#3873 = CARTESIAN_POINT('',(-26.93253377227,10.235089215897,0.));
#3874 = CARTESIAN_POINT('',(-27.00384879753,10.225349633135,0.));
#3875 = SURFACE_OF_LINEAR_EXTRUSION('',#3876,#3899);
#3876 = B_SPLINE_CURVE_WITH_KNOTS('',3,(#3877,#3878,#3879,#3880,#3881,
    #3882,#3883,#3884,#3885,#3886,#3887,#3888,#3889,#3890,#3891,#3892,
    #3893,#3894,#3895,#3896,#3897,#3898),.UNSPECIFIED.,.F.,.F.,(4,1,1,1,
    1,1,1,1,1,1,1,1,1,1,1,1,1,1,1,4),(0.,0.100531090486,0.207473237636,
    0.320826441453,0.440590701938,0.566766019094,0.699352392922,
    0.838349823423,0.983758310598,1.135577854448,1.293808454975,
    1.458450112178,1.629502826059,1.806966596619,1.990841423856,
    2.181127307773,2.37782424837,2.580932245646,2.790451299603,
    3.00638141024),.UNSPECIFIED.);
#3877 = CARTESIAN_POINT('',(-24.00831134489,10.237723690686,0.));
#3878 = CARTESIAN_POINT('',(-24.04136040334,10.243269059057,0.));
#3879 = CARTESIAN_POINT('',(-24.10965781404,10.25415877974,0.));
#3880 = CARTESIAN_POINT('',(-24.21552532071,10.269314896406,0.));
#3881 = CARTESIAN_POINT('',(-24.32797996785,10.283596538839,0.));
#3882 = CARTESIAN_POINT('',(-24.4470196752,10.296796490206,0.));
#3883 = CARTESIAN_POINT('',(-24.5726366917,10.308709252681,0.));
#3884 = CARTESIAN_POINT('',(-24.70481861163,10.319128788321,0.));
#3885 = CARTESIAN_POINT('',(-24.8435480759,10.327849310248,0.));
#3886 = CARTESIAN_POINT('',(-24.98880285849,10.334665186594,0.));
#3887 = CARTESIAN_POINT('',(-25.14055584392,10.339371101448,0.));
#3888 = CARTESIAN_POINT('',(-25.29877503888,10.34176214164,0.));
#3889 = CARTESIAN_POINT('',(-25.46342357663,10.341633904679,0.));
#3890 = CARTESIAN_POINT('',(-25.63445972601,10.338782600835,0.));
#3891 = CARTESIAN_POINT('',(-25.81183690236,10.333005155369,0.));
#3892 = CARTESIAN_POINT('',(-25.99550367818,10.324099315816,0.));
#3893 = CARTESIAN_POINT('',(-26.18540380563,10.311863736539,0.));
#3894 = CARTESIAN_POINT('',(-26.38147620255,10.296098152012,0.));
#3895 = CARTESIAN_POINT('',(-26.58365509121,10.276603200512,0.));
#3896 = CARTESIAN_POINT('',(-26.79186954956,10.253181615426,0.));
#3897 = CARTESIAN_POINT('',(-26.93253377227,10.235089215897,0.));
#3898 = CARTESIAN_POINT('',(-27.00384879753,10.225349633135,0.));
#3899 = VECTOR('',#3900,1.);
#3900 = DIRECTION('',(-0.,-0.,-1.));
#3901 = ADVANCED_FACE('',(#3902),#3925,.T.);
#3902 = FACE_BOUND('',#3903,.T.);
#3903 = EDGE_LOOP('',(#3904,#3905,#3912,#3920));
#3904 = ORIENTED_EDGE('',*,*,#3843,.T.);
#3905 = ORIENTED_EDGE('',*,*,#3906,.T.);
#3906 = EDGE_CURVE('',#3817,#3907,#3909,.T.);
#3907 = VERTEX_POINT('',#3908);
#3908 = CARTESIAN_POINT('',(-27.25887636306,9.524667155492,10.));
#3909 = B_SPLINE_CURVE_WITH_KNOTS('',1,(#3910,#3911),.UNSPECIFIED.,.F.,
  .F.,(2,2),(0.,0.745650718271),.PIECEWISE_BEZIER_KNOTS.);
#3910 = CARTESIAN_POINT('',(-27.00384879753,10.225349633135,10.));
#3911 = CARTESIAN_POINT('',(-27.25887636306,9.524667155492,10.));
#3912 = ORIENTED_EDGE('',*,*,#3913,.F.);
#3913 = EDGE_CURVE('',#3914,#3907,#3916,.T.);
#3914 = VERTEX_POINT('',#3915);
#3915 = CARTESIAN_POINT('',(-27.25887636306,9.524667155492,0.));
#3916 = LINE('',#3917,#3918);
#3917 = CARTESIAN_POINT('',(-27.25887636306,9.524667155492,0.));
#3918 = VECTOR('',#3919,1.);
#3919 = DIRECTION('',(0.,0.,1.));
#3920 = ORIENTED_EDGE('',*,*,#3921,.F.);
#3921 = EDGE_CURVE('',#3844,#3914,#3922,.T.);
#3922 = B_SPLINE_CURVE_WITH_KNOTS('',1,(#3923,#3924),.UNSPECIFIED.,.F.,
  .F.,(2,2),(0.,0.745650718271),.PIECEWISE_BEZIER_KNOTS.);
#3923 = CARTESIAN_POINT('',(-27.00384879753,10.225349633135,0.));
#3924 = CARTESIAN_POINT('',(-27.25887636306,9.524667155492,0.));
#3925 = SURFACE_OF_LINEAR_EXTRUSION('',#3926,#3929);
#3926 = B_SPLINE_CURVE_WITH_KNOTS('',1,(#3927,#3928),.UNSPECIFIED.,.F.,
  .F.,(2,2),(0.,0.745650718271),.PIECEWISE_BEZIER_KNOTS.);
#3927 = CARTESIAN_POINT('',(-27.00384879753,10.225349633135,0.));
#3928 = CARTESIAN_POINT('',(-27.25887636306,9.524667155492,0.));
#3929 = VECTOR('',#3930,1.);
#3930 = DIRECTION('',(-0.,-0.,-1.));
#3931 = ADVANCED_FACE('',(#3932),#3995,.T.);
#3932 = FACE_BOUND('',#3933,.T.);
#3933 = EDGE_LOOP('',(#3934,#3935,#3962,#3970));
#3934 = ORIENTED_EDGE('',*,*,#3913,.T.);
#3935 = ORIENTED_EDGE('',*,*,#3936,.T.);
#3936 = EDGE_CURVE('',#3907,#3937,#3939,.T.);
#3937 = VERTEX_POINT('',#3938);
#3938 = CARTESIAN_POINT('',(-24.97211543419,7.589693718554,10.));
#3939 = B_SPLINE_CURVE_WITH_KNOTS('',3,(#3940,#3941,#3942,#3943,#3944,
    #3945,#3946,#3947,#3948,#3949,#3950,#3951,#3952,#3953,#3954,#3955,
    #3956,#3957,#3958,#3959,#3960,#3961),.UNSPECIFIED.,.F.,.F.,(4,1,1,1,
    1,1,1,1,1,1,1,1,1,1,1,1,1,1,1,4),(0.,0.215930110637,0.425449164594,
    0.62855716187,0.825254102467,1.015539986384,1.199414813622,
    1.376878584181,1.547931298062,1.712572955265,1.870803555792,
    2.022623099642,2.168031586817,2.307029017318,2.439615391146,
    2.565790708302,2.685554968787,2.798908172604,2.905850319754,
    3.00638141024),.UNSPECIFIED.);
#3940 = CARTESIAN_POINT('',(-27.25887636306,9.524667155492,10.));
#3941 = CARTESIAN_POINT('',(-27.21050636737,9.471365787616,10.));
#3942 = CARTESIAN_POINT('',(-27.11438089147,9.36708898601,10.));
#3943 = CARTESIAN_POINT('',(-26.96993446737,9.215309336921,10.));
#3944 = CARTESIAN_POINT('',(-26.82758756647,9.070417253087,10.));
#3945 = CARTESIAN_POINT('',(-26.68752131875,8.932307207322,10.));
#3946 = CARTESIAN_POINT('',(-26.54991426013,8.800868760812,10.));
#3947 = CARTESIAN_POINT('',(-26.41494191044,8.675987764097,10.));
#3948 = CARTESIAN_POINT('',(-26.28277678053,8.557546132905,10.));
#3949 = CARTESIAN_POINT('',(-26.1535882715,8.445421989811,10.));
#3950 = CARTESIAN_POINT('',(-26.02754260322,8.339489714583,10.));
#3951 = CARTESIAN_POINT('',(-25.90480273712,8.2396200195,10.));
#3952 = CARTESIAN_POINT('',(-25.78552830214,8.145680020652,10.));
#3953 = CARTESIAN_POINT('',(-25.66987552224,8.057533310357,10.));
#3954 = CARTESIAN_POINT('',(-25.55799714359,7.975040036988,10.));
#3955 = CARTESIAN_POINT('',(-25.45004236994,7.898056964013,10.));
#3956 = CARTESIAN_POINT('',(-25.34615677638,7.826437607738,10.));
#3957 = CARTESIAN_POINT('',(-25.24648230486,7.760032108185,10.));
#3958 = CARTESIAN_POINT('',(-25.15115698452,7.698688027178,10.));
#3959 = CARTESIAN_POINT('',(-25.06031560532,7.642247964569,10.));
#3960 = CARTESIAN_POINT('',(-25.00099697585,7.606689245216,10.));
#3961 = CARTESIAN_POINT('',(-24.97211543419,7.589693718554,10.));
#3962 = ORIENTED_EDGE('',*,*,#3963,.F.);
#3963 = EDGE_CURVE('',#3964,#3937,#3966,.T.);
#3964 = VERTEX_POINT('',#3965);
#3965 = CARTESIAN_POINT('',(-24.97211543419,7.589693718554,0.));
#3966 = LINE('',#3967,#3968);
#3967 = CARTESIAN_POINT('',(-24.97211543419,7.589693718554,0.));
#3968 = VECTOR('',#3969,1.);
#3969 = DIRECTION('',(0.,0.,1.));
#3970 = ORIENTED_EDGE('',*,*,#3971,.F.);
#3971 = EDGE_CURVE('',#3914,#3964,#3972,.T.);
#3972 = B_SPLINE_CURVE_WITH_KNOTS('',3,(#3973,#3974,#3975,#3976,#3977,
    #3978,#3979,#3980,#3981,#3982,#3983,#3984,#3985,#3986,#3987,#3988,
    #3989,#3990,#3991,#3992,#3993,#3994),.UNSPECIFIED.,.F.,.F.,(4,1,1,1,
    1,1,1,1,1,1,1,1,1,1,1,1,1,1,1,4),(0.,0.215930110637,0.425449164594,
    0.62855716187,0.825254102467,1.015539986384,1.199414813622,
    1.376878584181,1.547931298062,1.712572955265,1.870803555792,
    2.022623099642,2.168031586817,2.307029017318,2.439615391146,
    2.565790708302,2.685554968787,2.798908172604,2.905850319754,
    3.00638141024),.UNSPECIFIED.);
#3973 = CARTESIAN_POINT('',(-27.25887636306,9.524667155492,0.));
#3974 = CARTESIAN_POINT('',(-27.21050636737,9.471365787616,0.));
#3975 = CARTESIAN_POINT('',(-27.11438089147,9.36708898601,0.));
#3976 = CARTESIAN_POINT('',(-26.96993446737,9.215309336921,0.));
#3977 = CARTESIAN_POINT('',(-26.82758756647,9.070417253087,0.));
#3978 = CARTESIAN_POINT('',(-26.68752131875,8.932307207322,0.));
#3979 = CARTESIAN_POINT('',(-26.54991426013,8.800868760812,0.));
#3980 = CARTESIAN_POINT('',(-26.41494191044,8.675987764097,0.));
#3981 = CARTESIAN_POINT('',(-26.28277678053,8.557546132905,0.));
#3982 = CARTESIAN_POINT('',(-26.1535882715,8.445421989811,0.));
#3983 = CARTESIAN_POINT('',(-26.02754260322,8.339489714583,0.));
#3984 = CARTESIAN_POINT('',(-25.90480273712,8.2396200195,0.));
#3985 = CARTESIAN_POINT('',(-25.78552830214,8.145680020652,0.));
#3986 = CARTESIAN_POINT('',(-25.66987552224,8.057533310357,0.));
#3987 = CARTESIAN_POINT('',(-25.55799714359,7.975040036988,0.));
#3988 = CARTESIAN_POINT('',(-25.45004236994,7.898056964013,0.));
#3989 = CARTESIAN_POINT('',(-25.34615677638,7.826437607738,0.));
#3990 = CARTESIAN_POINT('',(-25.24648230486,7.760032108185,0.));
#3991 = CARTESIAN_POINT('',(-25.15115698452,7.698688027178,0.));
#3992 = CARTESIAN_POINT('',(-25.06031560532,7.642247964569,0.));
#3993 = CARTESIAN_POINT('',(-25.00099697585,7.606689245216,0.));
#3994 = CARTESIAN_POINT('',(-24.97211543419,7.589693718554,0.));
#3995 = SURFACE_OF_LINEAR_EXTRUSION('',#3996,#4019);
#3996 = B_SPLINE_CURVE_WITH_KNOTS('',3,(#3997,#3998,#3999,#4000,#4001,
    #4002,#4003,#4004,#4005,#4006,#4007,#4008,#4009,#4010,#4011,#4012,
    #4013,#4014,#4015,#4016,#4017,#4018),.UNSPECIFIED.,.F.,.F.,(4,1,1,1,
    1,1,1,1,1,1,1,1,1,1,1,1,1,1,1,4),(0.,0.215930110637,0.425449164594,
    0.62855716187,0.825254102467,1.015539986384,1.199414813622,
    1.376878584181,1.547931298062,1.712572955265,1.870803555792,
    2.022623099642,2.168031586817,2.307029017318,2.439615391146,
    2.565790708302,2.685554968787,2.798908172604,2.905850319754,
    3.00638141024),.UNSPECIFIED.);
#3997 = CARTESIAN_POINT('',(-27.25887636306,9.524667155492,0.));
#3998 = CARTESIAN_POINT('',(-27.21050636737,9.471365787616,0.));
#3999 = CARTESIAN_POINT('',(-27.11438089147,9.36708898601,0.));
#4000 = CARTESIAN_POINT('',(-26.96993446737,9.215309336921,0.));
#4001 = CARTESIAN_POINT('',(-26.82758756647,9.070417253087,0.));
#4002 = CARTESIAN_POINT('',(-26.68752131875,8.932307207322,0.));
#4003 = CARTESIAN_POINT('',(-26.54991426013,8.800868760812,0.));
#4004 = CARTESIAN_POINT('',(-26.41494191044,8.675987764097,0.));
#4005 = CARTESIAN_POINT('',(-26.28277678053,8.557546132905,0.));
#4006 = CARTESIAN_POINT('',(-26.1535882715,8.445421989811,0.));
#4007 = CARTESIAN_POINT('',(-26.02754260322,8.339489714583,0.));
#4008 = CARTESIAN_POINT('',(-25.90480273712,8.2396200195,0.));
#4009 = CARTESIAN_POINT('',(-25.78552830214,8.145680020652,0.));
#4010 = CARTESIAN_POINT('',(-25.66987552224,8.057533310357,0.));
#4011 = CARTESIAN_POINT('',(-25.55799714359,7.975040036988,0.));
#4012 = CARTESIAN_POINT('',(-25.45004236994,7.898056964013,0.));
#4013 = CARTESIAN_POINT('',(-25.34615677638,7.826437607738,0.));
#4014 = CARTESIAN_POINT('',(-25.24648230486,7.760032108185,0.));
#4015 = CARTESIAN_POINT('',(-25.15115698452,7.698688027178,0.));
#4016 = CARTESIAN_POINT('',(-25.06031560532,7.642247964569,0.));
#4017 = CARTESIAN_POINT('',(-25.00099697585,7.606689245216,0.));
#4018 = CARTESIAN_POINT('',(-24.97211543419,7.589693718554,0.));
#4019 = VECTOR('',#4020,1.);
#4020 = DIRECTION('',(-0.,-0.,-1.));
#4021 = ADVANCED_FACE('',(#4022),#4045,.T.);
#4022 = FACE_BOUND('',#4023,.T.);
#4023 = EDGE_LOOP('',(#4024,#4025,#4032,#4040));
#4024 = ORIENTED_EDGE('',*,*,#3963,.T.);
#4025 = ORIENTED_EDGE('',*,*,#4026,.T.);
#4026 = EDGE_CURVE('',#3937,#4027,#4029,.T.);
#4027 = VERTEX_POINT('',#4028);
#4028 = CARTESIAN_POINT('',(-25.42133321152,5.913190149884,10.));
#4029 = B_SPLINE_CURVE_WITH_KNOTS('',1,(#4030,#4031),.UNSPECIFIED.,.F.,
  .F.,(2,2),(0.,1.735644211017),.PIECEWISE_BEZIER_KNOTS.);
#4030 = CARTESIAN_POINT('',(-24.97211543419,7.589693718554,10.));
#4031 = CARTESIAN_POINT('',(-25.42133321152,5.913190149884,10.));
#4032 = ORIENTED_EDGE('',*,*,#4033,.F.);
#4033 = EDGE_CURVE('',#4034,#4027,#4036,.T.);
#4034 = VERTEX_POINT('',#4035);
#4035 = CARTESIAN_POINT('',(-25.42133321152,5.913190149884,0.));
#4036 = LINE('',#4037,#4038);
#4037 = CARTESIAN_POINT('',(-25.42133321152,5.913190149884,0.));
#4038 = VECTOR('',#4039,1.);
#4039 = DIRECTION('',(0.,0.,1.));
#4040 = ORIENTED_EDGE('',*,*,#4041,.F.);
#4041 = EDGE_CURVE('',#3964,#4034,#4042,.T.);
#4042 = B_SPLINE_CURVE_WITH_KNOTS('',1,(#4043,#4044),.UNSPECIFIED.,.F.,
  .F.,(2,2),(0.,1.735644211017),.PIECEWISE_BEZIER_KNOTS.);
#4043 = CARTESIAN_POINT('',(-24.97211543419,7.589693718554,0.));
#4044 = CARTESIAN_POINT('',(-25.42133321152,5.913190149884,0.));
#4045 = SURFACE_OF_LINEAR_EXTRUSION('',#4046,#4049);
#4046 = B_SPLINE_CURVE_WITH_KNOTS('',1,(#4047,#4048),.UNSPECIFIED.,.F.,
  .F.,(2,2),(0.,1.735644211017),.PIECEWISE_BEZIER_KNOTS.);
#4047 = CARTESIAN_POINT('',(-24.97211543419,7.589693718554,0.));
#4048 = CARTESIAN_POINT('',(-25.42133321152,5.913190149884,0.));
#4049 = VECTOR('',#4050,1.);
#4050 = DIRECTION('',(-0.,-0.,-1.));
#4051 = ADVANCED_FACE('',(#4052),#4115,.T.);
#4052 = FACE_BOUND('',#4053,.T.);
#4053 = EDGE_LOOP('',(#4054,#4055,#4082,#4090));
#4054 = ORIENTED_EDGE('',*,*,#4033,.T.);
#4055 = ORIENTED_EDGE('',*,*,#4056,.T.);
#4056 = EDGE_CURVE('',#4027,#4057,#4059,.T.);
#4057 = VERTEX_POINT('',#4058);
#4058 = CARTESIAN_POINT('',(-28.36921298678,5.380834462287,10.));
#4059 = B_SPLINE_CURVE_WITH_KNOTS('',3,(#4060,#4061,#4062,#4063,#4064,
    #4065,#4066,#4067,#4068,#4069,#4070,#4071,#4072,#4073,#4074,#4075,
    #4076,#4077,#4078,#4079,#4080,#4081),.UNSPECIFIED.,.F.,.F.,(4,1,1,1,
    1,1,1,1,1,1,1,1,1,1,1,1,1,1,1,4),(0.,0.100531090486,0.207473237636,
    0.320826441453,0.440590701938,0.566766019094,0.699352392922,
    0.838349823423,0.983758310598,1.135577854448,1.293808454975,
    1.458450112178,1.629502826059,1.806966596619,1.990841423856,
    2.181127307773,2.37782424837,2.580932245646,2.790451299603,
    3.00638141024),.UNSPECIFIED.);
#4060 = CARTESIAN_POINT('',(-25.42133321152,5.913190149884,10.));
#4061 = CARTESIAN_POINT('',(-25.45484312363,5.912912362874,10.));
#4062 = CARTESIAN_POINT('',(-25.52399392334,5.911776923324,10.));
#4063 = CARTESIAN_POINT('',(-25.63088489675,5.908319084914,10.));
#4064 = CARTESIAN_POINT('',(-25.7441110863,5.902856212562,10.));
#4065 = CARTESIAN_POINT('',(-25.86363446051,5.895184598756,10.));
#4066 = CARTESIAN_POINT('',(-25.98941170177,5.885103213602,10.));
#4067 = CARTESIAN_POINT('',(-26.12139481469,5.872411303568,10.));
#4068 = CARTESIAN_POINT('',(-26.25953096942,5.856909222513,10.));
#4069 = CARTESIAN_POINT('',(-26.40376256998,5.838398322088,10.));
#4070 = CARTESIAN_POINT('',(-26.55402726012,5.816681114144,10.));
#4071 = CARTESIAN_POINT('',(-26.71025794977,5.791561354187,10.));
#4072 = CARTESIAN_POINT('',(-26.87238283815,5.762844146898,10.));
#4073 = CARTESIAN_POINT('',(-27.04032544038,5.730336045112,10.));
#4074 = CARTESIAN_POINT('',(-27.21400461598,5.693845148591,10.));
#4075 = CARTESIAN_POINT('',(-27.39333459798,5.653181207832,10.));
#4076 = CARTESIAN_POINT('',(-27.57822502974,5.608155703429,10.));
#4077 = CARTESIAN_POINT('',(-27.76858098136,5.558582019139,10.));
#4078 = CARTESIAN_POINT('',(-27.9643030556,5.504275244179,10.));
#4079 = CARTESIAN_POINT('',(-28.1652871529,5.445053424342,10.));
#4080 = CARTESIAN_POINT('',(-28.30067265779,5.402809803079,10.));
#4081 = CARTESIAN_POINT('',(-28.36921298678,5.380834462287,10.));
#4082 = ORIENTED_EDGE('',*,*,#4083,.F.);
#4083 = EDGE_CURVE('',#4084,#4057,#4086,.T.);
#4084 = VERTEX_POINT('',#4085);
#4085 = CARTESIAN_POINT('',(-28.36921298678,5.380834462287,0.));
#4086 = LINE('',#4087,#4088);
#4087 = CARTESIAN_POINT('',(-28.36921298678,5.380834462287,0.));
#4088 = VECTOR('',#4089,1.);
#4089 = DIRECTION('',(0.,0.,1.));
#4090 = ORIENTED_EDGE('',*,*,#4091,.F.);
#4091 = EDGE_CURVE('',#4034,#4084,#4092,.T.);
#4092 = B_SPLINE_CURVE_WITH_KNOTS('',3,(#4093,#4094,#4095,#4096,#4097,
    #4098,#4099,#4100,#4101,#4102,#4103,#4104,#4105,#4106,#4107,#4108,
    #4109,#4110,#4111,#4112,#4113,#4114),.UNSPECIFIED.,.F.,.F.,(4,1,1,1,
    1,1,1,1,1,1,1,1,1,1,1,1,1,1,1,4),(0.,0.100531090486,0.207473237636,
    0.320826441453,0.440590701938,0.566766019094,0.699352392922,
    0.838349823423,0.983758310598,1.135577854448,1.293808454975,
    1.458450112178,1.629502826059,1.806966596619,1.990841423856,
    2.181127307773,2.37782424837,2.580932245646,2.790451299603,
    3.00638141024),.UNSPECIFIED.);
#4093 = CARTESIAN_POINT('',(-25.42133321152,5.913190149884,0.));
#4094 = CARTESIAN_POINT('',(-25.45484312363,5.912912362874,0.));
#4095 = CARTESIAN_POINT('',(-25.52399392334,5.911776923324,0.));
#4096 = CARTESIAN_POINT('',(-25.63088489675,5.908319084914,0.));
#4097 = CARTESIAN_POINT('',(-25.7441110863,5.902856212562,0.));
#4098 = CARTESIAN_POINT('',(-25.86363446051,5.895184598756,0.));
#4099 = CARTESIAN_POINT('',(-25.98941170177,5.885103213602,0.));
#4100 = CARTESIAN_POINT('',(-26.12139481469,5.872411303568,0.));
#4101 = CARTESIAN_POINT('',(-26.25953096942,5.856909222513,0.));
#4102 = CARTESIAN_POINT('',(-26.40376256998,5.838398322088,0.));
#4103 = CARTESIAN_POINT('',(-26.55402726012,5.816681114144,0.));
#4104 = CARTESIAN_POINT('',(-26.71025794977,5.791561354187,0.));
#4105 = CARTESIAN_POINT('',(-26.87238283815,5.762844146898,0.));
#4106 = CARTESIAN_POINT('',(-27.04032544038,5.730336045112,0.));
#4107 = CARTESIAN_POINT('',(-27.21400461598,5.693845148591,0.));
#4108 = CARTESIAN_POINT('',(-27.39333459798,5.653181207832,0.));
#4109 = CARTESIAN_POINT('',(-27.57822502974,5.608155703429,0.));
#4110 = CARTESIAN_POINT('',(-27.76858098136,5.558582019139,0.));
#4111 = CARTESIAN_POINT('',(-27.9643030556,5.504275244179,0.));
#4112 = CARTESIAN_POINT('',(-28.1652871529,5.445053424342,0.));
#4113 = CARTESIAN_POINT('',(-28.30067265779,5.402809803079,0.));
#4114 = CARTESIAN_POINT('',(-28.36921298678,5.380834462287,0.));
#4115 = SURFACE_OF_LINEAR_EXTRUSION('',#4116,#4139);
#4116 = B_SPLINE_CURVE_WITH_KNOTS('',3,(#4117,#4118,#4119,#4120,#4121,
    #4122,#4123,#4124,#4125,#4126,#4127,#4128,#4129,#4130,#4131,#4132,
    #4133,#4134,#4135,#4136,#4137,#4138),.UNSPECIFIED.,.F.,.F.,(4,1,1,1,
    1,1,1,1,1,1,1,1,1,1,1,1,1,1,1,4),(0.,0.100531090486,0.207473237636,
    0.320826441453,0.440590701938,0.566766019094,0.699352392922,
    0.838349823423,0.983758310598,1.135577854448,1.293808454975,
    1.458450112178,1.629502826059,1.806966596619,1.990841423856,
    2.181127307773,2.37782424837,2.580932245646,2.790451299603,
    3.00638141024),.UNSPECIFIED.);
#4117 = CARTESIAN_POINT('',(-25.42133321152,5.913190149884,0.));
#4118 = CARTESIAN_POINT('',(-25.45484312363,5.912912362874,0.));
#4119 = CARTESIAN_POINT('',(-25.52399392334,5.911776923324,0.));
#4120 = CARTESIAN_POINT('',(-25.63088489675,5.908319084914,0.));
#4121 = CARTESIAN_POINT('',(-25.7441110863,5.902856212562,0.));
#4122 = CARTESIAN_POINT('',(-25.86363446051,5.895184598756,0.));
#4123 = CARTESIAN_POINT('',(-25.98941170177,5.885103213602,0.));
#4124 = CARTESIAN_POINT('',(-26.12139481469,5.872411303568,0.));
#4125 = CARTESIAN_POINT('',(-26.25953096942,5.856909222513,0.));
#4126 = CARTESIAN_POINT('',(-26.40376256998,5.838398322088,0.));
#4127 = CARTESIAN_POINT('',(-26.55402726012,5.816681114144,0.));
#4128 = CARTESIAN_POINT('',(-26.71025794977,5.791561354187,0.));
#4129 = CARTESIAN_POINT('',(-26.87238283815,5.762844146898,0.));
#4130 = CARTESIAN_POINT('',(-27.04032544038,5.730336045112,0.));
#4131 = CARTESIAN_POINT('',(-27.21400461598,5.693845148591,0.));
#4132 = CARTESIAN_POINT('',(-27.39333459798,5.653181207832,0.));
#4133 = CARTESIAN_POINT('',(-27.57822502974,5.608155703429,0.));
#4134 = CARTESIAN_POINT('',(-27.76858098136,5.558582019139,0.));
#4135 = CARTESIAN_POINT('',(-27.9643030556,5.504275244179,0.));
#4136 = CARTESIAN_POINT('',(-28.1652871529,5.445053424342,0.));
#4137 = CARTESIAN_POINT('',(-28.30067265779,5.402809803079,0.));
#4138 = CARTESIAN_POINT('',(-28.36921298678,5.380834462287,0.));
#4139 = VECTOR('',#4140,1.);
#4140 = DIRECTION('',(-0.,-0.,-1.));
#4141 = ADVANCED_FACE('',(#4142),#4165,.T.);
#4142 = FACE_BOUND('',#4143,.T.);
#4143 = EDGE_LOOP('',(#4144,#4145,#4152,#4160));
#4144 = ORIENTED_EDGE('',*,*,#4083,.T.);
#4145 = ORIENTED_EDGE('',*,*,#4146,.T.);
#4146 = EDGE_CURVE('',#4057,#4147,#4149,.T.);
#4147 = VERTEX_POINT('',#4148);
#4148 = CARTESIAN_POINT('',(-28.49869387518,4.646511853894,10.));
#4149 = B_SPLINE_CURVE_WITH_KNOTS('',1,(#4150,#4151),.UNSPECIFIED.,.F.,
  .F.,(2,2),(0.,0.745650718271),.PIECEWISE_BEZIER_KNOTS.);
#4150 = CARTESIAN_POINT('',(-28.36921298678,5.380834462287,10.));
#4151 = CARTESIAN_POINT('',(-28.49869387518,4.646511853894,10.));
#4152 = ORIENTED_EDGE('',*,*,#4153,.F.);
#4153 = EDGE_CURVE('',#4154,#4147,#4156,.T.);
#4154 = VERTEX_POINT('',#4155);
#4155 = CARTESIAN_POINT('',(-28.49869387518,4.646511853894,0.));
#4156 = LINE('',#4157,#4158);
#4157 = CARTESIAN_POINT('',(-28.49869387518,4.646511853894,0.));
#4158 = VECTOR('',#4159,1.);
#4159 = DIRECTION('',(0.,0.,1.));
#4160 = ORIENTED_EDGE('',*,*,#4161,.F.);
#4161 = EDGE_CURVE('',#4084,#4154,#4162,.T.);
#4162 = B_SPLINE_CURVE_WITH_KNOTS('',1,(#4163,#4164),.UNSPECIFIED.,.F.,
  .F.,(2,2),(0.,0.745650718271),.PIECEWISE_BEZIER_KNOTS.);
#4163 = CARTESIAN_POINT('',(-28.36921298678,5.380834462287,0.));
#4164 = CARTESIAN_POINT('',(-28.49869387518,4.646511853894,0.));
#4165 = SURFACE_OF_LINEAR_EXTRUSION('',#4166,#4169);
#4166 = B_SPLINE_CURVE_WITH_KNOTS('',1,(#4167,#4168),.UNSPECIFIED.,.F.,
  .F.,(2,2),(0.,0.745650718271),.PIECEWISE_BEZIER_KNOTS.);
#4167 = CARTESIAN_POINT('',(-28.36921298678,5.380834462287,0.));
#4168 = CARTESIAN_POINT('',(-28.49869387518,4.646511853894,0.));
#4169 = VECTOR('',#4170,1.);
#4170 = DIRECTION('',(-0.,-0.,-1.));
#4171 = ADVANCED_FACE('',(#4172),#4235,.T.);
#4172 = FACE_BOUND('',#4173,.T.);
#4173 = EDGE_LOOP('',(#4174,#4175,#4202,#4210));
#4174 = ORIENTED_EDGE('',*,*,#4153,.T.);
#4175 = ORIENTED_EDGE('',*,*,#4176,.T.);
#4176 = EDGE_CURVE('',#4147,#4177,#4179,.T.);
#4177 = VERTEX_POINT('',#4178);
#4178 = CARTESIAN_POINT('',(-25.91066937198,3.138026879385,10.));
#4179 = B_SPLINE_CURVE_WITH_KNOTS('',3,(#4180,#4181,#4182,#4183,#4184,
    #4185,#4186,#4187,#4188,#4189,#4190,#4191,#4192,#4193,#4194,#4195,
    #4196,#4197,#4198,#4199,#4200,#4201),.UNSPECIFIED.,.F.,.F.,(4,1,1,1,
    1,1,1,1,1,1,1,1,1,1,1,1,1,1,1,4),(0.,0.215930110637,0.425449164594,
    0.62855716187,0.825254102467,1.015539986384,1.199414813622,
    1.376878584181,1.547931298062,1.712572955265,1.870803555792,
    2.022623099642,2.168031586817,2.307029017318,2.439615391146,
    2.565790708302,2.685554968787,2.798908172604,2.905850319754,
    3.00638141024),.UNSPECIFIED.);
#4180 = CARTESIAN_POINT('',(-28.49869387518,4.646511853894,10.));
#4181 = CARTESIAN_POINT('',(-28.44180304302,4.602419615169,10.));
#4182 = CARTESIAN_POINT('',(-28.32903045251,4.516419026206,10.));
#4183 = CARTESIAN_POINT('',(-28.16042223469,4.39202810935,10.));
#4184 = CARTESIAN_POINT('',(-27.99507765675,4.274055541777,10.));
#4185 = CARTESIAN_POINT('',(-27.83315677229,4.162365946609,10.));
#4186 = CARTESIAN_POINT('',(-27.67481622739,4.056819560404,10.));
#4187 = CARTESIAN_POINT('',(-27.52020905346,3.957273489195,10.));
#4188 = CARTESIAN_POINT('',(-27.36948463543,3.863581486479,10.));
#4189 = CARTESIAN_POINT('',(-27.22278863702,3.775594110228,10.));
#4190 = CARTESIAN_POINT('',(-27.08026293912,3.693158784888,10.));
#4191 = CARTESIAN_POINT('',(-26.94204557682,3.616119888956,10.));
#4192 = CARTESIAN_POINT('',(-26.80827067891,3.544318838048,10.));
#4193 = CARTESIAN_POINT('',(-26.67906840899,3.477594168819,10.));
#4194 = CARTESIAN_POINT('',(-26.55456490772,3.415781630207,10.));
#4195 = CARTESIAN_POINT('',(-26.43488223932,3.358714252804,10.));
#4196 = CARTESIAN_POINT('',(-26.32013833065,3.306222499488,10.));
#4197 = CARTESIAN_POINT('',(-26.21044694434,3.258134139024,10.));
#4198 = CARTESIAN_POINT('',(-26.10591754193,3.21427508061,10.));
#4199 = CARTESIAN_POINT('',(-26.00665553337,3.174466909327,10.));
#4200 = CARTESIAN_POINT('',(-25.94206338036,3.14974897873,10.));
#4201 = CARTESIAN_POINT('',(-25.91066937198,3.138026879385,10.));
#4202 = ORIENTED_EDGE('',*,*,#4203,.F.);
#4203 = EDGE_CURVE('',#4204,#4177,#4206,.T.);
#4204 = VERTEX_POINT('',#4205);
#4205 = CARTESIAN_POINT('',(-25.91066937198,3.138026879385,0.));
#4206 = LINE('',#4207,#4208);
#4207 = CARTESIAN_POINT('',(-25.91066937198,3.138026879385,0.));
#4208 = VECTOR('',#4209,1.);
#4209 = DIRECTION('',(0.,0.,1.));
#4210 = ORIENTED_EDGE('',*,*,#4211,.F.);
#4211 = EDGE_CURVE('',#4154,#4204,#4212,.T.);
#4212 = B_SPLINE_CURVE_WITH_KNOTS('',3,(#4213,#4214,#4215,#4216,#4217,
    #4218,#4219,#4220,#4221,#4222,#4223,#4224,#4225,#4226,#4227,#4228,
    #4229,#4230,#4231,#4232,#4233,#4234),.UNSPECIFIED.,.F.,.F.,(4,1,1,1,
    1,1,1,1,1,1,1,1,1,1,1,1,1,1,1,4),(0.,0.215930110637,0.425449164594,
    0.62855716187,0.825254102467,1.015539986384,1.199414813622,
    1.376878584181,1.547931298062,1.712572955265,1.870803555792,
    2.022623099642,2.168031586817,2.307029017318,2.439615391146,
    2.565790708302,2.685554968787,2.798908172604,2.905850319754,
    3.00638141024),.UNSPECIFIED.);
#4213 = CARTESIAN_POINT('',(-28.49869387518,4.646511853894,0.));
#4214 = CARTESIAN_POINT('',(-28.44180304302,4.602419615169,0.));
#4215 = CARTESIAN_POINT('',(-28.32903045251,4.516419026206,0.));
#4216 = CARTESIAN_POINT('',(-28.16042223469,4.39202810935,0.));
#4217 = CARTESIAN_POINT('',(-27.99507765675,4.274055541777,0.));
#4218 = CARTESIAN_POINT('',(-27.83315677229,4.162365946609,0.));
#4219 = CARTESIAN_POINT('',(-27.67481622739,4.056819560404,0.));
#4220 = CARTESIAN_POINT('',(-27.52020905346,3.957273489195,0.));
#4221 = CARTESIAN_POINT('',(-27.36948463543,3.863581486479,0.));
#4222 = CARTESIAN_POINT('',(-27.22278863702,3.775594110228,0.));
#4223 = CARTESIAN_POINT('',(-27.08026293912,3.693158784888,0.));
#4224 = CARTESIAN_POINT('',(-26.94204557682,3.616119888956,0.));
#4225 = CARTESIAN_POINT('',(-26.80827067891,3.544318838048,0.));
#4226 = CARTESIAN_POINT('',(-26.67906840899,3.477594168819,0.));
#4227 = CARTESIAN_POINT('',(-26.55456490772,3.415781630207,0.));
#4228 = CARTESIAN_POINT('',(-26.43488223932,3.358714252804,0.));
#4229 = CARTESIAN_POINT('',(-26.32013833065,3.306222499488,0.));
#4230 = CARTESIAN_POINT('',(-26.21044694434,3.258134139024,0.));
#4231 = CARTESIAN_POINT('',(-26.10591754193,3.21427508061,0.));
#4232 = CARTESIAN_POINT('',(-26.00665553337,3.174466909327,0.));
#4233 = CARTESIAN_POINT('',(-25.94206338036,3.14974897873,0.));
#4234 = CARTESIAN_POINT('',(-25.91066937198,3.138026879385,0.));
#4235 = SURFACE_OF_LINEAR_EXTRUSION('',#4236,#4259);
#4236 = B_SPLINE_CURVE_WITH_KNOTS('',3,(#4237,#4238,#4239,#4240,#4241,
    #4242,#4243,#4244,#4245,#4246,#4247,#4248,#4249,#4250,#4251,#4252,
    #4253,#4254,#4255,#4256,#4257,#4258),.UNSPECIFIED.,.F.,.F.,(4,1,1,1,
    1,1,1,1,1,1,1,1,1,1,1,1,1,1,1,4),(0.,0.215930110637,0.425449164594,
    0.62855716187,0.825254102467,1.015539986384,1.199414813622,
    1.376878584181,1.547931298062,1.712572955265,1.870803555792,
    2.022623099642,2.168031586817,2.307029017318,2.439615391146,
    2.565790708302,2.685554968787,2.798908172604,2.905850319754,
    3.00638141024),.UNSPECIFIED.);
#4237 = CARTESIAN_POINT('',(-28.49869387518,4.646511853894,0.));
#4238 = CARTESIAN_POINT('',(-28.44180304302,4.602419615169,0.));
#4239 = CARTESIAN_POINT('',(-28.32903045251,4.516419026206,0.));
#4240 = CARTESIAN_POINT('',(-28.16042223469,4.39202810935,0.));
#4241 = CARTESIAN_POINT('',(-27.99507765675,4.274055541777,0.));
#4242 = CARTESIAN_POINT('',(-27.83315677229,4.162365946609,0.));
#4243 = CARTESIAN_POINT('',(-27.67481622739,4.056819560404,0.));
#4244 = CARTESIAN_POINT('',(-27.52020905346,3.957273489195,0.));
#4245 = CARTESIAN_POINT('',(-27.36948463543,3.863581486479,0.));
#4246 = CARTESIAN_POINT('',(-27.22278863702,3.775594110228,0.));
#4247 = CARTESIAN_POINT('',(-27.08026293912,3.693158784888,0.));
#4248 = CARTESIAN_POINT('',(-26.94204557682,3.616119888956,0.));
#4249 = CARTESIAN_POINT('',(-26.80827067891,3.544318838048,0.));
#4250 = CARTESIAN_POINT('',(-26.67906840899,3.477594168819,0.));
#4251 = CARTESIAN_POINT('',(-26.55456490772,3.415781630207,0.));
#4252 = CARTESIAN_POINT('',(-26.43488223932,3.358714252804,0.));
#4253 = CARTESIAN_POINT('',(-26.32013833065,3.306222499488,0.));
#4254 = CARTESIAN_POINT('',(-26.21044694434,3.258134139024,0.));
#4255 = CARTESIAN_POINT('',(-26.10591754193,3.21427508061,0.));
#4256 = CARTESIAN_POINT('',(-26.00665553337,3.174466909327,0.));
#4257 = CARTESIAN_POINT('',(-25.94206338036,3.14974897873,0.));
#4258 = CARTESIAN_POINT('',(-25.91066937198,3.138026879385,0.));
#4259 = VECTOR('',#4260,1.);
#4260 = DIRECTION('',(-0.,-0.,-1.));
#4261 = ADVANCED_FACE('',(#4262),#4285,.T.);
#4262 = FACE_BOUND('',#4263,.T.);
#4263 = EDGE_LOOP('',(#4264,#4265,#4272,#4280));
#4264 = ORIENTED_EDGE('',*,*,#4203,.T.);
#4265 = ORIENTED_EDGE('',*,*,#4266,.T.);
#4266 = EDGE_CURVE('',#4177,#4267,#4269,.T.);
#4267 = VERTEX_POINT('',#4268);
#4268 = CARTESIAN_POINT('',(-26.06194073234,1.408987318597,10.));
#4269 = B_SPLINE_CURVE_WITH_KNOTS('',1,(#4270,#4271),.UNSPECIFIED.,.F.,
  .F.,(2,2),(0.,1.735644211017),.PIECEWISE_BEZIER_KNOTS.);
#4270 = CARTESIAN_POINT('',(-25.91066937198,3.138026879385,10.));
#4271 = CARTESIAN_POINT('',(-26.06194073234,1.408987318597,10.));
#4272 = ORIENTED_EDGE('',*,*,#4273,.F.);
#4273 = EDGE_CURVE('',#4274,#4267,#4276,.T.);
#4274 = VERTEX_POINT('',#4275);
#4275 = CARTESIAN_POINT('',(-26.06194073234,1.408987318597,0.));
#4276 = LINE('',#4277,#4278);
#4277 = CARTESIAN_POINT('',(-26.06194073234,1.408987318597,0.));
#4278 = VECTOR('',#4279,1.);
#4279 = DIRECTION('',(0.,0.,1.));
#4280 = ORIENTED_EDGE('',*,*,#4281,.F.);
#4281 = EDGE_CURVE('',#4204,#4274,#4282,.T.);
#4282 = B_SPLINE_CURVE_WITH_KNOTS('',1,(#4283,#4284),.UNSPECIFIED.,.F.,
  .F.,(2,2),(0.,1.735644211017),.PIECEWISE_BEZIER_KNOTS.);
#4283 = CARTESIAN_POINT('',(-25.91066937198,3.138026879385,0.));
#4284 = CARTESIAN_POINT('',(-26.06194073234,1.408987318597,0.));
#4285 = SURFACE_OF_LINEAR_EXTRUSION('',#4286,#4289);
#4286 = B_SPLINE_CURVE_WITH_KNOTS('',1,(#4287,#4288),.UNSPECIFIED.,.F.,
  .F.,(2,2),(0.,1.735644211017),.PIECEWISE_BEZIER_KNOTS.);
#4287 = CARTESIAN_POINT('',(-25.91066937198,3.138026879385,0.));
#4288 = CARTESIAN_POINT('',(-26.06194073234,1.408987318597,0.));
#4289 = VECTOR('',#4290,1.);
#4290 = DIRECTION('',(-0.,-0.,-1.));
#4291 = ADVANCED_FACE('',(#4292),#4355,.T.);
#4292 = FACE_BOUND('',#4293,.T.);
#4293 = EDGE_LOOP('',(#4294,#4295,#4322,#4330));
#4294 = ORIENTED_EDGE('',*,*,#4273,.T.);
#4295 = ORIENTED_EDGE('',*,*,#4296,.T.);
#4296 = EDGE_CURVE('',#4267,#4297,#4299,.T.);
#4297 = VERTEX_POINT('',#4298);
#4298 = CARTESIAN_POINT('',(-28.87259299494,0.372825359136,10.));
#4299 = B_SPLINE_CURVE_WITH_KNOTS('',3,(#4300,#4301,#4302,#4303,#4304,
    #4305,#4306,#4307,#4308,#4309,#4310,#4311,#4312,#4313,#4314,#4315,
    #4316,#4317,#4318,#4319,#4320,#4321),.UNSPECIFIED.,.F.,.F.,(4,1,1,1,
    1,1,1,1,1,1,1,1,1,1,1,1,1,1,1,4),(0.,0.100531090486,0.207473237636,
    0.320826441453,0.440590701938,0.566766019094,0.699352392922,
    0.838349823423,0.983758310598,1.135577854448,1.293808454975,
    1.458450112178,1.629502826059,1.806966596619,1.990841423856,
    2.181127307773,2.37782424837,2.580932245646,2.790451299603,
    3.00638141024),.UNSPECIFIED.);
#4300 = CARTESIAN_POINT('',(-26.06194073234,1.408987318597,10.));
#4301 = CARTESIAN_POINT('',(-26.09489331638,1.402894816624,10.));
#4302 = CARTESIAN_POINT('',(-26.16279639305,1.389768716597,10.));
#4303 = CARTESIAN_POINT('',(-26.26746300505,1.367801987781,10.));
#4304 = CARTESIAN_POINT('',(-26.37802041653,1.342760587256,10.));
#4305 = CARTESIAN_POINT('',(-26.49439580037,1.31445050638,10.));
#4306 = CARTESIAN_POINT('',(-26.61651158855,1.282681291385,10.));
#4307 = CARTESIAN_POINT('',(-26.74428565438,1.24726357294,10.));
#4308 = CARTESIAN_POINT('',(-26.8776313024,1.208009911791,10.));
#4309 = CARTESIAN_POINT('',(-27.01645731673,1.164734678938,10.));
#4310 = CARTESIAN_POINT('',(-27.16066799501,1.11725421457,10.));
#4311 = CARTESIAN_POINT('',(-27.31016318889,1.065386905658,10.));
#4312 = CARTESIAN_POINT('',(-27.46483834521,1.008953285853,10.));
#4313 = CARTESIAN_POINT('',(-27.62458454932,0.947776128347,10.));
#4314 = CARTESIAN_POINT('',(-27.7892885703,0.881680538198,10.));
#4315 = CARTESIAN_POINT('',(-27.95883290771,0.810494049496,10.));
#4316 = CARTESIAN_POINT('',(-28.13309584157,0.734046697133,10.));
#4317 = CARTESIAN_POINT('',(-28.31195147862,0.652171184392,10.));
#4318 = CARTESIAN_POINT('',(-28.49526982227,0.564702669849,10.));
#4319 = CARTESIAN_POINT('',(-28.68291675843,0.47148004029,10.));
#4320 = CARTESIAN_POINT('',(-28.80890992544,0.406368748348,10.));
#4321 = CARTESIAN_POINT('',(-28.87259299494,0.372825359136,10.));
#4322 = ORIENTED_EDGE('',*,*,#4323,.F.);
#4323 = EDGE_CURVE('',#4324,#4297,#4326,.T.);
#4324 = VERTEX_POINT('',#4325);
#4325 = CARTESIAN_POINT('',(-28.87259299494,0.372825359136,0.));
#4326 = LINE('',#4327,#4328);
#4327 = CARTESIAN_POINT('',(-28.87259299494,0.372825359136,0.));
#4328 = VECTOR('',#4329,1.);
#4329 = DIRECTION('',(0.,0.,1.));
#4330 = ORIENTED_EDGE('',*,*,#4331,.F.);
#4331 = EDGE_CURVE('',#4274,#4324,#4332,.T.);
#4332 = B_SPLINE_CURVE_WITH_KNOTS('',3,(#4333,#4334,#4335,#4336,#4337,
    #4338,#4339,#4340,#4341,#4342,#4343,#4344,#4345,#4346,#4347,#4348,
    #4349,#4350,#4351,#4352,#4353,#4354),.UNSPECIFIED.,.F.,.F.,(4,1,1,1,
    1,1,1,1,1,1,1,1,1,1,1,1,1,1,1,4),(0.,0.100531090486,0.207473237636,
    0.320826441453,0.440590701938,0.566766019094,0.699352392922,
    0.838349823423,0.983758310598,1.135577854448,1.293808454975,
    1.458450112178,1.629502826059,1.806966596619,1.990841423856,
    2.181127307773,2.37782424837,2.580932245646,2.790451299603,
    3.00638141024),.UNSPECIFIED.);
#4333 = CARTESIAN_POINT('',(-26.06194073234,1.408987318597,0.));
#4334 = CARTESIAN_POINT('',(-26.09489331638,1.402894816624,0.));
#4335 = CARTESIAN_POINT('',(-26.16279639305,1.389768716597,0.));
#4336 = CARTESIAN_POINT('',(-26.26746300505,1.367801987781,0.));
#4337 = CARTESIAN_POINT('',(-26.37802041653,1.342760587256,0.));
#4338 = CARTESIAN_POINT('',(-26.49439580037,1.31445050638,0.));
#4339 = CARTESIAN_POINT('',(-26.61651158855,1.282681291385,0.));
#4340 = CARTESIAN_POINT('',(-26.74428565438,1.24726357294,0.));
#4341 = CARTESIAN_POINT('',(-26.8776313024,1.208009911791,0.));
#4342 = CARTESIAN_POINT('',(-27.01645731673,1.164734678938,0.));
#4343 = CARTESIAN_POINT('',(-27.16066799501,1.11725421457,0.));
#4344 = CARTESIAN_POINT('',(-27.31016318889,1.065386905658,0.));
#4345 = CARTESIAN_POINT('',(-27.46483834521,1.008953285853,0.));
#4346 = CARTESIAN_POINT('',(-27.62458454932,0.947776128347,0.));
#4347 = CARTESIAN_POINT('',(-27.7892885703,0.881680538198,0.));
#4348 = CARTESIAN_POINT('',(-27.95883290771,0.810494049496,0.));
#4349 = CARTESIAN_POINT('',(-28.13309584157,0.734046697133,0.));
#4350 = CARTESIAN_POINT('',(-28.31195147862,0.652171184392,0.));
#4351 = CARTESIAN_POINT('',(-28.49526982227,0.564702669849,0.));
#4352 = CARTESIAN_POINT('',(-28.68291675843,0.47148004029,0.));
#4353 = CARTESIAN_POINT('',(-28.80890992544,0.406368748348,0.));
#4354 = CARTESIAN_POINT('',(-28.87259299494,0.372825359136,0.));
#4355 = SURFACE_OF_LINEAR_EXTRUSION('',#4356,#4379);
#4356 = B_SPLINE_CURVE_WITH_KNOTS('',3,(#4357,#4358,#4359,#4360,#4361,
    #4362,#4363,#4364,#4365,#4366,#4367,#4368,#4369,#4370,#4371,#4372,
    #4373,#4374,#4375,#4376,#4377,#4378),.UNSPECIFIED.,.F.,.F.,(4,1,1,1,
    1,1,1,1,1,1,1,1,1,1,1,1,1,1,1,4),(0.,0.100531090486,0.207473237636,
    0.320826441453,0.440590701938,0.566766019094,0.699352392922,
    0.838349823423,0.983758310598,1.135577854448,1.293808454975,
    1.458450112178,1.629502826059,1.806966596619,1.990841423856,
    2.181127307773,2.37782424837,2.580932245646,2.790451299603,
    3.00638141024),.UNSPECIFIED.);
#4357 = CARTESIAN_POINT('',(-26.06194073234,1.408987318597,0.));
#4358 = CARTESIAN_POINT('',(-26.09489331638,1.402894816624,0.));
#4359 = CARTESIAN_POINT('',(-26.16279639305,1.389768716597,0.));
#4360 = CARTESIAN_POINT('',(-26.26746300505,1.367801987781,0.));
#4361 = CARTESIAN_POINT('',(-26.37802041653,1.342760587256,0.));
#4362 = CARTESIAN_POINT('',(-26.49439580037,1.31445050638,0.));
#4363 = CARTESIAN_POINT('',(-26.61651158855,1.282681291385,0.));
#4364 = CARTESIAN_POINT('',(-26.74428565438,1.24726357294,0.));
#4365 = CARTESIAN_POINT('',(-26.8776313024,1.208009911791,0.));
#4366 = CARTESIAN_POINT('',(-27.01645731673,1.164734678938,0.));
#4367 = CARTESIAN_POINT('',(-27.16066799501,1.11725421457,0.));
#4368 = CARTESIAN_POINT('',(-27.31016318889,1.065386905658,0.));
#4369 = CARTESIAN_POINT('',(-27.46483834521,1.008953285853,0.));
#4370 = CARTESIAN_POINT('',(-27.62458454932,0.947776128347,0.));
#4371 = CARTESIAN_POINT('',(-27.7892885703,0.881680538198,0.));
#4372 = CARTESIAN_POINT('',(-27.95883290771,0.810494049496,0.));
#4373 = CARTESIAN_POINT('',(-28.13309584157,0.734046697133,0.));
#4374 = CARTESIAN_POINT('',(-28.31195147862,0.652171184392,0.));
#4375 = CARTESIAN_POINT('',(-28.49526982227,0.564702669849,0.));
#4376 = CARTESIAN_POINT('',(-28.68291675843,0.47148004029,0.));
#4377 = CARTESIAN_POINT('',(-28.80890992544,0.406368748348,0.));
#4378 = CARTESIAN_POINT('',(-28.87259299494,0.372825359136,0.));
#4379 = VECTOR('',#4380,1.);
#4380 = DIRECTION('',(-0.,-0.,-1.));
#4381 = ADVANCED_FACE('',(#4382),#4405,.T.);
#4382 = FACE_BOUND('',#4383,.T.);
#4383 = EDGE_LOOP('',(#4384,#4385,#4392,#4400));
#4384 = ORIENTED_EDGE('',*,*,#4323,.T.);
#4385 = ORIENTED_EDGE('',*,*,#4386,.T.);
#4386 = EDGE_CURVE('',#4297,#4387,#4389,.T.);
#4387 = VERTEX_POINT('',#4388);
#4388 = CARTESIAN_POINT('',(-28.87259299494,-0.372825359136,10.));
#4389 = B_SPLINE_CURVE_WITH_KNOTS('',1,(#4390,#4391),.UNSPECIFIED.,.F.,
  .F.,(2,2),(0.,0.745650718271),.PIECEWISE_BEZIER_KNOTS.);
#4390 = CARTESIAN_POINT('',(-28.87259299494,0.372825359136,10.));
#4391 = CARTESIAN_POINT('',(-28.87259299494,-0.372825359136,10.));
#4392 = ORIENTED_EDGE('',*,*,#4393,.F.);
#4393 = EDGE_CURVE('',#4394,#4387,#4396,.T.);
#4394 = VERTEX_POINT('',#4395);
#4395 = CARTESIAN_POINT('',(-28.87259299494,-0.372825359136,0.));
#4396 = LINE('',#4397,#4398);
#4397 = CARTESIAN_POINT('',(-28.87259299494,-0.372825359136,0.));
#4398 = VECTOR('',#4399,1.);
#4399 = DIRECTION('',(0.,0.,1.));
#4400 = ORIENTED_EDGE('',*,*,#4401,.F.);
#4401 = EDGE_CURVE('',#4324,#4394,#4402,.T.);
#4402 = B_SPLINE_CURVE_WITH_KNOTS('',1,(#4403,#4404),.UNSPECIFIED.,.F.,
  .F.,(2,2),(0.,0.745650718271),.PIECEWISE_BEZIER_KNOTS.);
#4403 = CARTESIAN_POINT('',(-28.87259299494,0.372825359136,0.));
#4404 = CARTESIAN_POINT('',(-28.87259299494,-0.372825359136,0.));
#4405 = SURFACE_OF_LINEAR_EXTRUSION('',#4406,#4409);
#4406 = B_SPLINE_CURVE_WITH_KNOTS('',1,(#4407,#4408),.UNSPECIFIED.,.F.,
  .F.,(2,2),(0.,0.745650718271),.PIECEWISE_BEZIER_KNOTS.);
#4407 = CARTESIAN_POINT('',(-28.87259299494,0.372825359136,0.));
#4408 = CARTESIAN_POINT('',(-28.87259299494,-0.372825359136,0.));
#4409 = VECTOR('',#4410,1.);
#4410 = DIRECTION('',(-0.,-0.,-1.));
#4411 = ADVANCED_FACE('',(#4412),#4475,.T.);
#4412 = FACE_BOUND('',#4413,.T.);
#4413 = EDGE_LOOP('',(#4414,#4415,#4442,#4450));
#4414 = ORIENTED_EDGE('',*,*,#4393,.T.);
#4415 = ORIENTED_EDGE('',*,*,#4416,.T.);
#4416 = EDGE_CURVE('',#4387,#4417,#4419,.T.);
#4417 = VERTEX_POINT('',#4418);
#4418 = CARTESIAN_POINT('',(-26.06194073234,-1.408987318597,10.));
#4419 = B_SPLINE_CURVE_WITH_KNOTS('',3,(#4420,#4421,#4422,#4423,#4424,
    #4425,#4426,#4427,#4428,#4429,#4430,#4431,#4432,#4433,#4434,#4435,
    #4436,#4437,#4438,#4439,#4440,#4441),.UNSPECIFIED.,.F.,.F.,(4,1,1,1,
    1,1,1,1,1,1,1,1,1,1,1,1,1,1,1,4),(0.,0.215930110637,0.425449164594,
    0.62855716187,0.825254102467,1.015539986384,1.199414813622,
    1.376878584181,1.547931298062,1.712572955265,1.870803555792,
    2.022623099642,2.168031586817,2.307029017318,2.439615391146,
    2.565790708302,2.685554968787,2.798908172604,2.905850319754,
    3.00638141024),.UNSPECIFIED.);
#4420 = CARTESIAN_POINT('',(-28.87259299494,-0.372825359136,10.));
#4421 = CARTESIAN_POINT('',(-28.80890992544,-0.406368748348,10.));
#4422 = CARTESIAN_POINT('',(-28.68291675843,-0.47148004029,10.));
#4423 = CARTESIAN_POINT('',(-28.49526982227,-0.564702669849,10.));
#4424 = CARTESIAN_POINT('',(-28.31195147862,-0.652171184392,10.));
#4425 = CARTESIAN_POINT('',(-28.13309584157,-0.734046697133,10.));
#4426 = CARTESIAN_POINT('',(-27.95883290771,-0.810494049496,10.));
#4427 = CARTESIAN_POINT('',(-27.7892885703,-0.881680538198,10.));
#4428 = CARTESIAN_POINT('',(-27.62458454932,-0.947776128347,10.));
#4429 = CARTESIAN_POINT('',(-27.46483834521,-1.008953285853,10.));
#4430 = CARTESIAN_POINT('',(-27.31016318889,-1.065386905658,10.));
#4431 = CARTESIAN_POINT('',(-27.16066799501,-1.11725421457,10.));
#4432 = CARTESIAN_POINT('',(-27.01645731673,-1.164734678938,10.));
#4433 = CARTESIAN_POINT('',(-26.8776313024,-1.208009911791,10.));
#4434 = CARTESIAN_POINT('',(-26.74428565438,-1.24726357294,10.));
#4435 = CARTESIAN_POINT('',(-26.61651158855,-1.282681291385,10.));
#4436 = CARTESIAN_POINT('',(-26.49439580037,-1.31445050638,10.));
#4437 = CARTESIAN_POINT('',(-26.37802041653,-1.342760587256,10.));
#4438 = CARTESIAN_POINT('',(-26.26746300505,-1.367801987781,10.));
#4439 = CARTESIAN_POINT('',(-26.16279639305,-1.389768716597,10.));
#4440 = CARTESIAN_POINT('',(-26.09489331638,-1.402894816624,10.));
#4441 = CARTESIAN_POINT('',(-26.06194073234,-1.408987318597,10.));
#4442 = ORIENTED_EDGE('',*,*,#4443,.F.);
#4443 = EDGE_CURVE('',#4444,#4417,#4446,.T.);
#4444 = VERTEX_POINT('',#4445);
#4445 = CARTESIAN_POINT('',(-26.06194073234,-1.408987318597,0.));
#4446 = LINE('',#4447,#4448);
#4447 = CARTESIAN_POINT('',(-26.06194073234,-1.408987318597,0.));
#4448 = VECTOR('',#4449,1.);
#4449 = DIRECTION('',(0.,0.,1.));
#4450 = ORIENTED_EDGE('',*,*,#4451,.F.);
#4451 = EDGE_CURVE('',#4394,#4444,#4452,.T.);
#4452 = B_SPLINE_CURVE_WITH_KNOTS('',3,(#4453,#4454,#4455,#4456,#4457,
    #4458,#4459,#4460,#4461,#4462,#4463,#4464,#4465,#4466,#4467,#4468,
    #4469,#4470,#4471,#4472,#4473,#4474),.UNSPECIFIED.,.F.,.F.,(4,1,1,1,
    1,1,1,1,1,1,1,1,1,1,1,1,1,1,1,4),(0.,0.215930110637,0.425449164594,
    0.62855716187,0.825254102467,1.015539986384,1.199414813622,
    1.376878584181,1.547931298062,1.712572955265,1.870803555792,
    2.022623099642,2.168031586817,2.307029017318,2.439615391146,
    2.565790708302,2.685554968787,2.798908172604,2.905850319754,
    3.00638141024),.UNSPECIFIED.);
#4453 = CARTESIAN_POINT('',(-28.87259299494,-0.372825359136,0.));
#4454 = CARTESIAN_POINT('',(-28.80890992544,-0.406368748348,0.));
#4455 = CARTESIAN_POINT('',(-28.68291675843,-0.47148004029,0.));
#4456 = CARTESIAN_POINT('',(-28.49526982227,-0.564702669849,0.));
#4457 = CARTESIAN_POINT('',(-28.31195147862,-0.652171184392,0.));
#4458 = CARTESIAN_POINT('',(-28.13309584157,-0.734046697133,0.));
#4459 = CARTESIAN_POINT('',(-27.95883290771,-0.810494049496,0.));
#4460 = CARTESIAN_POINT('',(-27.7892885703,-0.881680538198,0.));
#4461 = CARTESIAN_POINT('',(-27.62458454932,-0.947776128347,0.));
#4462 = CARTESIAN_POINT('',(-27.46483834521,-1.008953285853,0.));
#4463 = CARTESIAN_POINT('',(-27.31016318889,-1.065386905658,0.));
#4464 = CARTESIAN_POINT('',(-27.16066799501,-1.11725421457,0.));
#4465 = CARTESIAN_POINT('',(-27.01645731673,-1.164734678938,0.));
#4466 = CARTESIAN_POINT('',(-26.8776313024,-1.208009911791,0.));
#4467 = CARTESIAN_POINT('',(-26.74428565438,-1.24726357294,0.));
#4468 = CARTESIAN_POINT('',(-26.61651158855,-1.282681291385,0.));
#4469 = CARTESIAN_POINT('',(-26.49439580037,-1.31445050638,0.));
#4470 = CARTESIAN_POINT('',(-26.37802041653,-1.342760587256,0.));
#4471 = CARTESIAN_POINT('',(-26.26746300505,-1.367801987781,0.));
#4472 = CARTESIAN_POINT('',(-26.16279639305,-1.389768716597,0.));
#4473 = CARTESIAN_POINT('',(-26.09489331638,-1.402894816624,0.));
#4474 = CARTESIAN_POINT('',(-26.06194073234,-1.408987318597,0.));
#4475 = SURFACE_OF_LINEAR_EXTRUSION('',#4476,#4499);
#4476 = B_SPLINE_CURVE_WITH_KNOTS('',3,(#4477,#4478,#4479,#4480,#4481,
    #4482,#4483,#4484,#4485,#4486,#4487,#4488,#4489,#4490,#4491,#4492,
    #4493,#4494,#4495,#4496,#4497,#4498),.UNSPECIFIED.,.F.,.F.,(4,1,1,1,
    1,1,1,1,1,1,1,1,1,1,1,1,1,1,1,4),(0.,0.215930110637,0.425449164594,
    0.62855716187,0.825254102467,1.015539986384,1.199414813622,
    1.376878584181,1.547931298062,1.712572955265,1.870803555792,
    2.022623099642,2.168031586817,2.307029017318,2.439615391146,
    2.565790708302,2.685554968787,2.798908172604,2.905850319754,
    3.00638141024),.UNSPECIFIED.);
#4477 = CARTESIAN_POINT('',(-28.87259299494,-0.372825359136,0.));
#4478 = CARTESIAN_POINT('',(-28.80890992544,-0.406368748348,0.));
#4479 = CARTESIAN_POINT('',(-28.68291675843,-0.47148004029,0.));
#4480 = CARTESIAN_POINT('',(-28.49526982227,-0.564702669849,0.));
#4481 = CARTESIAN_POINT('',(-28.31195147862,-0.652171184392,0.));
#4482 = CARTESIAN_POINT('',(-28.13309584157,-0.734046697133,0.));
#4483 = CARTESIAN_POINT('',(-27.95883290771,-0.810494049496,0.));
#4484 = CARTESIAN_POINT('',(-27.7892885703,-0.881680538198,0.));
#4485 = CARTESIAN_POINT('',(-27.62458454932,-0.947776128347,0.));
#4486 = CARTESIAN_POINT('',(-27.46483834521,-1.008953285853,0.));
#4487 = CARTESIAN_POINT('',(-27.31016318889,-1.065386905658,0.));
#4488 = CARTESIAN_POINT('',(-27.16066799501,-1.11725421457,0.));
#4489 = CARTESIAN_POINT('',(-27.01645731673,-1.164734678938,0.));
#4490 = CARTESIAN_POINT('',(-26.8776313024,-1.208009911791,0.));
#4491 = CARTESIAN_POINT('',(-26.74428565438,-1.24726357294,0.));
#4492 = CARTESIAN_POINT('',(-26.61651158855,-1.282681291385,0.));
#4493 = CARTESIAN_POINT('',(-26.49439580037,-1.31445050638,0.));
#4494 = CARTESIAN_POINT('',(-26.37802041653,-1.342760587256,0.));
#4495 = CARTESIAN_POINT('',(-26.26746300505,-1.367801987781,0.));
#4496 = CARTESIAN_POINT('',(-26.16279639305,-1.389768716597,0.));
#4497 = CARTESIAN_POINT('',(-26.09489331638,-1.402894816624,0.));
#4498 = CARTESIAN_POINT('',(-26.06194073234,-1.408987318597,0.));
#4499 = VECTOR('',#4500,1.);
#4500 = DIRECTION('',(-0.,-0.,-1.));
#4501 = ADVANCED_FACE('',(#4502),#4525,.T.);
#4502 = FACE_BOUND('',#4503,.T.);
#4503 = EDGE_LOOP('',(#4504,#4505,#4512,#4520));
#4504 = ORIENTED_EDGE('',*,*,#4443,.T.);
#4505 = ORIENTED_EDGE('',*,*,#4506,.T.);
#4506 = EDGE_CURVE('',#4417,#4507,#4509,.T.);
#4507 = VERTEX_POINT('',#4508);
#4508 = CARTESIAN_POINT('',(-25.91066937198,-3.138026879385,10.));
#4509 = B_SPLINE_CURVE_WITH_KNOTS('',1,(#4510,#4511),.UNSPECIFIED.,.F.,
  .F.,(2,2),(0.,1.735644211017),.PIECEWISE_BEZIER_KNOTS.);
#4510 = CARTESIAN_POINT('',(-26.06194073234,-1.408987318597,10.));
#4511 = CARTESIAN_POINT('',(-25.91066937198,-3.138026879385,10.));
#4512 = ORIENTED_EDGE('',*,*,#4513,.F.);
#4513 = EDGE_CURVE('',#4514,#4507,#4516,.T.);
#4514 = VERTEX_POINT('',#4515);
#4515 = CARTESIAN_POINT('',(-25.91066937198,-3.138026879385,0.));
#4516 = LINE('',#4517,#4518);
#4517 = CARTESIAN_POINT('',(-25.91066937198,-3.138026879385,0.));
#4518 = VECTOR('',#4519,1.);
#4519 = DIRECTION('',(0.,0.,1.));
#4520 = ORIENTED_EDGE('',*,*,#4521,.F.);
#4521 = EDGE_CURVE('',#4444,#4514,#4522,.T.);
#4522 = B_SPLINE_CURVE_WITH_KNOTS('',1,(#4523,#4524),.UNSPECIFIED.,.F.,
  .F.,(2,2),(0.,1.735644211017),.PIECEWISE_BEZIER_KNOTS.);
#4523 = CARTESIAN_POINT('',(-26.06194073234,-1.408987318597,0.));
#4524 = CARTESIAN_POINT('',(-25.91066937198,-3.138026879385,0.));
#4525 = SURFACE_OF_LINEAR_EXTRUSION('',#4526,#4529);
#4526 = B_SPLINE_CURVE_WITH_KNOTS('',1,(#4527,#4528),.UNSPECIFIED.,.F.,
  .F.,(2,2),(0.,1.735644211017),.PIECEWISE_BEZIER_KNOTS.);
#4527 = CARTESIAN_POINT('',(-26.06194073234,-1.408987318597,0.));
#4528 = CARTESIAN_POINT('',(-25.91066937198,-3.138026879385,0.));
#4529 = VECTOR('',#4530,1.);
#4530 = DIRECTION('',(-0.,-0.,-1.));
#4531 = ADVANCED_FACE('',(#4532),#4595,.T.);
#4532 = FACE_BOUND('',#4533,.T.);
#4533 = EDGE_LOOP('',(#4534,#4535,#4562,#4570));
#4534 = ORIENTED_EDGE('',*,*,#4513,.T.);
#4535 = ORIENTED_EDGE('',*,*,#4536,.T.);
#4536 = EDGE_CURVE('',#4507,#4537,#4539,.T.);
#4537 = VERTEX_POINT('',#4538);
#4538 = CARTESIAN_POINT('',(-28.49869387518,-4.646511853894,10.));
#4539 = B_SPLINE_CURVE_WITH_KNOTS('',3,(#4540,#4541,#4542,#4543,#4544,
    #4545,#4546,#4547,#4548,#4549,#4550,#4551,#4552,#4553,#4554,#4555,
    #4556,#4557,#4558,#4559,#4560,#4561),.UNSPECIFIED.,.F.,.F.,(4,1,1,1,
    1,1,1,1,1,1,1,1,1,1,1,1,1,1,1,4),(0.,0.100531090486,0.207473237636,
    0.320826441453,0.440590701938,0.566766019094,0.699352392922,
    0.838349823423,0.983758310598,1.135577854448,1.293808454975,
    1.458450112178,1.629502826059,1.806966596619,1.990841423856,
    2.181127307773,2.37782424837,2.580932245646,2.790451299603,
    3.00638141024),.UNSPECIFIED.);
#4540 = CARTESIAN_POINT('',(-25.91066937198,-3.138026879385,10.));
#4541 = CARTESIAN_POINT('',(-25.94206338036,-3.14974897873,10.));
#4542 = CARTESIAN_POINT('',(-26.00665553337,-3.174466909327,10.));
#4543 = CARTESIAN_POINT('',(-26.10591754193,-3.21427508061,10.));
#4544 = CARTESIAN_POINT('',(-26.21044694434,-3.258134139024,10.));
#4545 = CARTESIAN_POINT('',(-26.32013833065,-3.306222499488,10.));
#4546 = CARTESIAN_POINT('',(-26.43488223932,-3.358714252804,10.));
#4547 = CARTESIAN_POINT('',(-26.55456490772,-3.415781630207,10.));
#4548 = CARTESIAN_POINT('',(-26.67906840899,-3.477594168819,10.));
#4549 = CARTESIAN_POINT('',(-26.80827067891,-3.544318838048,10.));
#4550 = CARTESIAN_POINT('',(-26.94204557682,-3.616119888956,10.));
#4551 = CARTESIAN_POINT('',(-27.08026293912,-3.693158784888,10.));
#4552 = CARTESIAN_POINT('',(-27.22278863702,-3.775594110228,10.));
#4553 = CARTESIAN_POINT('',(-27.36948463543,-3.863581486479,10.));
#4554 = CARTESIAN_POINT('',(-27.52020905346,-3.957273489195,10.));
#4555 = CARTESIAN_POINT('',(-27.67481622739,-4.056819560404,10.));
#4556 = CARTESIAN_POINT('',(-27.83315677229,-4.162365946609,10.));
#4557 = CARTESIAN_POINT('',(-27.99507765675,-4.274055541777,10.));
#4558 = CARTESIAN_POINT('',(-28.16042223469,-4.39202810935,10.));
#4559 = CARTESIAN_POINT('',(-28.32903045251,-4.516419026206,10.));
#4560 = CARTESIAN_POINT('',(-28.44180304302,-4.602419615169,10.));
#4561 = CARTESIAN_POINT('',(-28.49869387518,-4.646511853894,10.));
#4562 = ORIENTED_EDGE('',*,*,#4563,.F.);
#4563 = EDGE_CURVE('',#4564,#4537,#4566,.T.);
#4564 = VERTEX_POINT('',#4565);
#4565 = CARTESIAN_POINT('',(-28.49869387518,-4.646511853894,0.));
#4566 = LINE('',#4567,#4568);
#4567 = CARTESIAN_POINT('',(-28.49869387518,-4.646511853894,0.));
#4568 = VECTOR('',#4569,1.);
#4569 = DIRECTION('',(0.,0.,1.));
#4570 = ORIENTED_EDGE('',*,*,#4571,.F.);
#4571 = EDGE_CURVE('',#4514,#4564,#4572,.T.);
#4572 = B_SPLINE_CURVE_WITH_KNOTS('',3,(#4573,#4574,#4575,#4576,#4577,
    #4578,#4579,#4580,#4581,#4582,#4583,#4584,#4585,#4586,#4587,#4588,
    #4589,#4590,#4591,#4592,#4593,#4594),.UNSPECIFIED.,.F.,.F.,(4,1,1,1,
    1,1,1,1,1,1,1,1,1,1,1,1,1,1,1,4),(0.,0.100531090486,0.207473237636,
    0.320826441453,0.440590701938,0.566766019094,0.699352392922,
    0.838349823423,0.983758310598,1.135577854448,1.293808454975,
    1.458450112178,1.629502826059,1.806966596619,1.990841423856,
    2.181127307773,2.37782424837,2.580932245646,2.790451299603,
    3.00638141024),.UNSPECIFIED.);
#4573 = CARTESIAN_POINT('',(-25.91066937198,-3.138026879385,0.));
#4574 = CARTESIAN_POINT('',(-25.94206338036,-3.14974897873,0.));
#4575 = CARTESIAN_POINT('',(-26.00665553337,-3.174466909327,0.));
#4576 = CARTESIAN_POINT('',(-26.10591754193,-3.21427508061,0.));
#4577 = CARTESIAN_POINT('',(-26.21044694434,-3.258134139024,0.));
#4578 = CARTESIAN_POINT('',(-26.32013833065,-3.306222499488,0.));
#4579 = CARTESIAN_POINT('',(-26.43488223932,-3.358714252804,0.));
#4580 = CARTESIAN_POINT('',(-26.55456490772,-3.415781630207,0.));
#4581 = CARTESIAN_POINT('',(-26.67906840899,-3.477594168819,0.));
#4582 = CARTESIAN_POINT('',(-26.80827067891,-3.544318838048,0.));
#4583 = CARTESIAN_POINT('',(-26.94204557682,-3.616119888956,0.));
#4584 = CARTESIAN_POINT('',(-27.08026293912,-3.693158784888,0.));
#4585 = CARTESIAN_POINT('',(-27.22278863702,-3.775594110228,0.));
#4586 = CARTESIAN_POINT('',(-27.36948463543,-3.863581486479,0.));
#4587 = CARTESIAN_POINT('',(-27.52020905346,-3.957273489195,0.));
#4588 = CARTESIAN_POINT('',(-27.67481622739,-4.056819560404,0.));
#4589 = CARTESIAN_POINT('',(-27.83315677229,-4.162365946609,0.));
#4590 = CARTESIAN_POINT('',(-27.99507765675,-4.274055541777,0.));
#4591 = CARTESIAN_POINT('',(-28.16042223469,-4.39202810935,0.));
#4592 = CARTESIAN_POINT('',(-28.32903045251,-4.516419026206,0.));
#4593 = CARTESIAN_POINT('',(-28.44180304302,-4.602419615169,0.));
#4594 = CARTESIAN_POINT('',(-28.49869387518,-4.646511853894,0.));
#4595 = SURFACE_OF_LINEAR_EXTRUSION('',#4596,#4619);
#4596 = B_SPLINE_CURVE_WITH_KNOTS('',3,(#4597,#4598,#4599,#4600,#4601,
    #4602,#4603,#4604,#4605,#4606,#4607,#4608,#4609,#4610,#4611,#4612,
    #4613,#4614,#4615,#4616,#4617,#4618),.UNSPECIFIED.,.F.,.F.,(4,1,1,1,
    1,1,1,1,1,1,1,1,1,1,1,1,1,1,1,4),(0.,0.100531090486,0.207473237636,
    0.320826441453,0.440590701938,0.566766019094,0.699352392922,
    0.838349823423,0.983758310598,1.135577854448,1.293808454975,
    1.458450112178,1.629502826059,1.806966596619,1.990841423856,
    2.181127307773,2.37782424837,2.580932245646,2.790451299603,
    3.00638141024),.UNSPECIFIED.);
#4597 = CARTESIAN_POINT('',(-25.91066937198,-3.138026879385,0.));
#4598 = CARTESIAN_POINT('',(-25.94206338036,-3.14974897873,0.));
#4599 = CARTESIAN_POINT('',(-26.00665553337,-3.174466909327,0.));
#4600 = CARTESIAN_POINT('',(-26.10591754193,-3.21427508061,0.));
#4601 = CARTESIAN_POINT('',(-26.21044694434,-3.258134139024,0.));
#4602 = CARTESIAN_POINT('',(-26.32013833065,-3.306222499488,0.));
#4603 = CARTESIAN_POINT('',(-26.43488223932,-3.358714252804,0.));
#4604 = CARTESIAN_POINT('',(-26.55456490772,-3.415781630207,0.));
#4605 = CARTESIAN_POINT('',(-26.67906840899,-3.477594168819,0.));
#4606 = CARTESIAN_POINT('',(-26.80827067891,-3.544318838048,0.));
#4607 = CARTESIAN_POINT('',(-26.94204557682,-3.616119888956,0.));
#4608 = CARTESIAN_POINT('',(-27.08026293912,-3.693158784888,0.));
#4609 = CARTESIAN_POINT('',(-27.22278863702,-3.775594110228,0.));
#4610 = CARTESIAN_POINT('',(-27.36948463543,-3.863581486479,0.));
#4611 = CARTESIAN_POINT('',(-27.52020905346,-3.957273489195,0.));
#4612 = CARTESIAN_POINT('',(-27.67481622739,-4.056819560404,0.));
#4613 = CARTESIAN_POINT('',(-27.83315677229,-4.162365946609,0.));
#4614 = CARTESIAN_POINT('',(-27.99507765675,-4.274055541777,0.));
#4615 = CARTESIAN_POINT('',(-28.16042223469,-4.39202810935,0.));
#4616 = CARTESIAN_POINT('',(-28.32903045251,-4.516419026206,0.));
#4617 = CARTESIAN_POINT('',(-28.44180304302,-4.602419615169,0.));
#4618 = CARTESIAN_POINT('',(-28.49869387518,-4.646511853894,0.));
#4619 = VECTOR('',#4620,1.);
#4620 = DIRECTION('',(-0.,-0.,-1.));
#4621 = ADVANCED_FACE('',(#4622),#4645,.T.);
#4622 = FACE_BOUND('',#4623,.T.);
#4623 = EDGE_LOOP('',(#4624,#4625,#4632,#4640));
#4624 = ORIENTED_EDGE('',*,*,#4563,.T.);
#4625 = ORIENTED_EDGE('',*,*,#4626,.T.);
#4626 = EDGE_CURVE('',#4537,#4627,#4629,.T.);
#4627 = VERTEX_POINT('',#4628);
#4628 = CARTESIAN_POINT('',(-28.36921298678,-5.380834462287,10.));
#4629 = B_SPLINE_CURVE_WITH_KNOTS('',1,(#4630,#4631),.UNSPECIFIED.,.F.,
  .F.,(2,2),(0.,0.745650718271),.PIECEWISE_BEZIER_KNOTS.);
#4630 = CARTESIAN_POINT('',(-28.49869387518,-4.646511853894,10.));
#4631 = CARTESIAN_POINT('',(-28.36921298678,-5.380834462287,10.));
#4632 = ORIENTED_EDGE('',*,*,#4633,.F.);
#4633 = EDGE_CURVE('',#4634,#4627,#4636,.T.);
#4634 = VERTEX_POINT('',#4635);
#4635 = CARTESIAN_POINT('',(-28.36921298678,-5.380834462287,0.));
#4636 = LINE('',#4637,#4638);
#4637 = CARTESIAN_POINT('',(-28.36921298678,-5.380834462287,0.));
#4638 = VECTOR('',#4639,1.);
#4639 = DIRECTION('',(0.,0.,1.));
#4640 = ORIENTED_EDGE('',*,*,#4641,.F.);
#4641 = EDGE_CURVE('',#4564,#4634,#4642,.T.);
#4642 = B_SPLINE_CURVE_WITH_KNOTS('',1,(#4643,#4644),.UNSPECIFIED.,.F.,
  .F.,(2,2),(0.,0.745650718271),.PIECEWISE_BEZIER_KNOTS.);
#4643 = CARTESIAN_POINT('',(-28.49869387518,-4.646511853894,0.));
#4644 = CARTESIAN_POINT('',(-28.36921298678,-5.380834462287,0.));
#4645 = SURFACE_OF_LINEAR_EXTRUSION('',#4646,#4649);
#4646 = B_SPLINE_CURVE_WITH_KNOTS('',1,(#4647,#4648),.UNSPECIFIED.,.F.,
  .F.,(2,2),(0.,0.745650718271),.PIECEWISE_BEZIER_KNOTS.);
#4647 = CARTESIAN_POINT('',(-28.49869387518,-4.646511853894,0.));
#4648 = CARTESIAN_POINT('',(-28.36921298678,-5.380834462287,0.));
#4649 = VECTOR('',#4650,1.);
#4650 = DIRECTION('',(-0.,-0.,-1.));
#4651 = ADVANCED_FACE('',(#4652),#4715,.T.);
#4652 = FACE_BOUND('',#4653,.T.);
#4653 = EDGE_LOOP('',(#4654,#4655,#4682,#4690));
#4654 = ORIENTED_EDGE('',*,*,#4633,.T.);
#4655 = ORIENTED_EDGE('',*,*,#4656,.T.);
#4656 = EDGE_CURVE('',#4627,#4657,#4659,.T.);
#4657 = VERTEX_POINT('',#4658);
#4658 = CARTESIAN_POINT('',(-25.42133321152,-5.913190149884,10.));
#4659 = B_SPLINE_CURVE_WITH_KNOTS('',3,(#4660,#4661,#4662,#4663,#4664,
    #4665,#4666,#4667,#4668,#4669,#4670,#4671,#4672,#4673,#4674,#4675,
    #4676,#4677,#4678,#4679,#4680,#4681),.UNSPECIFIED.,.F.,.F.,(4,1,1,1,
    1,1,1,1,1,1,1,1,1,1,1,1,1,1,1,4),(0.,0.215930110637,0.425449164594,
    0.62855716187,0.825254102467,1.015539986384,1.199414813622,
    1.376878584181,1.547931298062,1.712572955265,1.870803555792,
    2.022623099642,2.168031586817,2.307029017318,2.439615391146,
    2.565790708302,2.685554968787,2.798908172604,2.905850319754,
    3.00638141024),.UNSPECIFIED.);
#4660 = CARTESIAN_POINT('',(-28.36921298678,-5.380834462287,10.));
#4661 = CARTESIAN_POINT('',(-28.30067265779,-5.402809803079,10.));
#4662 = CARTESIAN_POINT('',(-28.1652871529,-5.445053424342,10.));
#4663 = CARTESIAN_POINT('',(-27.9643030556,-5.504275244179,10.));
#4664 = CARTESIAN_POINT('',(-27.76858098136,-5.558582019139,10.));
#4665 = CARTESIAN_POINT('',(-27.57822502974,-5.608155703429,10.));
#4666 = CARTESIAN_POINT('',(-27.39333459798,-5.653181207832,10.));
#4667 = CARTESIAN_POINT('',(-27.21400461598,-5.693845148591,10.));
#4668 = CARTESIAN_POINT('',(-27.04032544038,-5.730336045112,10.));
#4669 = CARTESIAN_POINT('',(-26.87238283815,-5.762844146898,10.));
#4670 = CARTESIAN_POINT('',(-26.71025794977,-5.791561354187,10.));
#4671 = CARTESIAN_POINT('',(-26.55402726012,-5.816681114144,10.));
#4672 = CARTESIAN_POINT('',(-26.40376256998,-5.838398322088,10.));
#4673 = CARTESIAN_POINT('',(-26.25953096942,-5.856909222513,10.));
#4674 = CARTESIAN_POINT('',(-26.12139481469,-5.872411303568,10.));
#4675 = CARTESIAN_POINT('',(-25.98941170177,-5.885103213602,10.));
#4676 = CARTESIAN_POINT('',(-25.86363446051,-5.895184598756,10.));
#4677 = CARTESIAN_POINT('',(-25.7441110863,-5.902856212562,10.));
#4678 = CARTESIAN_POINT('',(-25.63088489675,-5.908319084914,10.));
#4679 = CARTESIAN_POINT('',(-25.52399392334,-5.911776923324,10.));
#4680 = CARTESIAN_POINT('',(-25.45484312363,-5.912912362874,10.));
#4681 = CARTESIAN_POINT('',(-25.42133321152,-5.913190149884,10.));
#4682 = ORIENTED_EDGE('',*,*,#4683,.F.);
#4683 = EDGE_CURVE('',#4684,#4657,#4686,.T.);
#4684 = VERTEX_POINT('',#4685);
#4685 = CARTESIAN_POINT('',(-25.42133321152,-5.913190149884,0.));
#4686 = LINE('',#4687,#4688);
#4687 = CARTESIAN_POINT('',(-25.42133321152,-5.913190149884,0.));
#4688 = VECTOR('',#4689,1.);
#4689 = DIRECTION('',(0.,0.,1.));
#4690 = ORIENTED_EDGE('',*,*,#4691,.F.);
#4691 = EDGE_CURVE('',#4634,#4684,#4692,.T.);
#4692 = B_SPLINE_CURVE_WITH_KNOTS('',3,(#4693,#4694,#4695,#4696,#4697,
    #4698,#4699,#4700,#4701,#4702,#4703,#4704,#4705,#4706,#4707,#4708,
    #4709,#4710,#4711,#4712,#4713,#4714),.UNSPECIFIED.,.F.,.F.,(4,1,1,1,
    1,1,1,1,1,1,1,1,1,1,1,1,1,1,1,4),(0.,0.215930110637,0.425449164594,
    0.62855716187,0.825254102467,1.015539986384,1.199414813622,
    1.376878584181,1.547931298062,1.712572955265,1.870803555792,
    2.022623099642,2.168031586817,2.307029017318,2.439615391146,
    2.565790708302,2.685554968787,2.798908172604,2.905850319754,
    3.00638141024),.UNSPECIFIED.);
#4693 = CARTESIAN_POINT('',(-28.36921298678,-5.380834462287,0.));
#4694 = CARTESIAN_POINT('',(-28.30067265779,-5.402809803079,0.));
#4695 = CARTESIAN_POINT('',(-28.1652871529,-5.445053424342,0.));
#4696 = CARTESIAN_POINT('',(-27.9643030556,-5.504275244179,0.));
#4697 = CARTESIAN_POINT('',(-27.76858098136,-5.558582019139,0.));
#4698 = CARTESIAN_POINT('',(-27.57822502974,-5.608155703429,0.));
#4699 = CARTESIAN_POINT('',(-27.39333459798,-5.653181207832,0.));
#4700 = CARTESIAN_POINT('',(-27.21400461598,-5.693845148591,0.));
#4701 = CARTESIAN_POINT('',(-27.04032544038,-5.730336045112,0.));
#4702 = CARTESIAN_POINT('',(-26.87238283815,-5.762844146898,0.));
#4703 = CARTESIAN_POINT('',(-26.71025794977,-5.791561354187,0.));
#4704 = CARTESIAN_POINT('',(-26.55402726012,-5.816681114144,0.));
#4705 = CARTESIAN_POINT('',(-26.40376256998,-5.838398322088,0.));
#4706 = CARTESIAN_POINT('',(-26.25953096942,-5.856909222513,0.));
#4707 = CARTESIAN_POINT('',(-26.12139481469,-5.872411303568,0.));
#4708 = CARTESIAN_POINT('',(-25.98941170177,-5.885103213602,0.));
#4709 = CARTESIAN_POINT('',(-25.86363446051,-5.895184598756,0.));
#4710 = CARTESIAN_POINT('',(-25.7441110863,-5.902856212562,0.));
#4711 = CARTESIAN_POINT('',(-25.63088489675,-5.908319084914,0.));
#4712 = CARTESIAN_POINT('',(-25.52399392334,-5.911776923324,0.));
#4713 = CARTESIAN_POINT('',(-25.45484312363,-5.912912362874,0.));
#4714 = CARTESIAN_POINT('',(-25.42133321152,-5.913190149884,0.));
#4715 = SURFACE_OF_LINEAR_EXTRUSION('',#4716,#4739);
#4716 = B_SPLINE_CURVE_WITH_KNOTS('',3,(#4717,#4718,#4719,#4720,#4721,
    #4722,#4723,#4724,#4725,#4726,#4727,#4728,#4729,#4730,#4731,#4732,
    #4733,#4734,#4735,#4736,#4737,#4738),.UNSPECIFIED.,.F.,.F.,(4,1,1,1,
    1,1,1,1,1,1,1,1,1,1,1,1,1,1,1,4),(0.,0.215930110637,0.425449164594,
    0.62855716187,0.825254102467,1.015539986384,1.199414813622,
    1.376878584181,1.547931298062,1.712572955265,1.870803555792,
    2.022623099642,2.168031586817,2.307029017318,2.439615391146,
    2.565790708302,2.685554968787,2.798908172604,2.905850319754,
    3.00638141024),.UNSPECIFIED.);
#4717 = CARTESIAN_POINT('',(-28.36921298678,-5.380834462287,0.));
#4718 = CARTESIAN_POINT('',(-28.30067265779,-5.402809803079,0.));
#4719 = CARTESIAN_POINT('',(-28.1652871529,-5.445053424342,0.));
#4720 = CARTESIAN_POINT('',(-27.9643030556,-5.504275244179,0.));
#4721 = CARTESIAN_POINT('',(-27.76858098136,-5.558582019139,0.));
#4722 = CARTESIAN_POINT('',(-27.57822502974,-5.608155703429,0.));
#4723 = CARTESIAN_POINT('',(-27.39333459798,-5.653181207832,0.));
#4724 = CARTESIAN_POINT('',(-27.21400461598,-5.693845148591,0.));
#4725 = CARTESIAN_POINT('',(-27.04032544038,-5.730336045112,0.));
#4726 = CARTESIAN_POINT('',(-26.87238283815,-5.762844146898,0.));
#4727 = CARTESIAN_POINT('',(-26.71025794977,-5.791561354187,0.));
#4728 = CARTESIAN_POINT('',(-26.55402726012,-5.816681114144,0.));
#4729 = CARTESIAN_POINT('',(-26.40376256998,-5.838398322088,0.));
#4730 = CARTESIAN_POINT('',(-26.25953096942,-5.856909222513,0.));
#4731 = CARTESIAN_POINT('',(-26.12139481469,-5.872411303568,0.));
#4732 = CARTESIAN_POINT('',(-25.98941170177,-5.885103213602,0.));
#4733 = CARTESIAN_POINT('',(-25.86363446051,-5.895184598756,0.));
#4734 = CARTESIAN_POINT('',(-25.7441110863,-5.902856212562,0.));
#4735 = CARTESIAN_POINT('',(-25.63088489675,-5.908319084914,0.));
#4736 = CARTESIAN_POINT('',(-25.52399392334,-5.911776923324,0.));
#4737 = CARTESIAN_POINT('',(-25.45484312363,-5.912912362874,0.));
#4738 = CARTESIAN_POINT('',(-25.42133321152,-5.913190149884,0.));
#4739 = VECTOR('',#4740,1.);
#4740 = DIRECTION('',(-0.,-0.,-1.));
#4741 = ADVANCED_FACE('',(#4742),#4765,.T.);
#4742 = FACE_BOUND('',#4743,.T.);
#4743 = EDGE_LOOP('',(#4744,#4745,#4752,#4760));
#4744 = ORIENTED_EDGE('',*,*,#4683,.T.);
#4745 = ORIENTED_EDGE('',*,*,#4746,.T.);
#4746 = EDGE_CURVE('',#4657,#4747,#4749,.T.);
#4747 = VERTEX_POINT('',#4748);
#4748 = CARTESIAN_POINT('',(-24.97211543419,-7.589693718554,10.));
#4749 = B_SPLINE_CURVE_WITH_KNOTS('',1,(#4750,#4751),.UNSPECIFIED.,.F.,
  .F.,(2,2),(0.,1.735644211017),.PIECEWISE_BEZIER_KNOTS.);
#4750 = CARTESIAN_POINT('',(-25.42133321152,-5.913190149884,10.));
#4751 = CARTESIAN_POINT('',(-24.97211543419,-7.589693718554,10.));
#4752 = ORIENTED_EDGE('',*,*,#4753,.F.);
#4753 = EDGE_CURVE('',#4754,#4747,#4756,.T.);
#4754 = VERTEX_POINT('',#4755);
#4755 = CARTESIAN_POINT('',(-24.97211543419,-7.589693718554,0.));
#4756 = LINE('',#4757,#4758);
#4757 = CARTESIAN_POINT('',(-24.97211543419,-7.589693718554,0.));
#4758 = VECTOR('',#4759,1.);
#4759 = DIRECTION('',(0.,0.,1.));
#4760 = ORIENTED_EDGE('',*,*,#4761,.F.);
#4761 = EDGE_CURVE('',#4684,#4754,#4762,.T.);
#4762 = B_SPLINE_CURVE_WITH_KNOTS('',1,(#4763,#4764),.UNSPECIFIED.,.F.,
  .F.,(2,2),(0.,1.735644211017),.PIECEWISE_BEZIER_KNOTS.);
#4763 = CARTESIAN_POINT('',(-25.42133321152,-5.913190149884,0.));
#4764 = CARTESIAN_POINT('',(-24.97211543419,-7.589693718554,0.));
#4765 = SURFACE_OF_LINEAR_EXTRUSION('',#4766,#4769);
#4766 = B_SPLINE_CURVE_WITH_KNOTS('',1,(#4767,#4768),.UNSPECIFIED.,.F.,
  .F.,(2,2),(0.,1.735644211017),.PIECEWISE_BEZIER_KNOTS.);
#4767 = CARTESIAN_POINT('',(-25.42133321152,-5.913190149884,0.));
#4768 = CARTESIAN_POINT('',(-24.97211543419,-7.589693718554,0.));
#4769 = VECTOR('',#4770,1.);
#4770 = DIRECTION('',(-0.,-0.,-1.));
#4771 = ADVANCED_FACE('',(#4772),#4835,.T.);
#4772 = FACE_BOUND('',#4773,.T.);
#4773 = EDGE_LOOP('',(#4774,#4775,#4802,#4810));
#4774 = ORIENTED_EDGE('',*,*,#4753,.T.);
#4775 = ORIENTED_EDGE('',*,*,#4776,.T.);
#4776 = EDGE_CURVE('',#4747,#4777,#4779,.T.);
#4777 = VERTEX_POINT('',#4778);
#4778 = CARTESIAN_POINT('',(-27.25887636306,-9.524667155492,10.));
#4779 = B_SPLINE_CURVE_WITH_KNOTS('',3,(#4780,#4781,#4782,#4783,#4784,
    #4785,#4786,#4787,#4788,#4789,#4790,#4791,#4792,#4793,#4794,#4795,
    #4796,#4797,#4798,#4799,#4800,#4801),.UNSPECIFIED.,.F.,.F.,(4,1,1,1,
    1,1,1,1,1,1,1,1,1,1,1,1,1,1,1,4),(0.,0.100531090486,0.207473237636,
    0.320826441453,0.440590701938,0.566766019094,0.699352392922,
    0.838349823423,0.983758310598,1.135577854448,1.293808454975,
    1.458450112178,1.629502826059,1.806966596619,1.990841423856,
    2.181127307773,2.37782424837,2.580932245646,2.790451299603,
    3.00638141024),.UNSPECIFIED.);
#4780 = CARTESIAN_POINT('',(-24.97211543419,-7.589693718554,10.));
#4781 = CARTESIAN_POINT('',(-25.00099697585,-7.606689245216,10.));
#4782 = CARTESIAN_POINT('',(-25.06031560532,-7.642247964569,10.));
#4783 = CARTESIAN_POINT('',(-25.15115698452,-7.698688027178,10.));
#4784 = CARTESIAN_POINT('',(-25.24648230486,-7.760032108185,10.));
#4785 = CARTESIAN_POINT('',(-25.34615677638,-7.826437607738,10.));
#4786 = CARTESIAN_POINT('',(-25.45004236994,-7.898056964012,10.));
#4787 = CARTESIAN_POINT('',(-25.55799714359,-7.975040036988,10.));
#4788 = CARTESIAN_POINT('',(-25.66987552224,-8.057533310357,10.));
#4789 = CARTESIAN_POINT('',(-25.78552830214,-8.145680020652,10.));
#4790 = CARTESIAN_POINT('',(-25.90480273712,-8.2396200195,10.));
#4791 = CARTESIAN_POINT('',(-26.02754260322,-8.339489714583,10.));
#4792 = CARTESIAN_POINT('',(-26.1535882715,-8.445421989811,10.));
#4793 = CARTESIAN_POINT('',(-26.28277678053,-8.557546132905,10.));
#4794 = CARTESIAN_POINT('',(-26.41494191044,-8.675987764097,10.));
#4795 = CARTESIAN_POINT('',(-26.54991426013,-8.800868760812,10.));
#4796 = CARTESIAN_POINT('',(-26.68752131875,-8.932307207322,10.));
#4797 = CARTESIAN_POINT('',(-26.82758756647,-9.070417253087,10.));
#4798 = CARTESIAN_POINT('',(-26.96993446737,-9.215309336921,10.));
#4799 = CARTESIAN_POINT('',(-27.11438089147,-9.36708898601,10.));
#4800 = CARTESIAN_POINT('',(-27.21050636737,-9.471365787616,10.));
#4801 = CARTESIAN_POINT('',(-27.25887636306,-9.524667155492,10.));
#4802 = ORIENTED_EDGE('',*,*,#4803,.F.);
#4803 = EDGE_CURVE('',#4804,#4777,#4806,.T.);
#4804 = VERTEX_POINT('',#4805);
#4805 = CARTESIAN_POINT('',(-27.25887636306,-9.524667155492,0.));
#4806 = LINE('',#4807,#4808);
#4807 = CARTESIAN_POINT('',(-27.25887636306,-9.524667155492,0.));
#4808 = VECTOR('',#4809,1.);
#4809 = DIRECTION('',(0.,0.,1.));
#4810 = ORIENTED_EDGE('',*,*,#4811,.F.);
#4811 = EDGE_CURVE('',#4754,#4804,#4812,.T.);
#4812 = B_SPLINE_CURVE_WITH_KNOTS('',3,(#4813,#4814,#4815,#4816,#4817,
    #4818,#4819,#4820,#4821,#4822,#4823,#4824,#4825,#4826,#4827,#4828,
    #4829,#4830,#4831,#4832,#4833,#4834),.UNSPECIFIED.,.F.,.F.,(4,1,1,1,
    1,1,1,1,1,1,1,1,1,1,1,1,1,1,1,4),(0.,0.100531090486,0.207473237636,
    0.320826441453,0.440590701938,0.566766019094,0.699352392922,
    0.838349823423,0.983758310598,1.135577854448,1.293808454975,
    1.458450112178,1.629502826059,1.806966596619,1.990841423856,
    2.181127307773,2.37782424837,2.580932245646,2.790451299603,
    3.00638141024),.UNSPECIFIED.);
#4813 = CARTESIAN_POINT('',(-24.97211543419,-7.589693718554,0.));
#4814 = CARTESIAN_POINT('',(-25.00099697585,-7.606689245216,0.));
#4815 = CARTESIAN_POINT('',(-25.06031560532,-7.642247964569,0.));
#4816 = CARTESIAN_POINT('',(-25.15115698452,-7.698688027178,0.));
#4817 = CARTESIAN_POINT('',(-25.24648230486,-7.760032108185,0.));
#4818 = CARTESIAN_POINT('',(-25.34615677638,-7.826437607738,0.));
#4819 = CARTESIAN_POINT('',(-25.45004236994,-7.898056964012,0.));
#4820 = CARTESIAN_POINT('',(-25.55799714359,-7.975040036988,0.));
#4821 = CARTESIAN_POINT('',(-25.66987552224,-8.057533310357,0.));
#4822 = CARTESIAN_POINT('',(-25.78552830214,-8.145680020652,0.));
#4823 = CARTESIAN_POINT('',(-25.90480273712,-8.2396200195,0.));
#4824 = CARTESIAN_POINT('',(-26.02754260322,-8.339489714583,0.));
#4825 = CARTESIAN_POINT('',(-26.1535882715,-8.445421989811,0.));
#4826 = CARTESIAN_POINT('',(-26.28277678053,-8.557546132905,0.));
#4827 = CARTESIAN_POINT('',(-26.41494191044,-8.675987764097,0.));
#4828 = CARTESIAN_POINT('',(-26.54991426013,-8.800868760812,0.));
#4829 = CARTESIAN_POINT('',(-26.68752131875,-8.932307207322,0.));
#4830 = CARTESIAN_POINT('',(-26.82758756647,-9.070417253087,0.));
#4831 = CARTESIAN_POINT('',(-26.96993446737,-9.215309336921,0.));
#4832 = CARTESIAN_POINT('',(-27.11438089147,-9.36708898601,0.));
#4833 = CARTESIAN_POINT('',(-27.21050636737,-9.471365787616,0.));
#4834 = CARTESIAN_POINT('',(-27.25887636306,-9.524667155492,0.));
#4835 = SURFACE_OF_LINEAR_EXTRUSION('',#4836,#4859);
#4836 = B_SPLINE_CURVE_WITH_KNOTS('',3,(#4837,#4838,#4839,#4840,#4841,
    #4842,#4843,#4844,#4845,#4846,#4847,#4848,#4849,#4850,#4851,#4852,
    #4853,#4854,#4855,#4856,#4857,#4858),.UNSPECIFIED.,.F.,.F.,(4,1,1,1,
    1,1,1,1,1,1,1,1,1,1,1,1,1,1,1,4),(0.,0.100531090486,0.207473237636,
    0.320826441453,0.440590701938,0.566766019094,0.699352392922,
    0.838349823423,0.983758310598,1.135577854448,1.293808454975,
    1.458450112178,1.629502826059,1.806966596619,1.990841423856,
    2.181127307773,2.37782424837,2.580932245646,2.790451299603,
    3.00638141024),.UNSPECIFIED.);
#4837 = CARTESIAN_POINT('',(-24.97211543419,-7.589693718554,0.));
#4838 = CARTESIAN_POINT('',(-25.00099697585,-7.606689245216,0.));
#4839 = CARTESIAN_POINT('',(-25.06031560532,-7.642247964569,0.));
#4840 = CARTESIAN_POINT('',(-25.15115698452,-7.698688027178,0.));
#4841 = CARTESIAN_POINT('',(-25.24648230486,-7.760032108185,0.));
#4842 = CARTESIAN_POINT('',(-25.34615677638,-7.826437607738,0.));
#4843 = CARTESIAN_POINT('',(-25.45004236994,-7.898056964012,0.));
#4844 = CARTESIAN_POINT('',(-25.55799714359,-7.975040036988,0.));
#4845 = CARTESIAN_POINT('',(-25.66987552224,-8.057533310357,0.));
#4846 = CARTESIAN_POINT('',(-25.78552830214,-8.145680020652,0.));
#4847 = CARTESIAN_POINT('',(-25.90480273712,-8.2396200195,0.));
#4848 = CARTESIAN_POINT('',(-26.02754260322,-8.339489714583,0.));
#4849 = CARTESIAN_POINT('',(-26.1535882715,-8.445421989811,0.));
#4850 = CARTESIAN_POINT('',(-26.28277678053,-8.557546132905,0.));
#4851 = CARTESIAN_POINT('',(-26.41494191044,-8.675987764097,0.));
#4852 = CARTESIAN_POINT('',(-26.54991426013,-8.800868760812,0.));
#4853 = CARTESIAN_POINT('',(-26.68752131875,-8.932307207322,0.));
#4854 = CARTESIAN_POINT('',(-26.82758756647,-9.070417253087,0.));
#4855 = CARTESIAN_POINT('',(-26.96993446737,-9.215309336921,0.));
#4856 = CARTESIAN_POINT('',(-27.11438089147,-9.36708898601,0.));
#4857 = CARTESIAN_POINT('',(-27.21050636737,-9.471365787616,0.));
#4858 = CARTESIAN_POINT('',(-27.25887636306,-9.524667155492,0.));
#4859 = VECTOR('',#4860,1.);
#4860 = DIRECTION('',(-0.,-0.,-1.));
#4861 = ADVANCED_FACE('',(#4862),#4885,.T.);
#4862 = FACE_BOUND('',#4863,.T.);
#4863 = EDGE_LOOP('',(#4864,#4865,#4872,#4880));
#4864 = ORIENTED_EDGE('',*,*,#4803,.T.);
#4865 = ORIENTED_EDGE('',*,*,#4866,.T.);
#4866 = EDGE_CURVE('',#4777,#4867,#4869,.T.);
#4867 = VERTEX_POINT('',#4868);
#4868 = CARTESIAN_POINT('',(-27.00384879753,-10.22534963313,10.));
#4869 = B_SPLINE_CURVE_WITH_KNOTS('',1,(#4870,#4871),.UNSPECIFIED.,.F.,
  .F.,(2,2),(0.,0.745650718271),.PIECEWISE_BEZIER_KNOTS.);
#4870 = CARTESIAN_POINT('',(-27.25887636306,-9.524667155492,10.));
#4871 = CARTESIAN_POINT('',(-27.00384879753,-10.22534963313,10.));
#4872 = ORIENTED_EDGE('',*,*,#4873,.F.);
#4873 = EDGE_CURVE('',#4874,#4867,#4876,.T.);
#4874 = VERTEX_POINT('',#4875);
#4875 = CARTESIAN_POINT('',(-27.00384879753,-10.22534963313,0.));
#4876 = LINE('',#4877,#4878);
#4877 = CARTESIAN_POINT('',(-27.00384879753,-10.22534963313,0.));
#4878 = VECTOR('',#4879,1.);
#4879 = DIRECTION('',(0.,0.,1.));
#4880 = ORIENTED_EDGE('',*,*,#4881,.F.);
#4881 = EDGE_CURVE('',#4804,#4874,#4882,.T.);
#4882 = B_SPLINE_CURVE_WITH_KNOTS('',1,(#4883,#4884),.UNSPECIFIED.,.F.,
  .F.,(2,2),(0.,0.745650718271),.PIECEWISE_BEZIER_KNOTS.);
#4883 = CARTESIAN_POINT('',(-27.25887636306,-9.524667155492,0.));
#4884 = CARTESIAN_POINT('',(-27.00384879753,-10.22534963313,0.));
#4885 = SURFACE_OF_LINEAR_EXTRUSION('',#4886,#4889);
#4886 = B_SPLINE_CURVE_WITH_KNOTS('',1,(#4887,#4888),.UNSPECIFIED.,.F.,
  .F.,(2,2),(0.,0.745650718271),.PIECEWISE_BEZIER_KNOTS.);
#4887 = CARTESIAN_POINT('',(-27.25887636306,-9.524667155492,0.));
#4888 = CARTESIAN_POINT('',(-27.00384879753,-10.22534963313,0.));
#4889 = VECTOR('',#4890,1.);
#4890 = DIRECTION('',(-0.,-0.,-1.));
#4891 = ADVANCED_FACE('',(#4892),#4955,.T.);
#4892 = FACE_BOUND('',#4893,.T.);
#4893 = EDGE_LOOP('',(#4894,#4895,#4922,#4930));
#4894 = ORIENTED_EDGE('',*,*,#4873,.T.);
#4895 = ORIENTED_EDGE('',*,*,#4896,.T.);
#4896 = EDGE_CURVE('',#4867,#4897,#4899,.T.);
#4897 = VERTEX_POINT('',#4898);
#4898 = CARTESIAN_POINT('',(-24.00831134489,-10.23772369068,10.));
#4899 = B_SPLINE_CURVE_WITH_KNOTS('',3,(#4900,#4901,#4902,#4903,#4904,
    #4905,#4906,#4907,#4908,#4909,#4910,#4911,#4912,#4913,#4914,#4915,
    #4916,#4917,#4918,#4919,#4920,#4921),.UNSPECIFIED.,.F.,.F.,(4,1,1,1,
    1,1,1,1,1,1,1,1,1,1,1,1,1,1,1,4),(0.,0.215930110637,0.425449164594,
    0.62855716187,0.825254102467,1.015539986384,1.199414813622,
    1.376878584181,1.547931298062,1.712572955265,1.870803555792,
    2.022623099642,2.168031586817,2.307029017318,2.439615391146,
    2.565790708302,2.685554968787,2.798908172604,2.905850319754,
    3.00638141024),.UNSPECIFIED.);
#4900 = CARTESIAN_POINT('',(-27.00384879753,-10.22534963313,10.));
#4901 = CARTESIAN_POINT('',(-26.93253377227,-10.23508921589,10.));
#4902 = CARTESIAN_POINT('',(-26.79186954956,-10.25318161542,10.));
#4903 = CARTESIAN_POINT('',(-26.58365509121,-10.27660320051,10.));
#4904 = CARTESIAN_POINT('',(-26.38147620255,-10.29609815201,10.));
#4905 = CARTESIAN_POINT('',(-26.18540380563,-10.31186373653,10.));
#4906 = CARTESIAN_POINT('',(-25.99550367818,-10.32409931581,10.));
#4907 = CARTESIAN_POINT('',(-25.81183690236,-10.33300515536,10.));
#4908 = CARTESIAN_POINT('',(-25.63445972601,-10.33878260083,10.));
#4909 = CARTESIAN_POINT('',(-25.46342357663,-10.34163390467,10.));
#4910 = CARTESIAN_POINT('',(-25.29877503888,-10.34176214164,10.));
#4911 = CARTESIAN_POINT('',(-25.14055584392,-10.33937110144,10.));
#4912 = CARTESIAN_POINT('',(-24.98880285849,-10.33466518659,10.));
#4913 = CARTESIAN_POINT('',(-24.8435480759,-10.32784931024,10.));
#4914 = CARTESIAN_POINT('',(-24.70481861163,-10.31912878832,10.));
#4915 = CARTESIAN_POINT('',(-24.5726366917,-10.30870925268,10.));
#4916 = CARTESIAN_POINT('',(-24.4470196752,-10.2967964902,10.));
#4917 = CARTESIAN_POINT('',(-24.32797996785,-10.28359653883,10.));
#4918 = CARTESIAN_POINT('',(-24.21552532071,-10.2693148964,10.));
#4919 = CARTESIAN_POINT('',(-24.10965781404,-10.25415877974,10.));
#4920 = CARTESIAN_POINT('',(-24.04136040334,-10.24326905905,10.));
#4921 = CARTESIAN_POINT('',(-24.00831134489,-10.23772369068,10.));
#4922 = ORIENTED_EDGE('',*,*,#4923,.F.);
#4923 = EDGE_CURVE('',#4924,#4897,#4926,.T.);
#4924 = VERTEX_POINT('',#4925);
#4925 = CARTESIAN_POINT('',(-24.00831134489,-10.23772369068,0.));
#4926 = LINE('',#4927,#4928);
#4927 = CARTESIAN_POINT('',(-24.00831134489,-10.23772369068,0.));
#4928 = VECTOR('',#4929,1.);
#4929 = DIRECTION('',(0.,0.,1.));
#4930 = ORIENTED_EDGE('',*,*,#4931,.F.);
#4931 = EDGE_CURVE('',#4874,#4924,#4932,.T.);
#4932 = B_SPLINE_CURVE_WITH_KNOTS('',3,(#4933,#4934,#4935,#4936,#4937,
    #4938,#4939,#4940,#4941,#4942,#4943,#4944,#4945,#4946,#4947,#4948,
    #4949,#4950,#4951,#4952,#4953,#4954),.UNSPECIFIED.,.F.,.F.,(4,1,1,1,
    1,1,1,1,1,1,1,1,1,1,1,1,1,1,1,4),(0.,0.215930110637,0.425449164594,
    0.62855716187,0.825254102467,1.015539986384,1.199414813622,
    1.376878584181,1.547931298062,1.712572955265,1.870803555792,
    2.022623099642,2.168031586817,2.307029017318,2.439615391146,
    2.565790708302,2.685554968787,2.798908172604,2.905850319754,
    3.00638141024),.UNSPECIFIED.);
#4933 = CARTESIAN_POINT('',(-27.00384879753,-10.22534963313,0.));
#4934 = CARTESIAN_POINT('',(-26.93253377227,-10.23508921589,0.));
#4935 = CARTESIAN_POINT('',(-26.79186954956,-10.25318161542,0.));
#4936 = CARTESIAN_POINT('',(-26.58365509121,-10.27660320051,0.));
#4937 = CARTESIAN_POINT('',(-26.38147620255,-10.29609815201,0.));
#4938 = CARTESIAN_POINT('',(-26.18540380563,-10.31186373653,0.));
#4939 = CARTESIAN_POINT('',(-25.99550367818,-10.32409931581,0.));
#4940 = CARTESIAN_POINT('',(-25.81183690236,-10.33300515536,0.));
#4941 = CARTESIAN_POINT('',(-25.63445972601,-10.33878260083,0.));
#4942 = CARTESIAN_POINT('',(-25.46342357663,-10.34163390467,0.));
#4943 = CARTESIAN_POINT('',(-25.29877503888,-10.34176214164,0.));
#4944 = CARTESIAN_POINT('',(-25.14055584392,-10.33937110144,0.));
#4945 = CARTESIAN_POINT('',(-24.98880285849,-10.33466518659,0.));
#4946 = CARTESIAN_POINT('',(-24.8435480759,-10.32784931024,0.));
#4947 = CARTESIAN_POINT('',(-24.70481861163,-10.31912878832,0.));
#4948 = CARTESIAN_POINT('',(-24.5726366917,-10.30870925268,0.));
#4949 = CARTESIAN_POINT('',(-24.4470196752,-10.2967964902,0.));
#4950 = CARTESIAN_POINT('',(-24.32797996785,-10.28359653883,0.));
#4951 = CARTESIAN_POINT('',(-24.21552532071,-10.2693148964,0.));
#4952 = CARTESIAN_POINT('',(-24.10965781404,-10.25415877974,0.));
#4953 = CARTESIAN_POINT('',(-24.04136040334,-10.24326905905,0.));
#4954 = CARTESIAN_POINT('',(-24.00831134489,-10.23772369068,0.));
#4955 = SURFACE_OF_LINEAR_EXTRUSION('',#4956,#4979);
#4956 = B_SPLINE_CURVE_WITH_KNOTS('',3,(#4957,#4958,#4959,#4960,#4961,
    #4962,#4963,#4964,#4965,#4966,#4967,#4968,#4969,#4970,#4971,#4972,
    #4973,#4974,#4975,#4976,#4977,#4978),.UNSPECIFIED.,.F.,.F.,(4,1,1,1,
    1,1,1,1,1,1,1,1,1,1,1,1,1,1,1,4),(0.,0.215930110637,0.425449164594,
    0.62855716187,0.825254102467,1.015539986384,1.199414813622,
    1.376878584181,1.547931298062,1.712572955265,1.870803555792,
    2.022623099642,2.168031586817,2.307029017318,2.439615391146,
    2.565790708302,2.685554968787,2.798908172604,2.905850319754,
    3.00638141024),.UNSPECIFIED.);
#4957 = CARTESIAN_POINT('',(-27.00384879753,-10.22534963313,0.));
#4958 = CARTESIAN_POINT('',(-26.93253377227,-10.23508921589,0.));
#4959 = CARTESIAN_POINT('',(-26.79186954956,-10.25318161542,0.));
#4960 = CARTESIAN_POINT('',(-26.58365509121,-10.27660320051,0.));
#4961 = CARTESIAN_POINT('',(-26.38147620255,-10.29609815201,0.));
#4962 = CARTESIAN_POINT('',(-26.18540380563,-10.31186373653,0.));
#4963 = CARTESIAN_POINT('',(-25.99550367818,-10.32409931581,0.));
#4964 = CARTESIAN_POINT('',(-25.81183690236,-10.33300515536,0.));
#4965 = CARTESIAN_POINT('',(-25.63445972601,-10.33878260083,0.));
#4966 = CARTESIAN_POINT('',(-25.46342357663,-10.34163390467,0.));
#4967 = CARTESIAN_POINT('',(-25.29877503888,-10.34176214164,0.));
#4968 = CARTESIAN_POINT('',(-25.14055584392,-10.33937110144,0.));
#4969 = CARTESIAN_POINT('',(-24.98880285849,-10.33466518659,0.));
#4970 = CARTESIAN_POINT('',(-24.8435480759,-10.32784931024,0.));
#4971 = CARTESIAN_POINT('',(-24.70481861163,-10.31912878832,0.));
#4972 = CARTESIAN_POINT('',(-24.5726366917,-10.30870925268,0.));
#4973 = CARTESIAN_POINT('',(-24.4470196752,-10.2967964902,0.));
#4974 = CARTESIAN_POINT('',(-24.32797996785,-10.28359653883,0.));
#4975 = CARTESIAN_POINT('',(-24.21552532071,-10.2693148964,0.));
#4976 = CARTESIAN_POINT('',(-24.10965781404,-10.25415877974,0.));
#4977 = CARTESIAN_POINT('',(-24.04136040334,-10.24326905905,0.));
#4978 = CARTESIAN_POINT('',(-24.00831134489,-10.23772369068,0.));
#4979 = VECTOR('',#4980,1.);
#4980 = DIRECTION('',(-0.,-0.,-1.));
#4981 = ADVANCED_FACE('',(#4982),#5005,.T.);
#4982 = FACE_BOUND('',#4983,.T.);
#4983 = EDGE_LOOP('',(#4984,#4985,#4992,#5000));
#4984 = ORIENTED_EDGE('',*,*,#4923,.T.);
#4985 = ORIENTED_EDGE('',*,*,#4986,.T.);
#4986 = EDGE_CURVE('',#4897,#4987,#4989,.T.);
#4987 = VERTEX_POINT('',#4988);
#4988 = CARTESIAN_POINT('',(-23.27479640543,-11.81075155465,10.));
#4989 = B_SPLINE_CURVE_WITH_KNOTS('',1,(#4990,#4991),.UNSPECIFIED.,.F.,
  .F.,(2,2),(0.,1.735644211017),.PIECEWISE_BEZIER_KNOTS.);
#4990 = CARTESIAN_POINT('',(-24.00831134489,-10.23772369068,10.));
#4991 = CARTESIAN_POINT('',(-23.27479640543,-11.81075155465,10.));
#4992 = ORIENTED_EDGE('',*,*,#4993,.F.);
#4993 = EDGE_CURVE('',#4994,#4987,#4996,.T.);
#4994 = VERTEX_POINT('',#4995);
#4995 = CARTESIAN_POINT('',(-23.27479640543,-11.81075155465,0.));
#4996 = LINE('',#4997,#4998);
#4997 = CARTESIAN_POINT('',(-23.27479640543,-11.81075155465,0.));
#4998 = VECTOR('',#4999,1.);
#4999 = DIRECTION('',(0.,0.,1.));
#5000 = ORIENTED_EDGE('',*,*,#5001,.F.);
#5001 = EDGE_CURVE('',#4924,#4994,#5002,.T.);
#5002 = B_SPLINE_CURVE_WITH_KNOTS('',1,(#5003,#5004),.UNSPECIFIED.,.F.,
  .F.,(2,2),(0.,1.735644211017),.PIECEWISE_BEZIER_KNOTS.);
#5003 = CARTESIAN_POINT('',(-24.00831134489,-10.23772369068,0.));
#5004 = CARTESIAN_POINT('',(-23.27479640543,-11.81075155465,0.));
#5005 = SURFACE_OF_LINEAR_EXTRUSION('',#5006,#5009);
#5006 = B_SPLINE_CURVE_WITH_KNOTS('',1,(#5007,#5008),.UNSPECIFIED.,.F.,
  .F.,(2,2),(0.,1.735644211017),.PIECEWISE_BEZIER_KNOTS.);
#5007 = CARTESIAN_POINT('',(-24.00831134489,-10.23772369068,0.));
#5008 = CARTESIAN_POINT('',(-23.27479640543,-11.81075155465,0.));
#5009 = VECTOR('',#5010,1.);
#5010 = DIRECTION('',(-0.,-0.,-1.));
#5011 = ADVANCED_FACE('',(#5012),#5075,.T.);
#5012 = FACE_BOUND('',#5013,.T.);
#5013 = EDGE_LOOP('',(#5014,#5015,#5042,#5050));
#5014 = ORIENTED_EDGE('',*,*,#4993,.T.);
#5015 = ORIENTED_EDGE('',*,*,#5016,.T.);
#5016 = EDGE_CURVE('',#4987,#5017,#5019,.T.);
#5017 = VERTEX_POINT('',#5018);
#5018 = CARTESIAN_POINT('',(-25.19081168631,-14.11342026528,10.));
#5019 = B_SPLINE_CURVE_WITH_KNOTS('',3,(#5020,#5021,#5022,#5023,#5024,
    #5025,#5026,#5027,#5028,#5029,#5030,#5031,#5032,#5033,#5034,#5035,
    #5036,#5037,#5038,#5039,#5040,#5041),.UNSPECIFIED.,.F.,.F.,(4,1,1,1,
    1,1,1,1,1,1,1,1,1,1,1,1,1,1,1,4),(0.,0.100531090486,0.207473237636,
    0.320826441453,0.440590701938,0.566766019094,0.699352392922,
    0.838349823423,0.983758310598,1.135577854448,1.293808454975,
    1.458450112178,1.629502826059,1.806966596619,1.990841423856,
    2.181127307773,2.37782424837,2.580932245646,2.790451299603,
    3.00638141024),.UNSPECIFIED.);
#5020 = CARTESIAN_POINT('',(-23.27479640543,-11.81075155465,10.));
#5021 = CARTESIAN_POINT('',(-23.30028792934,-11.83250410815,10.));
#5022 = CARTESIAN_POINT('',(-23.35253066872,-11.87782318257,10.));
#5023 = CARTESIAN_POINT('',(-23.43219124923,-11.94918023376,10.));
#5024 = CARTESIAN_POINT('',(-23.51541607589,-12.0261454285,10.));
#5025 = CARTESIAN_POINT('',(-23.60204507423,-12.10885036964,10.));
#5026 = CARTESIAN_POINT('',(-23.6919158415,-12.19742121097,10.));
#5027 = CARTESIAN_POINT('',(-23.78486256923,-12.29198088781,10.));
#5028 = CARTESIAN_POINT('',(-23.88071645732,-12.39264837956,10.));
#5029 = CARTESIAN_POINT('',(-23.97930569602,-12.49953883774,10.));
#5030 = CARTESIAN_POINT('',(-24.08045557471,-12.6127634652,10.));
#5031 = CARTESIAN_POINT('',(-24.1839885559,-12.73242946928,10.));
#5032 = CARTESIAN_POINT('',(-24.28972436071,-12.85863999582,10.));
#5033 = CARTESIAN_POINT('',(-24.39748005287,-12.99149407041,10.));
#5034 = CARTESIAN_POINT('',(-24.50707012407,-13.13108654104,10.));
#5035 = CARTESIAN_POINT('',(-24.61830658299,-13.27750801737,10.));
#5036 = CARTESIAN_POINT('',(-24.73099903447,-13.4308448335,10.));
#5037 = CARTESIAN_POINT('',(-24.8449548034,-13.59117892601,10.));
#5038 = CARTESIAN_POINT('',(-24.9599788887,-13.75858805346,10.));
#5039 = CARTESIAN_POINT('',(-25.07587458758,-13.93314468694,10.));
#5040 = CARTESIAN_POINT('',(-25.15243222494,-14.05252930334,10.));
#5041 = CARTESIAN_POINT('',(-25.19081168631,-14.11342026528,10.));
#5042 = ORIENTED_EDGE('',*,*,#5043,.F.);
#5043 = EDGE_CURVE('',#5044,#5017,#5046,.T.);
#5044 = VERTEX_POINT('',#5045);
#5045 = CARTESIAN_POINT('',(-25.19081168631,-14.11342026528,0.));
#5046 = LINE('',#5047,#5048);
#5047 = CARTESIAN_POINT('',(-25.19081168631,-14.11342026528,0.));
#5048 = VECTOR('',#5049,1.);
#5049 = DIRECTION('',(0.,0.,1.));
#5050 = ORIENTED_EDGE('',*,*,#5051,.F.);
#5051 = EDGE_CURVE('',#4994,#5044,#5052,.T.);
#5052 = B_SPLINE_CURVE_WITH_KNOTS('',3,(#5053,#5054,#5055,#5056,#5057,
    #5058,#5059,#5060,#5061,#5062,#5063,#5064,#5065,#5066,#5067,#5068,
    #5069,#5070,#5071,#5072,#5073,#5074),.UNSPECIFIED.,.F.,.F.,(4,1,1,1,
    1,1,1,1,1,1,1,1,1,1,1,1,1,1,1,4),(0.,0.100531090486,0.207473237636,
    0.320826441453,0.440590701938,0.566766019094,0.699352392922,
    0.838349823423,0.983758310598,1.135577854448,1.293808454975,
    1.458450112178,1.629502826059,1.806966596619,1.990841423856,
    2.181127307773,2.37782424837,2.580932245646,2.790451299603,
    3.00638141024),.UNSPECIFIED.);
#5053 = CARTESIAN_POINT('',(-23.27479640543,-11.81075155465,0.));
#5054 = CARTESIAN_POINT('',(-23.30028792934,-11.83250410815,0.));
#5055 = CARTESIAN_POINT('',(-23.35253066872,-11.87782318257,0.));
#5056 = CARTESIAN_POINT('',(-23.43219124923,-11.94918023376,0.));
#5057 = CARTESIAN_POINT('',(-23.51541607589,-12.0261454285,0.));
#5058 = CARTESIAN_POINT('',(-23.60204507423,-12.10885036964,0.));
#5059 = CARTESIAN_POINT('',(-23.6919158415,-12.19742121097,0.));
#5060 = CARTESIAN_POINT('',(-23.78486256923,-12.29198088781,0.));
#5061 = CARTESIAN_POINT('',(-23.88071645732,-12.39264837956,0.));
#5062 = CARTESIAN_POINT('',(-23.97930569602,-12.49953883774,0.));
#5063 = CARTESIAN_POINT('',(-24.08045557471,-12.6127634652,0.));
#5064 = CARTESIAN_POINT('',(-24.1839885559,-12.73242946928,0.));
#5065 = CARTESIAN_POINT('',(-24.28972436071,-12.85863999582,0.));
#5066 = CARTESIAN_POINT('',(-24.39748005287,-12.99149407041,0.));
#5067 = CARTESIAN_POINT('',(-24.50707012407,-13.13108654104,0.));
#5068 = CARTESIAN_POINT('',(-24.61830658299,-13.27750801737,0.));
#5069 = CARTESIAN_POINT('',(-24.73099903447,-13.4308448335,0.));
#5070 = CARTESIAN_POINT('',(-24.8449548034,-13.59117892601,0.));
#5071 = CARTESIAN_POINT('',(-24.9599788887,-13.75858805346,0.));
#5072 = CARTESIAN_POINT('',(-25.07587458758,-13.93314468694,0.));
#5073 = CARTESIAN_POINT('',(-25.15243222494,-14.05252930334,0.));
#5074 = CARTESIAN_POINT('',(-25.19081168631,-14.11342026528,0.));
#5075 = SURFACE_OF_LINEAR_EXTRUSION('',#5076,#5099);
#5076 = B_SPLINE_CURVE_WITH_KNOTS('',3,(#5077,#5078,#5079,#5080,#5081,
    #5082,#5083,#5084,#5085,#5086,#5087,#5088,#5089,#5090,#5091,#5092,
    #5093,#5094,#5095,#5096,#5097,#5098),.UNSPECIFIED.,.F.,.F.,(4,1,1,1,
    1,1,1,1,1,1,1,1,1,1,1,1,1,1,1,4),(0.,0.100531090486,0.207473237636,
    0.320826441453,0.440590701938,0.566766019094,0.699352392922,
    0.838349823423,0.983758310598,1.135577854448,1.293808454975,
    1.458450112178,1.629502826059,1.806966596619,1.990841423856,
    2.181127307773,2.37782424837,2.580932245646,2.790451299603,
    3.00638141024),.UNSPECIFIED.);
#5077 = CARTESIAN_POINT('',(-23.27479640543,-11.81075155465,0.));
#5078 = CARTESIAN_POINT('',(-23.30028792934,-11.83250410815,0.));
#5079 = CARTESIAN_POINT('',(-23.35253066872,-11.87782318257,0.));
#5080 = CARTESIAN_POINT('',(-23.43219124923,-11.94918023376,0.));
#5081 = CARTESIAN_POINT('',(-23.51541607589,-12.0261454285,0.));
#5082 = CARTESIAN_POINT('',(-23.60204507423,-12.10885036964,0.));
#5083 = CARTESIAN_POINT('',(-23.6919158415,-12.19742121097,0.));
#5084 = CARTESIAN_POINT('',(-23.78486256923,-12.29198088781,0.));
#5085 = CARTESIAN_POINT('',(-23.88071645732,-12.39264837956,0.));
#5086 = CARTESIAN_POINT('',(-23.97930569602,-12.49953883774,0.));
#5087 = CARTESIAN_POINT('',(-24.08045557471,-12.6127634652,0.));
#5088 = CARTESIAN_POINT('',(-24.1839885559,-12.73242946928,0.));
#5089 = CARTESIAN_POINT('',(-24.28972436071,-12.85863999582,0.));
#5090 = CARTESIAN_POINT('',(-24.39748005287,-12.99149407041,0.));
#5091 = CARTESIAN_POINT('',(-24.50707012407,-13.13108654104,0.));
#5092 = CARTESIAN_POINT('',(-24.61830658299,-13.27750801737,0.));
#5093 = CARTESIAN_POINT('',(-24.73099903447,-13.4308448335,0.));
#5094 = CARTESIAN_POINT('',(-24.8449548034,-13.59117892601,0.));
#5095 = CARTESIAN_POINT('',(-24.9599788887,-13.75858805346,0.));
#5096 = CARTESIAN_POINT('',(-25.07587458758,-13.93314468694,0.));
#5097 = CARTESIAN_POINT('',(-25.15243222494,-14.05252930334,0.));
#5098 = CARTESIAN_POINT('',(-25.19081168631,-14.11342026528,0.));
#5099 = VECTOR('',#5100,1.);
#5100 = DIRECTION('',(-0.,-0.,-1.));
#5101 = ADVANCED_FACE('',(#5102),#5125,.T.);
#5102 = FACE_BOUND('',#5103,.T.);
#5103 = EDGE_LOOP('',(#5104,#5105,#5112,#5120));
#5104 = ORIENTED_EDGE('',*,*,#5043,.T.);
#5105 = ORIENTED_EDGE('',*,*,#5106,.T.);
#5106 = EDGE_CURVE('',#5017,#5107,#5109,.T.);
#5107 = VERTEX_POINT('',#5108);
#5108 = CARTESIAN_POINT('',(-24.81798632718,-14.75917272965,10.));
#5109 = B_SPLINE_CURVE_WITH_KNOTS('',1,(#5110,#5111),.UNSPECIFIED.,.F.,
  .F.,(2,2),(0.,0.745650718271),.PIECEWISE_BEZIER_KNOTS.);
#5110 = CARTESIAN_POINT('',(-25.19081168631,-14.11342026528,10.));
#5111 = CARTESIAN_POINT('',(-24.81798632718,-14.75917272965,10.));
#5112 = ORIENTED_EDGE('',*,*,#5113,.F.);
#5113 = EDGE_CURVE('',#5114,#5107,#5116,.T.);
#5114 = VERTEX_POINT('',#5115);
#5115 = CARTESIAN_POINT('',(-24.81798632718,-14.75917272965,0.));
#5116 = LINE('',#5117,#5118);
#5117 = CARTESIAN_POINT('',(-24.81798632718,-14.75917272965,0.));
#5118 = VECTOR('',#5119,1.);
#5119 = DIRECTION('',(0.,0.,1.));
#5120 = ORIENTED_EDGE('',*,*,#5121,.F.);
#5121 = EDGE_CURVE('',#5044,#5114,#5122,.T.);
#5122 = B_SPLINE_CURVE_WITH_KNOTS('',1,(#5123,#5124),.UNSPECIFIED.,.F.,
  .F.,(2,2),(0.,0.745650718271),.PIECEWISE_BEZIER_KNOTS.);
#5123 = CARTESIAN_POINT('',(-25.19081168631,-14.11342026528,0.));
#5124 = CARTESIAN_POINT('',(-24.81798632718,-14.75917272965,0.));
#5125 = SURFACE_OF_LINEAR_EXTRUSION('',#5126,#5129);
#5126 = B_SPLINE_CURVE_WITH_KNOTS('',1,(#5127,#5128),.UNSPECIFIED.,.F.,
  .F.,(2,2),(0.,0.745650718271),.PIECEWISE_BEZIER_KNOTS.);
#5127 = CARTESIAN_POINT('',(-25.19081168631,-14.11342026528,0.));
#5128 = CARTESIAN_POINT('',(-24.81798632718,-14.75917272965,0.));
#5129 = VECTOR('',#5130,1.);
#5130 = DIRECTION('',(-0.,-0.,-1.));
#5131 = ADVANCED_FACE('',(#5132),#5195,.T.);
#5132 = FACE_BOUND('',#5133,.T.);
#5133 = EDGE_LOOP('',(#5134,#5135,#5162,#5170));
#5134 = ORIENTED_EDGE('',*,*,#5113,.T.);
#5135 = ORIENTED_EDGE('',*,*,#5136,.T.);
#5136 = EDGE_CURVE('',#5107,#5137,#5139,.T.);
#5137 = VERTEX_POINT('',#5138);
#5138 = CARTESIAN_POINT('',(-21.86580908683,-14.25118917768,10.));
#5139 = B_SPLINE_CURVE_WITH_KNOTS('',3,(#5140,#5141,#5142,#5143,#5144,
    #5145,#5146,#5147,#5148,#5149,#5150,#5151,#5152,#5153,#5154,#5155,
    #5156,#5157,#5158,#5159,#5160,#5161),.UNSPECIFIED.,.F.,.F.,(4,1,1,1,
    1,1,1,1,1,1,1,1,1,1,1,1,1,1,1,4),(0.,0.215930110637,0.425449164594,
    0.62855716187,0.825254102467,1.015539986384,1.199414813622,
    1.376878584181,1.547931298062,1.712572955265,1.870803555792,
    2.022623099642,2.168031586817,2.307029017318,2.439615391146,
    2.565790708302,2.685554968787,2.798908172604,2.905850319754,
    3.00638141024),.UNSPECIFIED.);
#5140 = CARTESIAN_POINT('',(-24.81798632718,-14.75917272965,10.));
#5141 = CARTESIAN_POINT('',(-24.74606347659,-14.75638062209,10.));
#5142 = CARTESIAN_POINT('',(-24.60439454729,-14.74977207148,10.));
#5143 = CARTESIAN_POINT('',(-24.39527621885,-14.73668176881,10.));
#5144 = CARTESIAN_POINT('',(-24.192783619,-14.72077255261,10.));
#5145 = CARTESIAN_POINT('',(-23.99695233734,-14.70225100806,10.));
#5146 = CARTESIAN_POINT('',(-23.80781253349,-14.68132489033,10.));
#5147 = CARTESIAN_POINT('',(-23.62538958587,-14.65820202925,10.));
#5148 = CARTESIAN_POINT('',(-23.44970392452,-14.6330904789,10.));
#5149 = CARTESIAN_POINT('',(-23.28077107485,-14.60619834938,10.));
#5150 = CARTESIAN_POINT('',(-23.11860165024,-14.5777337196,10.));
#5151 = CARTESIAN_POINT('',(-22.96320136014,-14.5479045298,10.));
#5152 = CARTESIAN_POINT('',(-22.81457101708,-14.51691847899,10.));
#5153 = CARTESIAN_POINT('',(-22.67270654553,-14.48498292283,10.));
#5154 = CARTESIAN_POINT('',(-22.53759899629,-14.45230476657,10.));
#5155 = CARTESIAN_POINT('',(-22.40923455011,-14.41909037757,10.));
#5156 = CARTESIAN_POINT('',(-22.28759456785,-14.38554543073,10.));
#5157 = CARTESIAN_POINT('',(-22.17265548863,-14.35187498803,10.));
#5158 = CARTESIAN_POINT('',(-22.06438926145,-14.31828277129,10.));
#5159 = CARTESIAN_POINT('',(-21.96276195213,-14.28497321048,10.));
#5160 = CARTESIAN_POINT('',(-21.89739311271,-14.26238920822,10.));
#5161 = CARTESIAN_POINT('',(-21.86580908683,-14.25118917768,10.));
#5162 = ORIENTED_EDGE('',*,*,#5163,.F.);
#5163 = EDGE_CURVE('',#5164,#5137,#5166,.T.);
#5164 = VERTEX_POINT('',#5165);
#5165 = CARTESIAN_POINT('',(-21.86580908683,-14.25118917768,0.));
#5166 = LINE('',#5167,#5168);
#5167 = CARTESIAN_POINT('',(-21.86580908683,-14.25118917768,0.));
#5168 = VECTOR('',#5169,1.);
#5169 = DIRECTION('',(0.,0.,1.));
#5170 = ORIENTED_EDGE('',*,*,#5171,.F.);
#5171 = EDGE_CURVE('',#5114,#5164,#5172,.T.);
#5172 = B_SPLINE_CURVE_WITH_KNOTS('',3,(#5173,#5174,#5175,#5176,#5177,
    #5178,#5179,#5180,#5181,#5182,#5183,#5184,#5185,#5186,#5187,#5188,
    #5189,#5190,#5191,#5192,#5193,#5194),.UNSPECIFIED.,.F.,.F.,(4,1,1,1,
    1,1,1,1,1,1,1,1,1,1,1,1,1,1,1,4),(0.,0.215930110637,0.425449164594,
    0.62855716187,0.825254102467,1.015539986384,1.199414813622,
    1.376878584181,1.547931298062,1.712572955265,1.870803555792,
    2.022623099642,2.168031586817,2.307029017318,2.439615391146,
    2.565790708302,2.685554968787,2.798908172604,2.905850319754,
    3.00638141024),.UNSPECIFIED.);
#5173 = CARTESIAN_POINT('',(-24.81798632718,-14.75917272965,0.));
#5174 = CARTESIAN_POINT('',(-24.74606347659,-14.75638062209,0.));
#5175 = CARTESIAN_POINT('',(-24.60439454729,-14.74977207148,0.));
#5176 = CARTESIAN_POINT('',(-24.39527621885,-14.73668176881,0.));
#5177 = CARTESIAN_POINT('',(-24.192783619,-14.72077255261,0.));
#5178 = CARTESIAN_POINT('',(-23.99695233734,-14.70225100806,0.));
#5179 = CARTESIAN_POINT('',(-23.80781253349,-14.68132489033,0.));
#5180 = CARTESIAN_POINT('',(-23.62538958587,-14.65820202925,0.));
#5181 = CARTESIAN_POINT('',(-23.44970392452,-14.6330904789,0.));
#5182 = CARTESIAN_POINT('',(-23.28077107485,-14.60619834938,0.));
#5183 = CARTESIAN_POINT('',(-23.11860165024,-14.5777337196,0.));
#5184 = CARTESIAN_POINT('',(-22.96320136014,-14.5479045298,0.));
#5185 = CARTESIAN_POINT('',(-22.81457101708,-14.51691847899,0.));
#5186 = CARTESIAN_POINT('',(-22.67270654553,-14.48498292283,0.));
#5187 = CARTESIAN_POINT('',(-22.53759899629,-14.45230476657,0.));
#5188 = CARTESIAN_POINT('',(-22.40923455011,-14.41909037757,0.));
#5189 = CARTESIAN_POINT('',(-22.28759456785,-14.38554543073,0.));
#5190 = CARTESIAN_POINT('',(-22.17265548863,-14.35187498803,0.));
#5191 = CARTESIAN_POINT('',(-22.06438926145,-14.31828277129,0.));
#5192 = CARTESIAN_POINT('',(-21.96276195213,-14.28497321048,0.));
#5193 = CARTESIAN_POINT('',(-21.89739311271,-14.26238920822,0.));
#5194 = CARTESIAN_POINT('',(-21.86580908683,-14.25118917768,0.));
#5195 = SURFACE_OF_LINEAR_EXTRUSION('',#5196,#5219);
#5196 = B_SPLINE_CURVE_WITH_KNOTS('',3,(#5197,#5198,#5199,#5200,#5201,
    #5202,#5203,#5204,#5205,#5206,#5207,#5208,#5209,#5210,#5211,#5212,
    #5213,#5214,#5215,#5216,#5217,#5218),.UNSPECIFIED.,.F.,.F.,(4,1,1,1,
    1,1,1,1,1,1,1,1,1,1,1,1,1,1,1,4),(0.,0.215930110637,0.425449164594,
    0.62855716187,0.825254102467,1.015539986384,1.199414813622,
    1.376878584181,1.547931298062,1.712572955265,1.870803555792,
    2.022623099642,2.168031586817,2.307029017318,2.439615391146,
    2.565790708302,2.685554968787,2.798908172604,2.905850319754,
    3.00638141024),.UNSPECIFIED.);
#5197 = CARTESIAN_POINT('',(-24.81798632718,-14.75917272965,0.));
#5198 = CARTESIAN_POINT('',(-24.74606347659,-14.75638062209,0.));
#5199 = CARTESIAN_POINT('',(-24.60439454729,-14.74977207148,0.));
#5200 = CARTESIAN_POINT('',(-24.39527621885,-14.73668176881,0.));
#5201 = CARTESIAN_POINT('',(-24.192783619,-14.72077255261,0.));
#5202 = CARTESIAN_POINT('',(-23.99695233734,-14.70225100806,0.));
#5203 = CARTESIAN_POINT('',(-23.80781253349,-14.68132489033,0.));
#5204 = CARTESIAN_POINT('',(-23.62538958587,-14.65820202925,0.));
#5205 = CARTESIAN_POINT('',(-23.44970392452,-14.6330904789,0.));
#5206 = CARTESIAN_POINT('',(-23.28077107485,-14.60619834938,0.));
#5207 = CARTESIAN_POINT('',(-23.11860165024,-14.5777337196,0.));
#5208 = CARTESIAN_POINT('',(-22.96320136014,-14.5479045298,0.));
#5209 = CARTESIAN_POINT('',(-22.81457101708,-14.51691847899,0.));
#5210 = CARTESIAN_POINT('',(-22.67270654553,-14.48498292283,0.));
#5211 = CARTESIAN_POINT('',(-22.53759899629,-14.45230476657,0.));
#5212 = CARTESIAN_POINT('',(-22.40923455011,-14.41909037757,0.));
#5213 = CARTESIAN_POINT('',(-22.28759456785,-14.38554543073,0.));
#5214 = CARTESIAN_POINT('',(-22.17265548863,-14.35187498803,0.));
#5215 = CARTESIAN_POINT('',(-22.06438926145,-14.31828277129,0.));
#5216 = CARTESIAN_POINT('',(-21.96276195213,-14.28497321048,0.));
#5217 = CARTESIAN_POINT('',(-21.89739311271,-14.26238920822,0.));
#5218 = CARTESIAN_POINT('',(-21.86580908683,-14.25118917768,0.));
#5219 = VECTOR('',#5220,1.);
#5220 = DIRECTION('',(-0.,-0.,-1.));
#5221 = ADVANCED_FACE('',(#5222),#5245,.T.);
#5222 = FACE_BOUND('',#5223,.T.);
#5223 = EDGE_LOOP('',(#5224,#5225,#5232,#5240));
#5224 = ORIENTED_EDGE('',*,*,#5163,.T.);
#5225 = ORIENTED_EDGE('',*,*,#5226,.T.);
#5226 = EDGE_CURVE('',#5137,#5227,#5229,.T.);
#5227 = VERTEX_POINT('',#5228);
#5228 = CARTESIAN_POINT('',(-20.8702844655,-15.67294568129,10.));
#5229 = B_SPLINE_CURVE_WITH_KNOTS('',1,(#5230,#5231),.UNSPECIFIED.,.F.,
  .F.,(2,2),(0.,1.735644211017),.PIECEWISE_BEZIER_KNOTS.);
#5230 = CARTESIAN_POINT('',(-21.86580908683,-14.25118917768,10.));
#5231 = CARTESIAN_POINT('',(-20.8702844655,-15.67294568129,10.));
#5232 = ORIENTED_EDGE('',*,*,#5233,.F.);
#5233 = EDGE_CURVE('',#5234,#5227,#5236,.T.);
#5234 = VERTEX_POINT('',#5235);
#5235 = CARTESIAN_POINT('',(-20.8702844655,-15.67294568129,0.));
#5236 = LINE('',#5237,#5238);
#5237 = CARTESIAN_POINT('',(-20.8702844655,-15.67294568129,0.));
#5238 = VECTOR('',#5239,1.);
#5239 = DIRECTION('',(0.,0.,1.));
#5240 = ORIENTED_EDGE('',*,*,#5241,.F.);
#5241 = EDGE_CURVE('',#5164,#5234,#5242,.T.);
#5242 = B_SPLINE_CURVE_WITH_KNOTS('',1,(#5243,#5244),.UNSPECIFIED.,.F.,
  .F.,(2,2),(0.,1.735644211017),.PIECEWISE_BEZIER_KNOTS.);
#5243 = CARTESIAN_POINT('',(-21.86580908683,-14.25118917768,0.));
#5244 = CARTESIAN_POINT('',(-20.8702844655,-15.67294568129,0.));
#5245 = SURFACE_OF_LINEAR_EXTRUSION('',#5246,#5249);
#5246 = B_SPLINE_CURVE_WITH_KNOTS('',1,(#5247,#5248),.UNSPECIFIED.,.F.,
  .F.,(2,2),(0.,1.735644211017),.PIECEWISE_BEZIER_KNOTS.);
#5247 = CARTESIAN_POINT('',(-21.86580908683,-14.25118917768,0.));
#5248 = CARTESIAN_POINT('',(-20.8702844655,-15.67294568129,0.));
#5249 = VECTOR('',#5250,1.);
#5250 = DIRECTION('',(-0.,-0.,-1.));
#5251 = ADVANCED_FACE('',(#5252),#5315,.T.);
#5252 = FACE_BOUND('',#5253,.T.);
#5253 = EDGE_LOOP('',(#5254,#5255,#5282,#5290));
#5254 = ORIENTED_EDGE('',*,*,#5233,.T.);
#5255 = ORIENTED_EDGE('',*,*,#5256,.T.);
#5256 = EDGE_CURVE('',#5227,#5257,#5259,.T.);
#5257 = VERTEX_POINT('',#5258);
#5258 = CARTESIAN_POINT('',(-22.35733694364,-18.27334424205,10.));
#5259 = B_SPLINE_CURVE_WITH_KNOTS('',3,(#5260,#5261,#5262,#5263,#5264,
    #5265,#5266,#5267,#5268,#5269,#5270,#5271,#5272,#5273,#5274,#5275,
    #5276,#5277,#5278,#5279,#5280,#5281),.UNSPECIFIED.,.F.,.F.,(4,1,1,1,
    1,1,1,1,1,1,1,1,1,1,1,1,1,1,1,4),(0.,0.100531090486,0.207473237636,
    0.320826441453,0.440590701938,0.566766019094,0.699352392922,
    0.838349823423,0.983758310598,1.135577854448,1.293808454975,
    1.458450112178,1.629502826059,1.806966596619,1.990841423856,
    2.181127307773,2.37782424837,2.580932245646,2.790451299603,
    3.00638141024),.UNSPECIFIED.);
#5260 = CARTESIAN_POINT('',(-20.8702844655,-15.67294568129,10.));
#5261 = CARTESIAN_POINT('',(-20.89161142461,-15.6987943213,10.));
#5262 = CARTESIAN_POINT('',(-20.93519090471,-15.75249675364,10.));
#5263 = CARTESIAN_POINT('',(-21.0012502401,-15.83660264552,10.));
#5264 = CARTESIAN_POINT('',(-21.06984582883,-15.9268504055,10.));
#5265 = CARTESIAN_POINT('',(-21.14079717572,-16.02334184044,10.));
#5266 = CARTESIAN_POINT('',(-21.2139224389,-16.12617298664,10.));
#5267 = CARTESIAN_POINT('',(-21.28903698142,-16.23543611939,10.));
#5268 = CARTESIAN_POINT('',(-21.36595390708,-16.35121909874,10.));
#5269 = CARTESIAN_POINT('',(-21.44448402044,-16.47360549231,10.));
#5270 = CARTESIAN_POINT('',(-21.52443595497,-16.60267447537,10.));
#5271 = CARTESIAN_POINT('',(-21.605616254,-16.73850079748,10.));
#5272 = CARTESIAN_POINT('',(-21.6878294664,-16.88115473235,10.));
#5273 = CARTESIAN_POINT('',(-21.77087823953,-17.0307020346,10.));
#5274 = CARTESIAN_POINT('',(-21.85456341316,-17.1872038981,10.));
#5275 = CARTESIAN_POINT('',(-21.93868411778,-17.35071691157,10.));
#5276 = CARTESIAN_POINT('',(-22.02303785902,-17.52129303576,10.));
#5277 = CARTESIAN_POINT('',(-22.10742066077,-17.69897950474,10.));
#5278 = CARTESIAN_POINT('',(-22.19162698186,-17.88381903417,10.));
#5279 = CARTESIAN_POINT('',(-22.27545052335,-18.07584883708,10.));
#5280 = CARTESIAN_POINT('',(-22.3301141571,-18.20671382712,10.));
#5281 = CARTESIAN_POINT('',(-22.35733694364,-18.27334424205,10.));
#5282 = ORIENTED_EDGE('',*,*,#5283,.F.);
#5283 = EDGE_CURVE('',#5284,#5257,#5286,.T.);
#5284 = VERTEX_POINT('',#5285);
#5285 = CARTESIAN_POINT('',(-22.35733694364,-18.27334424205,0.));
#5286 = LINE('',#5287,#5288);
#5287 = CARTESIAN_POINT('',(-22.35733694364,-18.27334424205,0.));
#5288 = VECTOR('',#5289,1.);
#5289 = DIRECTION('',(0.,0.,1.));
#5290 = ORIENTED_EDGE('',*,*,#5291,.F.);
#5291 = EDGE_CURVE('',#5234,#5284,#5292,.T.);
#5292 = B_SPLINE_CURVE_WITH_KNOTS('',3,(#5293,#5294,#5295,#5296,#5297,
    #5298,#5299,#5300,#5301,#5302,#5303,#5304,#5305,#5306,#5307,#5308,
    #5309,#5310,#5311,#5312,#5313,#5314),.UNSPECIFIED.,.F.,.F.,(4,1,1,1,
    1,1,1,1,1,1,1,1,1,1,1,1,1,1,1,4),(0.,0.100531090486,0.207473237636,
    0.320826441453,0.440590701938,0.566766019094,0.699352392922,
    0.838349823423,0.983758310598,1.135577854448,1.293808454975,
    1.458450112178,1.629502826059,1.806966596619,1.990841423856,
    2.181127307773,2.37782424837,2.580932245646,2.790451299603,
    3.00638141024),.UNSPECIFIED.);
#5293 = CARTESIAN_POINT('',(-20.8702844655,-15.67294568129,0.));
#5294 = CARTESIAN_POINT('',(-20.89161142461,-15.6987943213,0.));
#5295 = CARTESIAN_POINT('',(-20.93519090471,-15.75249675364,0.));
#5296 = CARTESIAN_POINT('',(-21.0012502401,-15.83660264552,0.));
#5297 = CARTESIAN_POINT('',(-21.06984582883,-15.9268504055,0.));
#5298 = CARTESIAN_POINT('',(-21.14079717572,-16.02334184044,0.));
#5299 = CARTESIAN_POINT('',(-21.2139224389,-16.12617298664,0.));
#5300 = CARTESIAN_POINT('',(-21.28903698142,-16.23543611939,0.));
#5301 = CARTESIAN_POINT('',(-21.36595390708,-16.35121909874,0.));
#5302 = CARTESIAN_POINT('',(-21.44448402044,-16.47360549231,0.));
#5303 = CARTESIAN_POINT('',(-21.52443595497,-16.60267447537,0.));
#5304 = CARTESIAN_POINT('',(-21.605616254,-16.73850079748,0.));
#5305 = CARTESIAN_POINT('',(-21.6878294664,-16.88115473235,0.));
#5306 = CARTESIAN_POINT('',(-21.77087823953,-17.0307020346,0.));
#5307 = CARTESIAN_POINT('',(-21.85456341316,-17.1872038981,0.));
#5308 = CARTESIAN_POINT('',(-21.93868411778,-17.35071691157,0.));
#5309 = CARTESIAN_POINT('',(-22.02303785902,-17.52129303576,0.));
#5310 = CARTESIAN_POINT('',(-22.10742066077,-17.69897950474,0.));
#5311 = CARTESIAN_POINT('',(-22.19162698186,-17.88381903417,0.));
#5312 = CARTESIAN_POINT('',(-22.27545052335,-18.07584883708,0.));
#5313 = CARTESIAN_POINT('',(-22.3301141571,-18.20671382712,0.));
#5314 = CARTESIAN_POINT('',(-22.35733694364,-18.27334424205,0.));
#5315 = SURFACE_OF_LINEAR_EXTRUSION('',#5316,#5339);
#5316 = B_SPLINE_CURVE_WITH_KNOTS('',3,(#5317,#5318,#5319,#5320,#5321,
    #5322,#5323,#5324,#5325,#5326,#5327,#5328,#5329,#5330,#5331,#5332,
    #5333,#5334,#5335,#5336,#5337,#5338),.UNSPECIFIED.,.F.,.F.,(4,1,1,1,
    1,1,1,1,1,1,1,1,1,1,1,1,1,1,1,4),(0.,0.100531090486,0.207473237636,
    0.320826441453,0.440590701938,0.566766019094,0.699352392922,
    0.838349823423,0.983758310598,1.135577854448,1.293808454975,
    1.458450112178,1.629502826059,1.806966596619,1.990841423856,
    2.181127307773,2.37782424837,2.580932245646,2.790451299603,
    3.00638141024),.UNSPECIFIED.);
#5317 = CARTESIAN_POINT('',(-20.8702844655,-15.67294568129,0.));
#5318 = CARTESIAN_POINT('',(-20.89161142461,-15.6987943213,0.));
#5319 = CARTESIAN_POINT('',(-20.93519090471,-15.75249675364,0.));
#5320 = CARTESIAN_POINT('',(-21.0012502401,-15.83660264552,0.));
#5321 = CARTESIAN_POINT('',(-21.06984582883,-15.9268504055,0.));
#5322 = CARTESIAN_POINT('',(-21.14079717572,-16.02334184044,0.));
#5323 = CARTESIAN_POINT('',(-21.2139224389,-16.12617298664,0.));
#5324 = CARTESIAN_POINT('',(-21.28903698142,-16.23543611939,0.));
#5325 = CARTESIAN_POINT('',(-21.36595390708,-16.35121909874,0.));
#5326 = CARTESIAN_POINT('',(-21.44448402044,-16.47360549231,0.));
#5327 = CARTESIAN_POINT('',(-21.52443595497,-16.60267447537,0.));
#5328 = CARTESIAN_POINT('',(-21.605616254,-16.73850079748,0.));
#5329 = CARTESIAN_POINT('',(-21.6878294664,-16.88115473235,0.));
#5330 = CARTESIAN_POINT('',(-21.77087823953,-17.0307020346,0.));
#5331 = CARTESIAN_POINT('',(-21.85456341316,-17.1872038981,0.));
#5332 = CARTESIAN_POINT('',(-21.93868411778,-17.35071691157,0.));
#5333 = CARTESIAN_POINT('',(-22.02303785902,-17.52129303576,0.));
#5334 = CARTESIAN_POINT('',(-22.10742066077,-17.69897950474,0.));
#5335 = CARTESIAN_POINT('',(-22.19162698186,-17.88381903417,0.));
#5336 = CARTESIAN_POINT('',(-22.27545052335,-18.07584883708,0.));
#5337 = CARTESIAN_POINT('',(-22.3301141571,-18.20671382712,0.));
#5338 = CARTESIAN_POINT('',(-22.35733694364,-18.27334424205,0.));
#5339 = VECTOR('',#5340,1.);
#5340 = DIRECTION('',(-0.,-0.,-1.));
#5341 = ADVANCED_FACE('',(#5342),#5365,.T.);
#5342 = FACE_BOUND('',#5343,.T.);
#5343 = EDGE_LOOP('',(#5344,#5345,#5352,#5360));
#5344 = ORIENTED_EDGE('',*,*,#5283,.T.);
#5345 = ORIENTED_EDGE('',*,*,#5346,.T.);
#5346 = EDGE_CURVE('',#5257,#5347,#5349,.T.);
#5347 = VERTEX_POINT('',#5348);
#5348 = CARTESIAN_POINT('',(-21.87804190078,-18.84454583129,10.));
#5349 = B_SPLINE_CURVE_WITH_KNOTS('',1,(#5350,#5351),.UNSPECIFIED.,.F.,
  .F.,(2,2),(0.,0.745650718271),.PIECEWISE_BEZIER_KNOTS.);
#5350 = CARTESIAN_POINT('',(-22.35733694364,-18.27334424205,10.));
#5351 = CARTESIAN_POINT('',(-21.87804190078,-18.84454583129,10.));
#5352 = ORIENTED_EDGE('',*,*,#5353,.F.);
#5353 = EDGE_CURVE('',#5354,#5347,#5356,.T.);
#5354 = VERTEX_POINT('',#5355);
#5355 = CARTESIAN_POINT('',(-21.87804190078,-18.84454583129,0.));
#5356 = LINE('',#5357,#5358);
#5357 = CARTESIAN_POINT('',(-21.87804190078,-18.84454583129,0.));
#5358 = VECTOR('',#5359,1.);
#5359 = DIRECTION('',(0.,0.,1.));
#5360 = ORIENTED_EDGE('',*,*,#5361,.F.);
#5361 = EDGE_CURVE('',#5284,#5354,#5362,.T.);
#5362 = B_SPLINE_CURVE_WITH_KNOTS('',1,(#5363,#5364),.UNSPECIFIED.,.F.,
  .F.,(2,2),(0.,0.745650718271),.PIECEWISE_BEZIER_KNOTS.);
#5363 = CARTESIAN_POINT('',(-22.35733694364,-18.27334424205,0.));
#5364 = CARTESIAN_POINT('',(-21.87804190078,-18.84454583129,0.));
#5365 = SURFACE_OF_LINEAR_EXTRUSION('',#5366,#5369);
#5366 = B_SPLINE_CURVE_WITH_KNOTS('',1,(#5367,#5368),.UNSPECIFIED.,.F.,
  .F.,(2,2),(0.,0.745650718271),.PIECEWISE_BEZIER_KNOTS.);
#5367 = CARTESIAN_POINT('',(-22.35733694364,-18.27334424205,0.));
#5368 = CARTESIAN_POINT('',(-21.87804190078,-18.84454583129,0.));
#5369 = VECTOR('',#5370,1.);
#5370 = DIRECTION('',(-0.,-0.,-1.));
#5371 = ADVANCED_FACE('',(#5372),#5435,.T.);
#5372 = FACE_BOUND('',#5373,.T.);
#5373 = EDGE_LOOP('',(#5374,#5375,#5402,#5410));
#5374 = ORIENTED_EDGE('',*,*,#5353,.T.);
#5375 = ORIENTED_EDGE('',*,*,#5376,.T.);
#5376 = EDGE_CURVE('',#5347,#5377,#5379,.T.);
#5377 = VERTEX_POINT('',#5378);
#5378 = CARTESIAN_POINT('',(-19.0589252843,-17.83163949296,10.));
#5379 = B_SPLINE_CURVE_WITH_KNOTS('',3,(#5380,#5381,#5382,#5383,#5384,
    #5385,#5386,#5387,#5388,#5389,#5390,#5391,#5392,#5393,#5394,#5395,
    #5396,#5397,#5398,#5399,#5400,#5401),.UNSPECIFIED.,.F.,.F.,(4,1,1,1,
    1,1,1,1,1,1,1,1,1,1,1,1,1,1,1,4),(0.,0.215930110637,0.425449164594,
    0.62855716187,0.825254102467,1.015539986384,1.199414813622,
    1.376878584181,1.547931298062,1.712572955265,1.870803555792,
    2.022623099642,2.168031586817,2.307029017318,2.439615391146,
    2.565790708302,2.685554968787,2.798908172604,2.905850319754,
    3.00638141024),.UNSPECIFIED.);
#5380 = CARTESIAN_POINT('',(-21.87804190078,-18.84454583129,10.));
#5381 = CARTESIAN_POINT('',(-21.8076965643,-18.82930687018,10.));
#5382 = CARTESIAN_POINT('',(-21.66932746713,-18.79819816689,10.));
#5383 = CARTESIAN_POINT('',(-21.46565922319,-18.74899371868,10.));
#5384 = CARTESIAN_POINT('',(-21.26900554733,-18.69816372827,10.));
#5385 = CARTESIAN_POINT('',(-21.07936561532,-18.64591782241,10.));
#5386 = CARTESIAN_POINT('',(-20.8967330523,-18.59246583717,10.));
#5387 = CARTESIAN_POINT('',(-20.72109676185,-18.53801685188,10.));
#5388 = CARTESIAN_POINT('',(-20.55244073541,-18.48277930748,10.));
#5389 = CARTESIAN_POINT('',(-20.39074412461,-18.42696084833,10.));
#5390 = CARTESIAN_POINT('',(-20.23598124904,-18.37076823518,10.));
#5391 = CARTESIAN_POINT('',(-20.08812162298,-18.31440724062,10.));
#5392 = CARTESIAN_POINT('',(-19.94712998005,-18.25808254933,10.));
#5393 = CARTESIAN_POINT('',(-19.81296629972,-18.20199765906,10.));
#5394 = CARTESIAN_POINT('',(-19.68558584002,-18.14635477771,10.));
#5395 = CARTESIAN_POINT('',(-19.56493915634,-18.09135473775,10.));
#5396 = CARTESIAN_POINT('',(-19.45097217762,-18.03719685278,10.));
#5397 = CARTESIAN_POINT('',(-19.3436260923,-17.98407897811,10.));
#5398 = CARTESIAN_POINT('',(-19.2428378996,-17.93219686957,10.));
#5399 = CARTESIAN_POINT('',(-19.14853868199,-17.88174595877,10.));
#5400 = CARTESIAN_POINT('',(-19.08808461297,-17.84815387841,10.));
#5401 = CARTESIAN_POINT('',(-19.0589252843,-17.83163949296,10.));
#5402 = ORIENTED_EDGE('',*,*,#5403,.F.);
#5403 = EDGE_CURVE('',#5404,#5377,#5406,.T.);
#5404 = VERTEX_POINT('',#5405);
#5405 = CARTESIAN_POINT('',(-19.0589252843,-17.83163949296,0.));
#5406 = LINE('',#5407,#5408);
#5407 = CARTESIAN_POINT('',(-19.0589252843,-17.83163949296,0.));
#5408 = VECTOR('',#5409,1.);
#5409 = DIRECTION('',(0.,0.,1.));
#5410 = ORIENTED_EDGE('',*,*,#5411,.F.);
#5411 = EDGE_CURVE('',#5354,#5404,#5412,.T.);
#5412 = B_SPLINE_CURVE_WITH_KNOTS('',3,(#5413,#5414,#5415,#5416,#5417,
    #5418,#5419,#5420,#5421,#5422,#5423,#5424,#5425,#5426,#5427,#5428,
    #5429,#5430,#5431,#5432,#5433,#5434),.UNSPECIFIED.,.F.,.F.,(4,1,1,1,
    1,1,1,1,1,1,1,1,1,1,1,1,1,1,1,4),(0.,0.215930110637,0.425449164594,
    0.62855716187,0.825254102467,1.015539986384,1.199414813622,
    1.376878584181,1.547931298062,1.712572955265,1.870803555792,
    2.022623099642,2.168031586817,2.307029017318,2.439615391146,
    2.565790708302,2.685554968787,2.798908172604,2.905850319754,
    3.00638141024),.UNSPECIFIED.);
#5413 = CARTESIAN_POINT('',(-21.87804190078,-18.84454583129,0.));
#5414 = CARTESIAN_POINT('',(-21.8076965643,-18.82930687018,0.));
#5415 = CARTESIAN_POINT('',(-21.66932746713,-18.79819816689,0.));
#5416 = CARTESIAN_POINT('',(-21.46565922319,-18.74899371868,0.));
#5417 = CARTESIAN_POINT('',(-21.26900554733,-18.69816372827,0.));
#5418 = CARTESIAN_POINT('',(-21.07936561532,-18.64591782241,0.));
#5419 = CARTESIAN_POINT('',(-20.8967330523,-18.59246583717,0.));
#5420 = CARTESIAN_POINT('',(-20.72109676185,-18.53801685188,0.));
#5421 = CARTESIAN_POINT('',(-20.55244073541,-18.48277930748,0.));
#5422 = CARTESIAN_POINT('',(-20.39074412461,-18.42696084833,0.));
#5423 = CARTESIAN_POINT('',(-20.23598124904,-18.37076823518,0.));
#5424 = CARTESIAN_POINT('',(-20.08812162298,-18.31440724062,0.));
#5425 = CARTESIAN_POINT('',(-19.94712998005,-18.25808254933,0.));
#5426 = CARTESIAN_POINT('',(-19.81296629972,-18.20199765906,0.));
#5427 = CARTESIAN_POINT('',(-19.68558584002,-18.14635477771,0.));
#5428 = CARTESIAN_POINT('',(-19.56493915634,-18.09135473775,0.));
#5429 = CARTESIAN_POINT('',(-19.45097217762,-18.03719685278,0.));
#5430 = CARTESIAN_POINT('',(-19.3436260923,-17.98407897811,0.));
#5431 = CARTESIAN_POINT('',(-19.2428378996,-17.93219686957,0.));
#5432 = CARTESIAN_POINT('',(-19.14853868199,-17.88174595877,0.));
#5433 = CARTESIAN_POINT('',(-19.08808461297,-17.84815387841,0.));
#5434 = CARTESIAN_POINT('',(-19.0589252843,-17.83163949296,0.));
#5435 = SURFACE_OF_LINEAR_EXTRUSION('',#5436,#5459);
#5436 = B_SPLINE_CURVE_WITH_KNOTS('',3,(#5437,#5438,#5439,#5440,#5441,
    #5442,#5443,#5444,#5445,#5446,#5447,#5448,#5449,#5450,#5451,#5452,
    #5453,#5454,#5455,#5456,#5457,#5458),.UNSPECIFIED.,.F.,.F.,(4,1,1,1,
    1,1,1,1,1,1,1,1,1,1,1,1,1,1,1,4),(0.,0.215930110637,0.425449164594,
    0.62855716187,0.825254102467,1.015539986384,1.199414813622,
    1.376878584181,1.547931298062,1.712572955265,1.870803555792,
    2.022623099642,2.168031586817,2.307029017318,2.439615391146,
    2.565790708302,2.685554968787,2.798908172604,2.905850319754,
    3.00638141024),.UNSPECIFIED.);
#5437 = CARTESIAN_POINT('',(-21.87804190078,-18.84454583129,0.));
#5438 = CARTESIAN_POINT('',(-21.8076965643,-18.82930687018,0.));
#5439 = CARTESIAN_POINT('',(-21.66932746713,-18.79819816689,0.));
#5440 = CARTESIAN_POINT('',(-21.46565922319,-18.74899371868,0.));
#5441 = CARTESIAN_POINT('',(-21.26900554733,-18.69816372827,0.));
#5442 = CARTESIAN_POINT('',(-21.07936561532,-18.64591782241,0.));
#5443 = CARTESIAN_POINT('',(-20.8967330523,-18.59246583717,0.));
#5444 = CARTESIAN_POINT('',(-20.72109676185,-18.53801685188,0.));
#5445 = CARTESIAN_POINT('',(-20.55244073541,-18.48277930748,0.));
#5446 = CARTESIAN_POINT('',(-20.39074412461,-18.42696084833,0.));
#5447 = CARTESIAN_POINT('',(-20.23598124904,-18.37076823518,0.));
#5448 = CARTESIAN_POINT('',(-20.08812162298,-18.31440724062,0.));
#5449 = CARTESIAN_POINT('',(-19.94712998005,-18.25808254933,0.));
#5450 = CARTESIAN_POINT('',(-19.81296629972,-18.20199765906,0.));
#5451 = CARTESIAN_POINT('',(-19.68558584002,-18.14635477771,0.));
#5452 = CARTESIAN_POINT('',(-19.56493915634,-18.09135473775,0.));
#5453 = CARTESIAN_POINT('',(-19.45097217762,-18.03719685278,0.));
#5454 = CARTESIAN_POINT('',(-19.3436260923,-17.98407897811,0.));
#5455 = CARTESIAN_POINT('',(-19.2428378996,-17.93219686957,0.));
#5456 = CARTESIAN_POINT('',(-19.14853868199,-17.88174595877,0.));
#5457 = CARTESIAN_POINT('',(-19.08808461297,-17.84815387841,0.));
#5458 = CARTESIAN_POINT('',(-19.0589252843,-17.83163949296,0.));
#5459 = VECTOR('',#5460,1.);
#5460 = DIRECTION('',(-0.,-0.,-1.));
#5461 = ADVANCED_FACE('',(#5462),#5485,.T.);
#5462 = FACE_BOUND('',#5463,.T.);
#5463 = EDGE_LOOP('',(#5464,#5465,#5472,#5480));
#5464 = ORIENTED_EDGE('',*,*,#5403,.T.);
#5465 = ORIENTED_EDGE('',*,*,#5466,.T.);
#5466 = EDGE_CURVE('',#5377,#5467,#5469,.T.);
#5467 = VERTEX_POINT('',#5468);
#5468 = CARTESIAN_POINT('',(-17.83163949296,-19.0589252843,10.));
#5469 = B_SPLINE_CURVE_WITH_KNOTS('',1,(#5470,#5471),.UNSPECIFIED.,.F.,
  .F.,(2,2),(0.,1.735644211017),.PIECEWISE_BEZIER_KNOTS.);
#5470 = CARTESIAN_POINT('',(-19.0589252843,-17.83163949296,10.));
#5471 = CARTESIAN_POINT('',(-17.83163949296,-19.0589252843,10.));
#5472 = ORIENTED_EDGE('',*,*,#5473,.F.);
#5473 = EDGE_CURVE('',#5474,#5467,#5476,.T.);
#5474 = VERTEX_POINT('',#5475);
#5475 = CARTESIAN_POINT('',(-17.83163949296,-19.0589252843,0.));
#5476 = LINE('',#5477,#5478);
#5477 = CARTESIAN_POINT('',(-17.83163949296,-19.0589252843,0.));
#5478 = VECTOR('',#5479,1.);
#5479 = DIRECTION('',(0.,0.,1.));
#5480 = ORIENTED_EDGE('',*,*,#5481,.F.);
#5481 = EDGE_CURVE('',#5404,#5474,#5482,.T.);
#5482 = B_SPLINE_CURVE_WITH_KNOTS('',1,(#5483,#5484),.UNSPECIFIED.,.F.,
  .F.,(2,2),(0.,1.735644211017),.PIECEWISE_BEZIER_KNOTS.);
#5483 = CARTESIAN_POINT('',(-19.0589252843,-17.83163949296,0.));
#5484 = CARTESIAN_POINT('',(-17.83163949296,-19.0589252843,0.));
#5485 = SURFACE_OF_LINEAR_EXTRUSION('',#5486,#5489);
#5486 = B_SPLINE_CURVE_WITH_KNOTS('',1,(#5487,#5488),.UNSPECIFIED.,.F.,
  .F.,(2,2),(0.,1.735644211017),.PIECEWISE_BEZIER_KNOTS.);
#5487 = CARTESIAN_POINT('',(-19.0589252843,-17.83163949296,0.));
#5488 = CARTESIAN_POINT('',(-17.83163949296,-19.0589252843,0.));
#5489 = VECTOR('',#5490,1.);
#5490 = DIRECTION('',(-0.,-0.,-1.));
#5491 = ADVANCED_FACE('',(#5492),#5555,.T.);
#5492 = FACE_BOUND('',#5493,.T.);
#5493 = EDGE_LOOP('',(#5494,#5495,#5522,#5530));
#5494 = ORIENTED_EDGE('',*,*,#5473,.T.);
#5495 = ORIENTED_EDGE('',*,*,#5496,.T.);
#5496 = EDGE_CURVE('',#5467,#5497,#5499,.T.);
#5497 = VERTEX_POINT('',#5498);
#5498 = CARTESIAN_POINT('',(-18.84454583129,-21.87804190078,10.));
#5499 = B_SPLINE_CURVE_WITH_KNOTS('',3,(#5500,#5501,#5502,#5503,#5504,
    #5505,#5506,#5507,#5508,#5509,#5510,#5511,#5512,#5513,#5514,#5515,
    #5516,#5517,#5518,#5519,#5520,#5521),.UNSPECIFIED.,.F.,.F.,(4,1,1,1,
    1,1,1,1,1,1,1,1,1,1,1,1,1,1,1,4),(0.,0.100531090486,0.207473237636,
    0.320826441453,0.440590701938,0.566766019094,0.699352392922,
    0.838349823423,0.983758310598,1.135577854448,1.293808454975,
    1.458450112178,1.629502826059,1.806966596619,1.990841423856,
    2.181127307773,2.37782424837,2.580932245646,2.790451299603,
    3.00638141024),.UNSPECIFIED.);
#5500 = CARTESIAN_POINT('',(-17.83163949296,-19.0589252843,10.));
#5501 = CARTESIAN_POINT('',(-17.84815387841,-19.08808461297,10.));
#5502 = CARTESIAN_POINT('',(-17.88174595877,-19.14853868199,10.));
#5503 = CARTESIAN_POINT('',(-17.93219686957,-19.2428378996,10.));
#5504 = CARTESIAN_POINT('',(-17.98407897811,-19.3436260923,10.));
#5505 = CARTESIAN_POINT('',(-18.03719685278,-19.45097217762,10.));
#5506 = CARTESIAN_POINT('',(-18.09135473775,-19.56493915634,10.));
#5507 = CARTESIAN_POINT('',(-18.14635477771,-19.68558584002,10.));
#5508 = CARTESIAN_POINT('',(-18.20199765906,-19.81296629972,10.));
#5509 = CARTESIAN_POINT('',(-18.25808254933,-19.94712998005,10.));
#5510 = CARTESIAN_POINT('',(-18.31440724062,-20.08812162298,10.));
#5511 = CARTESIAN_POINT('',(-18.37076823518,-20.23598124904,10.));
#5512 = CARTESIAN_POINT('',(-18.42696084833,-20.39074412461,10.));
#5513 = CARTESIAN_POINT('',(-18.48277930748,-20.55244073541,10.));
#5514 = CARTESIAN_POINT('',(-18.53801685188,-20.72109676185,10.));
#5515 = CARTESIAN_POINT('',(-18.59246583717,-20.8967330523,10.));
#5516 = CARTESIAN_POINT('',(-18.64591782241,-21.07936561532,10.));
#5517 = CARTESIAN_POINT('',(-18.69816372827,-21.26900554733,10.));
#5518 = CARTESIAN_POINT('',(-18.74899371868,-21.46565922319,10.));
#5519 = CARTESIAN_POINT('',(-18.79819816689,-21.66932746713,10.));
#5520 = CARTESIAN_POINT('',(-18.82930687018,-21.8076965643,10.));
#5521 = CARTESIAN_POINT('',(-18.84454583129,-21.87804190078,10.));
#5522 = ORIENTED_EDGE('',*,*,#5523,.F.);
#5523 = EDGE_CURVE('',#5524,#5497,#5526,.T.);
#5524 = VERTEX_POINT('',#5525);
#5525 = CARTESIAN_POINT('',(-18.84454583129,-21.87804190078,0.));
#5526 = LINE('',#5527,#5528);
#5527 = CARTESIAN_POINT('',(-18.84454583129,-21.87804190078,0.));
#5528 = VECTOR('',#5529,1.);
#5529 = DIRECTION('',(0.,0.,1.));
#5530 = ORIENTED_EDGE('',*,*,#5531,.F.);
#5531 = EDGE_CURVE('',#5474,#5524,#5532,.T.);
#5532 = B_SPLINE_CURVE_WITH_KNOTS('',3,(#5533,#5534,#5535,#5536,#5537,
    #5538,#5539,#5540,#5541,#5542,#5543,#5544,#5545,#5546,#5547,#5548,
    #5549,#5550,#5551,#5552,#5553,#5554),.UNSPECIFIED.,.F.,.F.,(4,1,1,1,
    1,1,1,1,1,1,1,1,1,1,1,1,1,1,1,4),(0.,0.100531090486,0.207473237636,
    0.320826441453,0.440590701938,0.566766019094,0.699352392922,
    0.838349823423,0.983758310598,1.135577854448,1.293808454975,
    1.458450112178,1.629502826059,1.806966596619,1.990841423856,
    2.181127307773,2.37782424837,2.580932245646,2.790451299603,
    3.00638141024),.UNSPECIFIED.);
#5533 = CARTESIAN_POINT('',(-17.83163949296,-19.0589252843,0.));
#5534 = CARTESIAN_POINT('',(-17.84815387841,-19.08808461297,0.));
#5535 = CARTESIAN_POINT('',(-17.88174595877,-19.14853868199,0.));
#5536 = CARTESIAN_POINT('',(-17.93219686957,-19.2428378996,0.));
#5537 = CARTESIAN_POINT('',(-17.98407897811,-19.3436260923,0.));
#5538 = CARTESIAN_POINT('',(-18.03719685278,-19.45097217762,0.));
#5539 = CARTESIAN_POINT('',(-18.09135473775,-19.56493915634,0.));
#5540 = CARTESIAN_POINT('',(-18.14635477771,-19.68558584002,0.));
#5541 = CARTESIAN_POINT('',(-18.20199765906,-19.81296629972,0.));
#5542 = CARTESIAN_POINT('',(-18.25808254933,-19.94712998005,0.));
#5543 = CARTESIAN_POINT('',(-18.31440724062,-20.08812162298,0.));
#5544 = CARTESIAN_POINT('',(-18.37076823518,-20.23598124904,0.));
#5545 = CARTESIAN_POINT('',(-18.42696084833,-20.39074412461,0.));
#5546 = CARTESIAN_POINT('',(-18.48277930748,-20.55244073541,0.));
#5547 = CARTESIAN_POINT('',(-18.53801685188,-20.72109676185,0.));
#5548 = CARTESIAN_POINT('',(-18.59246583717,-20.8967330523,0.));
#5549 = CARTESIAN_POINT('',(-18.64591782241,-21.07936561532,0.));
#5550 = CARTESIAN_POINT('',(-18.69816372827,-21.26900554733,0.));
#5551 = CARTESIAN_POINT('',(-18.74899371868,-21.46565922319,0.));
#5552 = CARTESIAN_POINT('',(-18.79819816689,-21.66932746713,0.));
#5553 = CARTESIAN_POINT('',(-18.82930687018,-21.8076965643,0.));
#5554 = CARTESIAN_POINT('',(-18.84454583129,-21.87804190078,0.));
#5555 = SURFACE_OF_LINEAR_EXTRUSION('',#5556,#5579);
#5556 = B_SPLINE_CURVE_WITH_KNOTS('',3,(#5557,#5558,#5559,#5560,#5561,
    #5562,#5563,#5564,#5565,#5566,#5567,#5568,#5569,#5570,#5571,#5572,
    #5573,#5574,#5575,#5576,#5577,#5578),.UNSPECIFIED.,.F.,.F.,(4,1,1,1,
    1,1,1,1,1,1,1,1,1,1,1,1,1,1,1,4),(0.,0.100531090486,0.207473237636,
    0.320826441453,0.440590701938,0.566766019094,0.699352392922,
    0.838349823423,0.983758310598,1.135577854448,1.293808454975,
    1.458450112178,1.629502826059,1.806966596619,1.990841423856,
    2.181127307773,2.37782424837,2.580932245646,2.790451299603,
    3.00638141024),.UNSPECIFIED.);
#5557 = CARTESIAN_POINT('',(-17.83163949296,-19.0589252843,0.));
#5558 = CARTESIAN_POINT('',(-17.84815387841,-19.08808461297,0.));
#5559 = CARTESIAN_POINT('',(-17.88174595877,-19.14853868199,0.));
#5560 = CARTESIAN_POINT('',(-17.93219686957,-19.2428378996,0.));
#5561 = CARTESIAN_POINT('',(-17.98407897811,-19.3436260923,0.));
#5562 = CARTESIAN_POINT('',(-18.03719685278,-19.45097217762,0.));
#5563 = CARTESIAN_POINT('',(-18.09135473775,-19.56493915634,0.));
#5564 = CARTESIAN_POINT('',(-18.14635477771,-19.68558584002,0.));
#5565 = CARTESIAN_POINT('',(-18.20199765906,-19.81296629972,0.));
#5566 = CARTESIAN_POINT('',(-18.25808254933,-19.94712998005,0.));
#5567 = CARTESIAN_POINT('',(-18.31440724062,-20.08812162298,0.));
#5568 = CARTESIAN_POINT('',(-18.37076823518,-20.23598124904,0.));
#5569 = CARTESIAN_POINT('',(-18.42696084833,-20.39074412461,0.));
#5570 = CARTESIAN_POINT('',(-18.48277930748,-20.55244073541,0.));
#5571 = CARTESIAN_POINT('',(-18.53801685188,-20.72109676185,0.));
#5572 = CARTESIAN_POINT('',(-18.59246583717,-20.8967330523,0.));
#5573 = CARTESIAN_POINT('',(-18.64591782241,-21.07936561532,0.));
#5574 = CARTESIAN_POINT('',(-18.69816372827,-21.26900554733,0.));
#5575 = CARTESIAN_POINT('',(-18.74899371868,-21.46565922319,0.));
#5576 = CARTESIAN_POINT('',(-18.79819816689,-21.66932746713,0.));
#5577 = CARTESIAN_POINT('',(-18.82930687018,-21.8076965643,0.));
#5578 = CARTESIAN_POINT('',(-18.84454583129,-21.87804190078,0.));
#5579 = VECTOR('',#5580,1.);
#5580 = DIRECTION('',(-0.,-0.,-1.));
#5581 = ADVANCED_FACE('',(#5582),#5605,.T.);
#5582 = FACE_BOUND('',#5583,.T.);
#5583 = EDGE_LOOP('',(#5584,#5585,#5592,#5600));
#5584 = ORIENTED_EDGE('',*,*,#5523,.T.);
#5585 = ORIENTED_EDGE('',*,*,#5586,.T.);
#5586 = EDGE_CURVE('',#5497,#5587,#5589,.T.);
#5587 = VERTEX_POINT('',#5588);
#5588 = CARTESIAN_POINT('',(-18.27334424205,-22.35733694364,10.));
#5589 = B_SPLINE_CURVE_WITH_KNOTS('',1,(#5590,#5591),.UNSPECIFIED.,.F.,
  .F.,(2,2),(0.,0.745650718271),.PIECEWISE_BEZIER_KNOTS.);
#5590 = CARTESIAN_POINT('',(-18.84454583129,-21.87804190078,10.));
#5591 = CARTESIAN_POINT('',(-18.27334424205,-22.35733694364,10.));
#5592 = ORIENTED_EDGE('',*,*,#5593,.F.);
#5593 = EDGE_CURVE('',#5594,#5587,#5596,.T.);
#5594 = VERTEX_POINT('',#5595);
#5595 = CARTESIAN_POINT('',(-18.27334424205,-22.35733694364,0.));
#5596 = LINE('',#5597,#5598);
#5597 = CARTESIAN_POINT('',(-18.27334424205,-22.35733694364,0.));
#5598 = VECTOR('',#5599,1.);
#5599 = DIRECTION('',(0.,0.,1.));
#5600 = ORIENTED_EDGE('',*,*,#5601,.F.);
#5601 = EDGE_CURVE('',#5524,#5594,#5602,.T.);
#5602 = B_SPLINE_CURVE_WITH_KNOTS('',1,(#5603,#5604),.UNSPECIFIED.,.F.,
  .F.,(2,2),(0.,0.745650718271),.PIECEWISE_BEZIER_KNOTS.);
#5603 = CARTESIAN_POINT('',(-18.84454583129,-21.87804190078,0.));
#5604 = CARTESIAN_POINT('',(-18.27334424205,-22.35733694364,0.));
#5605 = SURFACE_OF_LINEAR_EXTRUSION('',#5606,#5609);
#5606 = B_SPLINE_CURVE_WITH_KNOTS('',1,(#5607,#5608),.UNSPECIFIED.,.F.,
  .F.,(2,2),(0.,0.745650718271),.PIECEWISE_BEZIER_KNOTS.);
#5607 = CARTESIAN_POINT('',(-18.84454583129,-21.87804190078,0.));
#5608 = CARTESIAN_POINT('',(-18.27334424205,-22.35733694364,0.));
#5609 = VECTOR('',#5610,1.);
#5610 = DIRECTION('',(-0.,-0.,-1.));
#5611 = ADVANCED_FACE('',(#5612),#5675,.T.);
#5612 = FACE_BOUND('',#5613,.T.);
#5613 = EDGE_LOOP('',(#5614,#5615,#5642,#5650));
#5614 = ORIENTED_EDGE('',*,*,#5593,.T.);
#5615 = ORIENTED_EDGE('',*,*,#5616,.T.);
#5616 = EDGE_CURVE('',#5587,#5617,#5619,.T.);
#5617 = VERTEX_POINT('',#5618);
#5618 = CARTESIAN_POINT('',(-15.67294568129,-20.8702844655,10.));
#5619 = B_SPLINE_CURVE_WITH_KNOTS('',3,(#5620,#5621,#5622,#5623,#5624,
    #5625,#5626,#5627,#5628,#5629,#5630,#5631,#5632,#5633,#5634,#5635,
    #5636,#5637,#5638,#5639,#5640,#5641),.UNSPECIFIED.,.F.,.F.,(4,1,1,1,
    1,1,1,1,1,1,1,1,1,1,1,1,1,1,1,4),(0.,0.215930110637,0.425449164594,
    0.62855716187,0.825254102467,1.015539986384,1.199414813622,
    1.376878584181,1.547931298062,1.712572955265,1.870803555792,
    2.022623099642,2.168031586817,2.307029017318,2.439615391146,
    2.565790708302,2.685554968787,2.798908172604,2.905850319754,
    3.00638141024),.UNSPECIFIED.);
#5620 = CARTESIAN_POINT('',(-18.27334424205,-22.35733694364,10.));
#5621 = CARTESIAN_POINT('',(-18.20671382712,-22.3301141571,10.));
#5622 = CARTESIAN_POINT('',(-18.07584883708,-22.27545052335,10.));
#5623 = CARTESIAN_POINT('',(-17.88381903417,-22.19162698186,10.));
#5624 = CARTESIAN_POINT('',(-17.69897950474,-22.10742066077,10.));
#5625 = CARTESIAN_POINT('',(-17.52129303576,-22.02303785902,10.));
#5626 = CARTESIAN_POINT('',(-17.35071691157,-21.93868411778,10.));
#5627 = CARTESIAN_POINT('',(-17.1872038981,-21.85456341316,10.));
#5628 = CARTESIAN_POINT('',(-17.0307020346,-21.77087823953,10.));
#5629 = CARTESIAN_POINT('',(-16.88115473235,-21.6878294664,10.));
#5630 = CARTESIAN_POINT('',(-16.73850079748,-21.605616254,10.));
#5631 = CARTESIAN_POINT('',(-16.60267447537,-21.52443595497,10.));
#5632 = CARTESIAN_POINT('',(-16.47360549231,-21.44448402044,10.));
#5633 = CARTESIAN_POINT('',(-16.35121909874,-21.36595390708,10.));
#5634 = CARTESIAN_POINT('',(-16.23543611939,-21.28903698142,10.));
#5635 = CARTESIAN_POINT('',(-16.12617298664,-21.2139224389,10.));
#5636 = CARTESIAN_POINT('',(-16.02334184044,-21.14079717572,10.));
#5637 = CARTESIAN_POINT('',(-15.9268504055,-21.06984582883,10.));
#5638 = CARTESIAN_POINT('',(-15.83660264552,-21.0012502401,10.));
#5639 = CARTESIAN_POINT('',(-15.75249675364,-20.93519090471,10.));
#5640 = CARTESIAN_POINT('',(-15.6987943213,-20.89161142461,10.));
#5641 = CARTESIAN_POINT('',(-15.67294568129,-20.8702844655,10.));
#5642 = ORIENTED_EDGE('',*,*,#5643,.F.);
#5643 = EDGE_CURVE('',#5644,#5617,#5646,.T.);
#5644 = VERTEX_POINT('',#5645);
#5645 = CARTESIAN_POINT('',(-15.67294568129,-20.8702844655,0.));
#5646 = LINE('',#5647,#5648);
#5647 = CARTESIAN_POINT('',(-15.67294568129,-20.8702844655,0.));
#5648 = VECTOR('',#5649,1.);
#5649 = DIRECTION('',(0.,0.,1.));
#5650 = ORIENTED_EDGE('',*,*,#5651,.F.);
#5651 = EDGE_CURVE('',#5594,#5644,#5652,.T.);
#5652 = B_SPLINE_CURVE_WITH_KNOTS('',3,(#5653,#5654,#5655,#5656,#5657,
    #5658,#5659,#5660,#5661,#5662,#5663,#5664,#5665,#5666,#5667,#5668,
    #5669,#5670,#5671,#5672,#5673,#5674),.UNSPECIFIED.,.F.,.F.,(4,1,1,1,
    1,1,1,1,1,1,1,1,1,1,1,1,1,1,1,4),(0.,0.215930110637,0.425449164594,
    0.62855716187,0.825254102467,1.015539986384,1.199414813622,
    1.376878584181,1.547931298062,1.712572955265,1.870803555792,
    2.022623099642,2.168031586817,2.307029017318,2.439615391146,
    2.565790708302,2.685554968787,2.798908172604,2.905850319754,
    3.00638141024),.UNSPECIFIED.);
#5653 = CARTESIAN_POINT('',(-18.27334424205,-22.35733694364,0.));
#5654 = CARTESIAN_POINT('',(-18.20671382712,-22.3301141571,0.));
#5655 = CARTESIAN_POINT('',(-18.07584883708,-22.27545052335,0.));
#5656 = CARTESIAN_POINT('',(-17.88381903417,-22.19162698186,0.));
#5657 = CARTESIAN_POINT('',(-17.69897950474,-22.10742066077,0.));
#5658 = CARTESIAN_POINT('',(-17.52129303576,-22.02303785902,0.));
#5659 = CARTESIAN_POINT('',(-17.35071691157,-21.93868411778,0.));
#5660 = CARTESIAN_POINT('',(-17.1872038981,-21.85456341316,0.));
#5661 = CARTESIAN_POINT('',(-17.0307020346,-21.77087823953,0.));
#5662 = CARTESIAN_POINT('',(-16.88115473235,-21.6878294664,0.));
#5663 = CARTESIAN_POINT('',(-16.73850079748,-21.605616254,0.));
#5664 = CARTESIAN_POINT('',(-16.60267447537,-21.52443595497,0.));
#5665 = CARTESIAN_POINT('',(-16.47360549231,-21.44448402044,0.));
#5666 = CARTESIAN_POINT('',(-16.35121909874,-21.36595390708,0.));
#5667 = CARTESIAN_POINT('',(-16.23543611939,-21.28903698142,0.));
#5668 = CARTESIAN_POINT('',(-16.12617298664,-21.2139224389,0.));
#5669 = CARTESIAN_POINT('',(-16.02334184044,-21.14079717572,0.));
#5670 = CARTESIAN_POINT('',(-15.9268504055,-21.06984582883,0.));
#5671 = CARTESIAN_POINT('',(-15.83660264552,-21.0012502401,0.));
#5672 = CARTESIAN_POINT('',(-15.75249675364,-20.93519090471,0.));
#5673 = CARTESIAN_POINT('',(-15.6987943213,-20.89161142461,0.));
#5674 = CARTESIAN_POINT('',(-15.67294568129,-20.8702844655,0.));
#5675 = SURFACE_OF_LINEAR_EXTRUSION('',#5676,#5699);
#5676 = B_SPLINE_CURVE_WITH_KNOTS('',3,(#5677,#5678,#5679,#5680,#5681,
    #5682,#5683,#5684,#5685,#5686,#5687,#5688,#5689,#5690,#5691,#5692,
    #5693,#5694,#5695,#5696,#5697,#5698),.UNSPECIFIED.,.F.,.F.,(4,1,1,1,
    1,1,1,1,1,1,1,1,1,1,1,1,1,1,1,4),(0.,0.215930110637,0.425449164594,
    0.62855716187,0.825254102467,1.015539986384,1.199414813622,
    1.376878584181,1.547931298062,1.712572955265,1.870803555792,
    2.022623099642,2.168031586817,2.307029017318,2.439615391146,
    2.565790708302,2.685554968787,2.798908172604,2.905850319754,
    3.00638141024),.UNSPECIFIED.);
#5677 = CARTESIAN_POINT('',(-18.27334424205,-22.35733694364,0.));
#5678 = CARTESIAN_POINT('',(-18.20671382712,-22.3301141571,0.));
#5679 = CARTESIAN_POINT('',(-18.07584883708,-22.27545052335,0.));
#5680 = CARTESIAN_POINT('',(-17.88381903417,-22.19162698186,0.));
#5681 = CARTESIAN_POINT('',(-17.69897950474,-22.10742066077,0.));
#5682 = CARTESIAN_POINT('',(-17.52129303576,-22.02303785902,0.));
#5683 = CARTESIAN_POINT('',(-17.35071691157,-21.93868411778,0.));
#5684 = CARTESIAN_POINT('',(-17.1872038981,-21.85456341316,0.));
#5685 = CARTESIAN_POINT('',(-17.0307020346,-21.77087823953,0.));
#5686 = CARTESIAN_POINT('',(-16.88115473235,-21.6878294664,0.));
#5687 = CARTESIAN_POINT('',(-16.73850079748,-21.605616254,0.));
#5688 = CARTESIAN_POINT('',(-16.60267447537,-21.52443595497,0.));
#5689 = CARTESIAN_POINT('',(-16.47360549231,-21.44448402044,0.));
#5690 = CARTESIAN_POINT('',(-16.35121909874,-21.36595390708,0.));
#5691 = CARTESIAN_POINT('',(-16.23543611939,-21.28903698142,0.));
#5692 = CARTESIAN_POINT('',(-16.12617298664,-21.2139224389,0.));
#5693 = CARTESIAN_POINT('',(-16.02334184044,-21.14079717572,0.));
#5694 = CARTESIAN_POINT('',(-15.9268504055,-21.06984582883,0.));
#5695 = CARTESIAN_POINT('',(-15.83660264552,-21.0012502401,0.));
#5696 = CARTESIAN_POINT('',(-15.75249675364,-20.93519090471,0.));
#5697 = CARTESIAN_POINT('',(-15.6987943213,-20.89161142461,0.));
#5698 = CARTESIAN_POINT('',(-15.67294568129,-20.8702844655,0.));
#5699 = VECTOR('',#5700,1.);
#5700 = DIRECTION('',(-0.,-0.,-1.));
#5701 = ADVANCED_FACE('',(#5702),#5725,.T.);
#5702 = FACE_BOUND('',#5703,.T.);
#5703 = EDGE_LOOP('',(#5704,#5705,#5712,#5720));
#5704 = ORIENTED_EDGE('',*,*,#5643,.T.);
#5705 = ORIENTED_EDGE('',*,*,#5706,.T.);
#5706 = EDGE_CURVE('',#5617,#5707,#5709,.T.);
#5707 = VERTEX_POINT('',#5708);
#5708 = CARTESIAN_POINT('',(-14.25118917768,-21.86580908683,10.));
#5709 = B_SPLINE_CURVE_WITH_KNOTS('',1,(#5710,#5711),.UNSPECIFIED.,.F.,
  .F.,(2,2),(0.,1.735644211017),.PIECEWISE_BEZIER_KNOTS.);
#5710 = CARTESIAN_POINT('',(-15.67294568129,-20.8702844655,10.));
#5711 = CARTESIAN_POINT('',(-14.25118917768,-21.86580908683,10.));
#5712 = ORIENTED_EDGE('',*,*,#5713,.F.);
#5713 = EDGE_CURVE('',#5714,#5707,#5716,.T.);
#5714 = VERTEX_POINT('',#5715);
#5715 = CARTESIAN_POINT('',(-14.25118917768,-21.86580908683,0.));
#5716 = LINE('',#5717,#5718);
#5717 = CARTESIAN_POINT('',(-14.25118917768,-21.86580908683,0.));
#5718 = VECTOR('',#5719,1.);
#5719 = DIRECTION('',(0.,0.,1.));
#5720 = ORIENTED_EDGE('',*,*,#5721,.F.);
#5721 = EDGE_CURVE('',#5644,#5714,#5722,.T.);
#5722 = B_SPLINE_CURVE_WITH_KNOTS('',1,(#5723,#5724),.UNSPECIFIED.,.F.,
  .F.,(2,2),(0.,1.735644211017),.PIECEWISE_BEZIER_KNOTS.);
#5723 = CARTESIAN_POINT('',(-15.67294568129,-20.8702844655,0.));
#5724 = CARTESIAN_POINT('',(-14.25118917768,-21.86580908683,0.));
#5725 = SURFACE_OF_LINEAR_EXTRUSION('',#5726,#5729);
#5726 = B_SPLINE_CURVE_WITH_KNOTS('',1,(#5727,#5728),.UNSPECIFIED.,.F.,
  .F.,(2,2),(0.,1.735644211017),.PIECEWISE_BEZIER_KNOTS.);
#5727 = CARTESIAN_POINT('',(-15.67294568129,-20.8702844655,0.));
#5728 = CARTESIAN_POINT('',(-14.25118917768,-21.86580908683,0.));
#5729 = VECTOR('',#5730,1.);
#5730 = DIRECTION('',(-0.,-0.,-1.));
#5731 = ADVANCED_FACE('',(#5732),#5795,.T.);
#5732 = FACE_BOUND('',#5733,.T.);
#5733 = EDGE_LOOP('',(#5734,#5735,#5762,#5770));
#5734 = ORIENTED_EDGE('',*,*,#5713,.T.);
#5735 = ORIENTED_EDGE('',*,*,#5736,.T.);
#5736 = EDGE_CURVE('',#5707,#5737,#5739,.T.);
#5737 = VERTEX_POINT('',#5738);
#5738 = CARTESIAN_POINT('',(-14.75917272965,-24.81798632718,10.));
#5739 = B_SPLINE_CURVE_WITH_KNOTS('',3,(#5740,#5741,#5742,#5743,#5744,
    #5745,#5746,#5747,#5748,#5749,#5750,#5751,#5752,#5753,#5754,#5755,
    #5756,#5757,#5758,#5759,#5760,#5761),.UNSPECIFIED.,.F.,.F.,(4,1,1,1,
    1,1,1,1,1,1,1,1,1,1,1,1,1,1,1,4),(0.,0.100531090486,0.207473237636,
    0.320826441453,0.440590701938,0.566766019094,0.699352392922,
    0.838349823423,0.983758310598,1.135577854448,1.293808454975,
    1.458450112178,1.629502826059,1.806966596619,1.990841423856,
    2.181127307773,2.37782424837,2.580932245646,2.790451299603,
    3.00638141024),.UNSPECIFIED.);
#5740 = CARTESIAN_POINT('',(-14.25118917768,-21.86580908683,10.));
#5741 = CARTESIAN_POINT('',(-14.26238920822,-21.89739311271,10.));
#5742 = CARTESIAN_POINT('',(-14.28497321048,-21.96276195213,10.));
#5743 = CARTESIAN_POINT('',(-14.31828277129,-22.06438926145,10.));
#5744 = CARTESIAN_POINT('',(-14.35187498803,-22.17265548863,10.));
#5745 = CARTESIAN_POINT('',(-14.38554543073,-22.28759456785,10.));
#5746 = CARTESIAN_POINT('',(-14.41909037757,-22.40923455011,10.));
#5747 = CARTESIAN_POINT('',(-14.45230476657,-22.53759899629,10.));
#5748 = CARTESIAN_POINT('',(-14.48498292283,-22.67270654553,10.));
#5749 = CARTESIAN_POINT('',(-14.51691847899,-22.81457101708,10.));
#5750 = CARTESIAN_POINT('',(-14.5479045298,-22.96320136014,10.));
#5751 = CARTESIAN_POINT('',(-14.5777337196,-23.11860165024,10.));
#5752 = CARTESIAN_POINT('',(-14.60619834938,-23.28077107485,10.));
#5753 = CARTESIAN_POINT('',(-14.6330904789,-23.44970392452,10.));
#5754 = CARTESIAN_POINT('',(-14.65820202925,-23.62538958587,10.));
#5755 = CARTESIAN_POINT('',(-14.68132489033,-23.80781253349,10.));
#5756 = CARTESIAN_POINT('',(-14.70225100806,-23.99695233734,10.));
#5757 = CARTESIAN_POINT('',(-14.72077255261,-24.192783619,10.));
#5758 = CARTESIAN_POINT('',(-14.73668176881,-24.39527621885,10.));
#5759 = CARTESIAN_POINT('',(-14.74977207148,-24.60439454729,10.));
#5760 = CARTESIAN_POINT('',(-14.75638062209,-24.74606347659,10.));
#5761 = CARTESIAN_POINT('',(-14.75917272965,-24.81798632718,10.));
#5762 = ORIENTED_EDGE('',*,*,#5763,.F.);
#5763 = EDGE_CURVE('',#5764,#5737,#5766,.T.);
#5764 = VERTEX_POINT('',#5765);
#5765 = CARTESIAN_POINT('',(-14.75917272965,-24.81798632718,0.));
#5766 = LINE('',#5767,#5768);
#5767 = CARTESIAN_POINT('',(-14.75917272965,-24.81798632718,0.));
#5768 = VECTOR('',#5769,1.);
#5769 = DIRECTION('',(0.,0.,1.));
#5770 = ORIENTED_EDGE('',*,*,#5771,.F.);
#5771 = EDGE_CURVE('',#5714,#5764,#5772,.T.);
#5772 = B_SPLINE_CURVE_WITH_KNOTS('',3,(#5773,#5774,#5775,#5776,#5777,
    #5778,#5779,#5780,#5781,#5782,#5783,#5784,#5785,#5786,#5787,#5788,
    #5789,#5790,#5791,#5792,#5793,#5794),.UNSPECIFIED.,.F.,.F.,(4,1,1,1,
    1,1,1,1,1,1,1,1,1,1,1,1,1,1,1,4),(0.,0.100531090486,0.207473237636,
    0.320826441453,0.440590701938,0.566766019094,0.699352392922,
    0.838349823423,0.983758310598,1.135577854448,1.293808454975,
    1.458450112178,1.629502826059,1.806966596619,1.990841423856,
    2.181127307773,2.37782424837,2.580932245646,2.790451299603,
    3.00638141024),.UNSPECIFIED.);
#5773 = CARTESIAN_POINT('',(-14.25118917768,-21.86580908683,0.));
#5774 = CARTESIAN_POINT('',(-14.26238920822,-21.89739311271,0.));
#5775 = CARTESIAN_POINT('',(-14.28497321048,-21.96276195213,0.));
#5776 = CARTESIAN_POINT('',(-14.31828277129,-22.06438926145,0.));
#5777 = CARTESIAN_POINT('',(-14.35187498803,-22.17265548863,0.));
#5778 = CARTESIAN_POINT('',(-14.38554543073,-22.28759456785,0.));
#5779 = CARTESIAN_POINT('',(-14.41909037757,-22.40923455011,0.));
#5780 = CARTESIAN_POINT('',(-14.45230476657,-22.53759899629,0.));
#5781 = CARTESIAN_POINT('',(-14.48498292283,-22.67270654553,0.));
#5782 = CARTESIAN_POINT('',(-14.51691847899,-22.81457101708,0.));
#5783 = CARTESIAN_POINT('',(-14.5479045298,-22.96320136014,0.));
#5784 = CARTESIAN_POINT('',(-14.5777337196,-23.11860165024,0.));
#5785 = CARTESIAN_POINT('',(-14.60619834938,-23.28077107485,0.));
#5786 = CARTESIAN_POINT('',(-14.6330904789,-23.44970392452,0.));
#5787 = CARTESIAN_POINT('',(-14.65820202925,-23.62538958587,0.));
#5788 = CARTESIAN_POINT('',(-14.68132489033,-23.80781253349,0.));
#5789 = CARTESIAN_POINT('',(-14.70225100806,-23.99695233734,0.));
#5790 = CARTESIAN_POINT('',(-14.72077255261,-24.192783619,0.));
#5791 = CARTESIAN_POINT('',(-14.73668176881,-24.39527621885,0.));
#5792 = CARTESIAN_POINT('',(-14.74977207148,-24.60439454729,0.));
#5793 = CARTESIAN_POINT('',(-14.75638062209,-24.74606347659,0.));
#5794 = CARTESIAN_POINT('',(-14.75917272965,-24.81798632718,0.));
#5795 = SURFACE_OF_LINEAR_EXTRUSION('',#5796,#5819);
#5796 = B_SPLINE_CURVE_WITH_KNOTS('',3,(#5797,#5798,#5799,#5800,#5801,
    #5802,#5803,#5804,#5805,#5806,#5807,#5808,#5809,#5810,#5811,#5812,
    #5813,#5814,#5815,#5816,#5817,#5818),.UNSPECIFIED.,.F.,.F.,(4,1,1,1,
    1,1,1,1,1,1,1,1,1,1,1,1,1,1,1,4),(0.,0.100531090486,0.207473237636,
    0.320826441453,0.440590701938,0.566766019094,0.699352392922,
    0.838349823423,0.983758310598,1.135577854448,1.293808454975,
    1.458450112178,1.629502826059,1.806966596619,1.990841423856,
    2.181127307773,2.37782424837,2.580932245646,2.790451299603,
    3.00638141024),.UNSPECIFIED.);
#5797 = CARTESIAN_POINT('',(-14.25118917768,-21.86580908683,0.));
#5798 = CARTESIAN_POINT('',(-14.26238920822,-21.89739311271,0.));
#5799 = CARTESIAN_POINT('',(-14.28497321048,-21.96276195213,0.));
#5800 = CARTESIAN_POINT('',(-14.31828277129,-22.06438926145,0.));
#5801 = CARTESIAN_POINT('',(-14.35187498803,-22.17265548863,0.));
#5802 = CARTESIAN_POINT('',(-14.38554543073,-22.28759456785,0.));
#5803 = CARTESIAN_POINT('',(-14.41909037757,-22.40923455011,0.));
#5804 = CARTESIAN_POINT('',(-14.45230476657,-22.53759899629,0.));
#5805 = CARTESIAN_POINT('',(-14.48498292283,-22.67270654553,0.));
#5806 = CARTESIAN_POINT('',(-14.51691847899,-22.81457101708,0.));
#5807 = CARTESIAN_POINT('',(-14.5479045298,-22.96320136014,0.));
#5808 = CARTESIAN_POINT('',(-14.5777337196,-23.11860165024,0.));
#5809 = CARTESIAN_POINT('',(-14.60619834938,-23.28077107485,0.));
#5810 = CARTESIAN_POINT('',(-14.6330904789,-23.44970392452,0.));
#5811 = CARTESIAN_POINT('',(-14.65820202925,-23.62538958587,0.));
#5812 = CARTESIAN_POINT('',(-14.68132489033,-23.80781253349,0.));
#5813 = CARTESIAN_POINT('',(-14.70225100806,-23.99695233734,0.));
#5814 = CARTESIAN_POINT('',(-14.72077255261,-24.192783619,0.));
#5815 = CARTESIAN_POINT('',(-14.73668176881,-24.39527621885,0.));
#5816 = CARTESIAN_POINT('',(-14.74977207148,-24.60439454729,0.));
#5817 = CARTESIAN_POINT('',(-14.75638062209,-24.74606347659,0.));
#5818 = CARTESIAN_POINT('',(-14.75917272965,-24.81798632718,0.));
#5819 = VECTOR('',#5820,1.);
#5820 = DIRECTION('',(-0.,-0.,-1.));
#5821 = ADVANCED_FACE('',(#5822),#5845,.T.);
#5822 = FACE_BOUND('',#5823,.T.);
#5823 = EDGE_LOOP('',(#5824,#5825,#5832,#5840));
#5824 = ORIENTED_EDGE('',*,*,#5763,.T.);
#5825 = ORIENTED_EDGE('',*,*,#5826,.T.);
#5826 = EDGE_CURVE('',#5737,#5827,#5829,.T.);
#5827 = VERTEX_POINT('',#5828);
#5828 = CARTESIAN_POINT('',(-14.11342026528,-25.19081168631,10.));
#5829 = B_SPLINE_CURVE_WITH_KNOTS('',1,(#5830,#5831),.UNSPECIFIED.,.F.,
  .F.,(2,2),(0.,0.745650718271),.PIECEWISE_BEZIER_KNOTS.);
#5830 = CARTESIAN_POINT('',(-14.75917272965,-24.81798632718,10.));
#5831 = CARTESIAN_POINT('',(-14.11342026528,-25.19081168631,10.));
#5832 = ORIENTED_EDGE('',*,*,#5833,.F.);
#5833 = EDGE_CURVE('',#5834,#5827,#5836,.T.);
#5834 = VERTEX_POINT('',#5835);
#5835 = CARTESIAN_POINT('',(-14.11342026528,-25.19081168631,0.));
#5836 = LINE('',#5837,#5838);
#5837 = CARTESIAN_POINT('',(-14.11342026528,-25.19081168631,0.));
#5838 = VECTOR('',#5839,1.);
#5839 = DIRECTION('',(0.,0.,1.));
#5840 = ORIENTED_EDGE('',*,*,#5841,.F.);
#5841 = EDGE_CURVE('',#5764,#5834,#5842,.T.);
#5842 = B_SPLINE_CURVE_WITH_KNOTS('',1,(#5843,#5844),.UNSPECIFIED.,.F.,
  .F.,(2,2),(0.,0.745650718271),.PIECEWISE_BEZIER_KNOTS.);
#5843 = CARTESIAN_POINT('',(-14.75917272965,-24.81798632718,0.));
#5844 = CARTESIAN_POINT('',(-14.11342026528,-25.19081168631,0.));
#5845 = SURFACE_OF_LINEAR_EXTRUSION('',#5846,#5849);
#5846 = B_SPLINE_CURVE_WITH_KNOTS('',1,(#5847,#5848),.UNSPECIFIED.,.F.,
  .F.,(2,2),(0.,0.745650718271),.PIECEWISE_BEZIER_KNOTS.);
#5847 = CARTESIAN_POINT('',(-14.75917272965,-24.81798632718,0.));
#5848 = CARTESIAN_POINT('',(-14.11342026528,-25.19081168631,0.));
#5849 = VECTOR('',#5850,1.);
#5850 = DIRECTION('',(-0.,-0.,-1.));
#5851 = ADVANCED_FACE('',(#5852),#5915,.T.);
#5852 = FACE_BOUND('',#5853,.T.);
#5853 = EDGE_LOOP('',(#5854,#5855,#5882,#5890));
#5854 = ORIENTED_EDGE('',*,*,#5833,.T.);
#5855 = ORIENTED_EDGE('',*,*,#5856,.T.);
#5856 = EDGE_CURVE('',#5827,#5857,#5859,.T.);
#5857 = VERTEX_POINT('',#5858);
#5858 = CARTESIAN_POINT('',(-11.81075155465,-23.27479640543,10.));
#5859 = B_SPLINE_CURVE_WITH_KNOTS('',3,(#5860,#5861,#5862,#5863,#5864,
    #5865,#5866,#5867,#5868,#5869,#5870,#5871,#5872,#5873,#5874,#5875,
    #5876,#5877,#5878,#5879,#5880,#5881),.UNSPECIFIED.,.F.,.F.,(4,1,1,1,
    1,1,1,1,1,1,1,1,1,1,1,1,1,1,1,4),(0.,0.215930110637,0.425449164594,
    0.62855716187,0.825254102467,1.015539986384,1.199414813622,
    1.376878584181,1.547931298062,1.712572955265,1.870803555792,
    2.022623099642,2.168031586817,2.307029017318,2.439615391146,
    2.565790708302,2.685554968787,2.798908172604,2.905850319754,
    3.00638141024),.UNSPECIFIED.);
#5860 = CARTESIAN_POINT('',(-14.11342026528,-25.19081168631,10.));
#5861 = CARTESIAN_POINT('',(-14.05252930334,-25.15243222494,10.));
#5862 = CARTESIAN_POINT('',(-13.93314468694,-25.07587458758,10.));
#5863 = CARTESIAN_POINT('',(-13.75858805346,-24.9599788887,10.));
#5864 = CARTESIAN_POINT('',(-13.59117892601,-24.8449548034,10.));
#5865 = CARTESIAN_POINT('',(-13.4308448335,-24.73099903447,10.));
#5866 = CARTESIAN_POINT('',(-13.27750801737,-24.61830658299,10.));
#5867 = CARTESIAN_POINT('',(-13.13108654104,-24.50707012407,10.));
#5868 = CARTESIAN_POINT('',(-12.99149407041,-24.39748005287,10.));
#5869 = CARTESIAN_POINT('',(-12.85863999582,-24.28972436071,10.));
#5870 = CARTESIAN_POINT('',(-12.73242946928,-24.1839885559,10.));
#5871 = CARTESIAN_POINT('',(-12.6127634652,-24.08045557471,10.));
#5872 = CARTESIAN_POINT('',(-12.49953883774,-23.97930569602,10.));
#5873 = CARTESIAN_POINT('',(-12.39264837956,-23.88071645732,10.));
#5874 = CARTESIAN_POINT('',(-12.29198088781,-23.78486256923,10.));
#5875 = CARTESIAN_POINT('',(-12.19742121097,-23.6919158415,10.));
#5876 = CARTESIAN_POINT('',(-12.10885036964,-23.60204507423,10.));
#5877 = CARTESIAN_POINT('',(-12.0261454285,-23.51541607589,10.));
#5878 = CARTESIAN_POINT('',(-11.94918023376,-23.43219124923,10.));
#5879 = CARTESIAN_POINT('',(-11.87782318257,-23.35253066872,10.));
#5880 = CARTESIAN_POINT('',(-11.83250410815,-23.30028792934,10.));
#5881 = CARTESIAN_POINT('',(-11.81075155465,-23.27479640543,10.));
#5882 = ORIENTED_EDGE('',*,*,#5883,.F.);
#5883 = EDGE_CURVE('',#5884,#5857,#5886,.T.);
#5884 = VERTEX_POINT('',#5885);
#5885 = CARTESIAN_POINT('',(-11.81075155465,-23.27479640543,0.));
#5886 = LINE('',#5887,#5888);
#5887 = CARTESIAN_POINT('',(-11.81075155465,-23.27479640543,0.));
#5888 = VECTOR('',#5889,1.);
#5889 = DIRECTION('',(0.,0.,1.));
#5890 = ORIENTED_EDGE('',*,*,#5891,.F.);
#5891 = EDGE_CURVE('',#5834,#5884,#5892,.T.);
#5892 = B_SPLINE_CURVE_WITH_KNOTS('',3,(#5893,#5894,#5895,#5896,#5897,
    #5898,#5899,#5900,#5901,#5902,#5903,#5904,#5905,#5906,#5907,#5908,
    #5909,#5910,#5911,#5912,#5913,#5914),.UNSPECIFIED.,.F.,.F.,(4,1,1,1,
    1,1,1,1,1,1,1,1,1,1,1,1,1,1,1,4),(0.,0.215930110637,0.425449164594,
    0.62855716187,0.825254102467,1.015539986384,1.199414813622,
    1.376878584181,1.547931298062,1.712572955265,1.870803555792,
    2.022623099642,2.168031586817,2.307029017318,2.439615391146,
    2.565790708302,2.685554968787,2.798908172604,2.905850319754,
    3.00638141024),.UNSPECIFIED.);
#5893 = CARTESIAN_POINT('',(-14.11342026528,-25.19081168631,0.));
#5894 = CARTESIAN_POINT('',(-14.05252930334,-25.15243222494,0.));
#5895 = CARTESIAN_POINT('',(-13.93314468694,-25.07587458758,0.));
#5896 = CARTESIAN_POINT('',(-13.75858805346,-24.9599788887,0.));
#5897 = CARTESIAN_POINT('',(-13.59117892601,-24.8449548034,0.));
#5898 = CARTESIAN_POINT('',(-13.4308448335,-24.73099903447,0.));
#5899 = CARTESIAN_POINT('',(-13.27750801737,-24.61830658299,0.));
#5900 = CARTESIAN_POINT('',(-13.13108654104,-24.50707012407,0.));
#5901 = CARTESIAN_POINT('',(-12.99149407041,-24.39748005287,0.));
#5902 = CARTESIAN_POINT('',(-12.85863999582,-24.28972436071,0.));
#5903 = CARTESIAN_POINT('',(-12.73242946928,-24.1839885559,0.));
#5904 = CARTESIAN_POINT('',(-12.6127634652,-24.08045557471,0.));
#5905 = CARTESIAN_POINT('',(-12.49953883774,-23.97930569602,0.));
#5906 = CARTESIAN_POINT('',(-12.39264837956,-23.88071645732,0.));
#5907 = CARTESIAN_POINT('',(-12.29198088781,-23.78486256923,0.));
#5908 = CARTESIAN_POINT('',(-12.19742121097,-23.6919158415,0.));
#5909 = CARTESIAN_POINT('',(-12.10885036964,-23.60204507423,0.));
#5910 = CARTESIAN_POINT('',(-12.0261454285,-23.51541607589,0.));
#5911 = CARTESIAN_POINT('',(-11.94918023376,-23.43219124923,0.));
#5912 = CARTESIAN_POINT('',(-11.87782318257,-23.35253066872,0.));
#5913 = CARTESIAN_POINT('',(-11.83250410815,-23.30028792934,0.));
#5914 = CARTESIAN_POINT('',(-11.81075155465,-23.27479640543,0.));
#5915 = SURFACE_OF_LINEAR_EXTRUSION('',#5916,#5939);
#5916 = B_SPLINE_CURVE_WITH_KNOTS('',3,(#5917,#5918,#5919,#5920,#5921,
    #5922,#5923,#5924,#5925,#5926,#5927,#5928,#5929,#5930,#5931,#5932,
    #5933,#5934,#5935,#5936,#5937,#5938),.UNSPECIFIED.,.F.,.F.,(4,1,1,1,
    1,1,1,1,1,1,1,1,1,1,1,1,1,1,1,4),(0.,0.215930110637,0.425449164594,
    0.62855716187,0.825254102467,1.015539986384,1.199414813622,
    1.376878584181,1.547931298062,1.712572955265,1.870803555792,
    2.022623099642,2.168031586817,2.307029017318,2.439615391146,
    2.565790708302,2.685554968787,2.798908172604,2.905850319754,
    3.00638141024),.UNSPECIFIED.);
#5917 = CARTESIAN_POINT('',(-14.11342026528,-25.19081168631,0.));
#5918 = CARTESIAN_POINT('',(-14.05252930334,-25.15243222494,0.));
#5919 = CARTESIAN_POINT('',(-13.93314468694,-25.07587458758,0.));
#5920 = CARTESIAN_POINT('',(-13.75858805346,-24.9599788887,0.));
#5921 = CARTESIAN_POINT('',(-13.59117892601,-24.8449548034,0.));
#5922 = CARTESIAN_POINT('',(-13.4308448335,-24.73099903447,0.));
#5923 = CARTESIAN_POINT('',(-13.27750801737,-24.61830658299,0.));
#5924 = CARTESIAN_POINT('',(-13.13108654104,-24.50707012407,0.));
#5925 = CARTESIAN_POINT('',(-12.99149407041,-24.39748005287,0.));
#5926 = CARTESIAN_POINT('',(-12.85863999582,-24.28972436071,0.));
#5927 = CARTESIAN_POINT('',(-12.73242946928,-24.1839885559,0.));
#5928 = CARTESIAN_POINT('',(-12.6127634652,-24.08045557471,0.));
#5929 = CARTESIAN_POINT('',(-12.49953883774,-23.97930569602,0.));
#5930 = CARTESIAN_POINT('',(-12.39264837956,-23.88071645732,0.));
#5931 = CARTESIAN_POINT('',(-12.29198088781,-23.78486256923,0.));
#5932 = CARTESIAN_POINT('',(-12.19742121097,-23.6919158415,0.));
#5933 = CARTESIAN_POINT('',(-12.10885036964,-23.60204507423,0.));
#5934 = CARTESIAN_POINT('',(-12.0261454285,-23.51541607589,0.));
#5935 = CARTESIAN_POINT('',(-11.94918023376,-23.43219124923,0.));
#5936 = CARTESIAN_POINT('',(-11.87782318257,-23.35253066872,0.));
#5937 = CARTESIAN_POINT('',(-11.83250410815,-23.30028792934,0.));
#5938 = CARTESIAN_POINT('',(-11.81075155465,-23.27479640543,0.));
#5939 = VECTOR('',#5940,1.);
#5940 = DIRECTION('',(-0.,-0.,-1.));
#5941 = ADVANCED_FACE('',(#5942),#5965,.T.);
#5942 = FACE_BOUND('',#5943,.T.);
#5943 = EDGE_LOOP('',(#5944,#5945,#5952,#5960));
#5944 = ORIENTED_EDGE('',*,*,#5883,.T.);
#5945 = ORIENTED_EDGE('',*,*,#5946,.T.);
#5946 = EDGE_CURVE('',#5857,#5947,#5949,.T.);
#5947 = VERTEX_POINT('',#5948);
#5948 = CARTESIAN_POINT('',(-10.23772369068,-24.00831134489,10.));
#5949 = B_SPLINE_CURVE_WITH_KNOTS('',1,(#5950,#5951),.UNSPECIFIED.,.F.,
  .F.,(2,2),(0.,1.735644211017),.PIECEWISE_BEZIER_KNOTS.);
#5950 = CARTESIAN_POINT('',(-11.81075155465,-23.27479640543,10.));
#5951 = CARTESIAN_POINT('',(-10.23772369068,-24.00831134489,10.));
#5952 = ORIENTED_EDGE('',*,*,#5953,.F.);
#5953 = EDGE_CURVE('',#5954,#5947,#5956,.T.);
#5954 = VERTEX_POINT('',#5955);
#5955 = CARTESIAN_POINT('',(-10.23772369068,-24.00831134489,0.));
#5956 = LINE('',#5957,#5958);
#5957 = CARTESIAN_POINT('',(-10.23772369068,-24.00831134489,0.));
#5958 = VECTOR('',#5959,1.);
#5959 = DIRECTION('',(0.,0.,1.));
#5960 = ORIENTED_EDGE('',*,*,#5961,.F.);
#5961 = EDGE_CURVE('',#5884,#5954,#5962,.T.);
#5962 = B_SPLINE_CURVE_WITH_KNOTS('',1,(#5963,#5964),.UNSPECIFIED.,.F.,
  .F.,(2,2),(0.,1.735644211017),.PIECEWISE_BEZIER_KNOTS.);
#5963 = CARTESIAN_POINT('',(-11.81075155465,-23.27479640543,0.));
#5964 = CARTESIAN_POINT('',(-10.23772369068,-24.00831134489,0.));
#5965 = SURFACE_OF_LINEAR_EXTRUSION('',#5966,#5969);
#5966 = B_SPLINE_CURVE_WITH_KNOTS('',1,(#5967,#5968),.UNSPECIFIED.,.F.,
  .F.,(2,2),(0.,1.735644211017),.PIECEWISE_BEZIER_KNOTS.);
#5967 = CARTESIAN_POINT('',(-11.81075155465,-23.27479640543,0.));
#5968 = CARTESIAN_POINT('',(-10.23772369068,-24.00831134489,0.));
#5969 = VECTOR('',#5970,1.);
#5970 = DIRECTION('',(-0.,-0.,-1.));
#5971 = ADVANCED_FACE('',(#5972),#6035,.T.);
#5972 = FACE_BOUND('',#5973,.T.);
#5973 = EDGE_LOOP('',(#5974,#5975,#6002,#6010));
#5974 = ORIENTED_EDGE('',*,*,#5953,.T.);
#5975 = ORIENTED_EDGE('',*,*,#5976,.T.);
#5976 = EDGE_CURVE('',#5947,#5977,#5979,.T.);
#5977 = VERTEX_POINT('',#5978);
#5978 = CARTESIAN_POINT('',(-10.22534963313,-27.00384879753,10.));
#5979 = B_SPLINE_CURVE_WITH_KNOTS('',3,(#5980,#5981,#5982,#5983,#5984,
    #5985,#5986,#5987,#5988,#5989,#5990,#5991,#5992,#5993,#5994,#5995,
    #5996,#5997,#5998,#5999,#6000,#6001),.UNSPECIFIED.,.F.,.F.,(4,1,1,1,
    1,1,1,1,1,1,1,1,1,1,1,1,1,1,1,4),(0.,0.100531090486,0.207473237636,
    0.320826441453,0.440590701938,0.566766019094,0.699352392922,
    0.838349823423,0.983758310598,1.135577854448,1.293808454975,
    1.458450112178,1.629502826059,1.806966596619,1.990841423856,
    2.181127307773,2.37782424837,2.580932245646,2.790451299603,
    3.00638141024),.UNSPECIFIED.);
#5980 = CARTESIAN_POINT('',(-10.23772369068,-24.00831134489,10.));
#5981 = CARTESIAN_POINT('',(-10.24326905905,-24.04136040334,10.));
#5982 = CARTESIAN_POINT('',(-10.25415877974,-24.10965781404,10.));
#5983 = CARTESIAN_POINT('',(-10.2693148964,-24.21552532071,10.));
#5984 = CARTESIAN_POINT('',(-10.28359653883,-24.32797996785,10.));
#5985 = CARTESIAN_POINT('',(-10.2967964902,-24.4470196752,10.));
#5986 = CARTESIAN_POINT('',(-10.30870925268,-24.5726366917,10.));
#5987 = CARTESIAN_POINT('',(-10.31912878832,-24.70481861163,10.));
#5988 = CARTESIAN_POINT('',(-10.32784931024,-24.8435480759,10.));
#5989 = CARTESIAN_POINT('',(-10.33466518659,-24.98880285849,10.));
#5990 = CARTESIAN_POINT('',(-10.33937110144,-25.14055584392,10.));
#5991 = CARTESIAN_POINT('',(-10.34176214164,-25.29877503888,10.));
#5992 = CARTESIAN_POINT('',(-10.34163390467,-25.46342357663,10.));
#5993 = CARTESIAN_POINT('',(-10.33878260083,-25.63445972601,10.));
#5994 = CARTESIAN_POINT('',(-10.33300515536,-25.81183690236,10.));
#5995 = CARTESIAN_POINT('',(-10.32409931581,-25.99550367818,10.));
#5996 = CARTESIAN_POINT('',(-10.31186373653,-26.18540380563,10.));
#5997 = CARTESIAN_POINT('',(-10.29609815201,-26.38147620255,10.));
#5998 = CARTESIAN_POINT('',(-10.27660320051,-26.58365509121,10.));
#5999 = CARTESIAN_POINT('',(-10.25318161542,-26.79186954956,10.));
#6000 = CARTESIAN_POINT('',(-10.23508921589,-26.93253377227,10.));
#6001 = CARTESIAN_POINT('',(-10.22534963313,-27.00384879753,10.));
#6002 = ORIENTED_EDGE('',*,*,#6003,.F.);
#6003 = EDGE_CURVE('',#6004,#5977,#6006,.T.);
#6004 = VERTEX_POINT('',#6005);
#6005 = CARTESIAN_POINT('',(-10.22534963313,-27.00384879753,0.));
#6006 = LINE('',#6007,#6008);
#6007 = CARTESIAN_POINT('',(-10.22534963313,-27.00384879753,0.));
#6008 = VECTOR('',#6009,1.);
#6009 = DIRECTION('',(0.,0.,1.));
#6010 = ORIENTED_EDGE('',*,*,#6011,.F.);
#6011 = EDGE_CURVE('',#5954,#6004,#6012,.T.);
#6012 = B_SPLINE_CURVE_WITH_KNOTS('',3,(#6013,#6014,#6015,#6016,#6017,
    #6018,#6019,#6020,#6021,#6022,#6023,#6024,#6025,#6026,#6027,#6028,
    #6029,#6030,#6031,#6032,#6033,#6034),.UNSPECIFIED.,.F.,.F.,(4,1,1,1,
    1,1,1,1,1,1,1,1,1,1,1,1,1,1,1,4),(0.,0.100531090486,0.207473237636,
    0.320826441453,0.440590701938,0.566766019094,0.699352392922,
    0.838349823423,0.983758310598,1.135577854448,1.293808454975,
    1.458450112178,1.629502826059,1.806966596619,1.990841423856,
    2.181127307773,2.37782424837,2.580932245646,2.790451299603,
    3.00638141024),.UNSPECIFIED.);
#6013 = CARTESIAN_POINT('',(-10.23772369068,-24.00831134489,0.));
#6014 = CARTESIAN_POINT('',(-10.24326905905,-24.04136040334,0.));
#6015 = CARTESIAN_POINT('',(-10.25415877974,-24.10965781404,0.));
#6016 = CARTESIAN_POINT('',(-10.2693148964,-24.21552532071,0.));
#6017 = CARTESIAN_POINT('',(-10.28359653883,-24.32797996785,0.));
#6018 = CARTESIAN_POINT('',(-10.2967964902,-24.4470196752,0.));
#6019 = CARTESIAN_POINT('',(-10.30870925268,-24.5726366917,0.));
#6020 = CARTESIAN_POINT('',(-10.31912878832,-24.70481861163,0.));
#6021 = CARTESIAN_POINT('',(-10.32784931024,-24.8435480759,0.));
#6022 = CARTESIAN_POINT('',(-10.33466518659,-24.98880285849,0.));
#6023 = CARTESIAN_POINT('',(-10.33937110144,-25.14055584392,0.));
#6024 = CARTESIAN_POINT('',(-10.34176214164,-25.29877503888,0.));
#6025 = CARTESIAN_POINT('',(-10.34163390467,-25.46342357663,0.));
#6026 = CARTESIAN_POINT('',(-10.33878260083,-25.63445972601,0.));
#6027 = CARTESIAN_POINT('',(-10.33300515536,-25.81183690236,0.));
#6028 = CARTESIAN_POINT('',(-10.32409931581,-25.99550367818,0.));
#6029 = CARTESIAN_POINT('',(-10.31186373653,-26.18540380563,0.));
#6030 = CARTESIAN_POINT('',(-10.29609815201,-26.38147620255,0.));
#6031 = CARTESIAN_POINT('',(-10.27660320051,-26.58365509121,0.));
#6032 = CARTESIAN_POINT('',(-10.25318161542,-26.79186954956,0.));
#6033 = CARTESIAN_POINT('',(-10.23508921589,-26.93253377227,0.));
#6034 = CARTESIAN_POINT('',(-10.22534963313,-27.00384879753,0.));
#6035 = SURFACE_OF_LINEAR_EXTRUSION('',#6036,#6059);
#6036 = B_SPLINE_CURVE_WITH_KNOTS('',3,(#6037,#6038,#6039,#6040,#6041,
    #6042,#6043,#6044,#6045,#6046,#6047,#6048,#6049,#6050,#6051,#6052,
    #6053,#6054,#6055,#6056,#6057,#6058),.UNSPECIFIED.,.F.,.F.,(4,1,1,1,
    1,1,1,1,1,1,1,1,1,1,1,1,1,1,1,4),(0.,0.100531090486,0.207473237636,
    0.320826441453,0.440590701938,0.566766019094,0.699352392922,
    0.838349823423,0.983758310598,1.135577854448,1.293808454975,
    1.458450112178,1.629502826059,1.806966596619,1.990841423856,
    2.181127307773,2.37782424837,2.580932245646,2.790451299603,
    3.00638141024),.UNSPECIFIED.);
#6037 = CARTESIAN_POINT('',(-10.23772369068,-24.00831134489,0.));
#6038 = CARTESIAN_POINT('',(-10.24326905905,-24.04136040334,0.));
#6039 = CARTESIAN_POINT('',(-10.25415877974,-24.10965781404,0.));
#6040 = CARTESIAN_POINT('',(-10.2693148964,-24.21552532071,0.));
#6041 = CARTESIAN_POINT('',(-10.28359653883,-24.32797996785,0.));
#6042 = CARTESIAN_POINT('',(-10.2967964902,-24.4470196752,0.));
#6043 = CARTESIAN_POINT('',(-10.30870925268,-24.5726366917,0.));
#6044 = CARTESIAN_POINT('',(-10.31912878832,-24.70481861163,0.));
#6045 = CARTESIAN_POINT('',(-10.32784931024,-24.8435480759,0.));
#6046 = CARTESIAN_POINT('',(-10.33466518659,-24.98880285849,0.));
#6047 = CARTESIAN_POINT('',(-10.33937110144,-25.14055584392,0.));
#6048 = CARTESIAN_POINT('',(-10.34176214164,-25.29877503888,0.));
#6049 = CARTESIAN_POINT('',(-10.34163390467,-25.46342357663,0.));
#6050 = CARTESIAN_POINT('',(-10.33878260083,-25.63445972601,0.));
#6051 = CARTESIAN_POINT('',(-10.33300515536,-25.81183690236,0.));
#6052 = CARTESIAN_POINT('',(-10.32409931581,-25.99550367818,0.));
#6053 = CARTESIAN_POINT('',(-10.31186373653,-26.18540380563,0.));
#6054 = CARTESIAN_POINT('',(-10.29609815201,-26.38147620255,0.));
#6055 = CARTESIAN_POINT('',(-10.27660320051,-26.58365509121,0.));
#6056 = CARTESIAN_POINT('',(-10.25318161542,-26.79186954956,0.));
#6057 = CARTESIAN_POINT('',(-10.23508921589,-26.93253377227,0.));
#6058 = CARTESIAN_POINT('',(-10.22534963313,-27.00384879753,0.));
#6059 = VECTOR('',#6060,1.);
#6060 = DIRECTION('',(-0.,-0.,-1.));
#6061 = ADVANCED_FACE('',(#6062),#6085,.T.);
#6062 = FACE_BOUND('',#6063,.T.);
#6063 = EDGE_LOOP('',(#6064,#6065,#6072,#6080));
#6064 = ORIENTED_EDGE('',*,*,#6003,.T.);
#6065 = ORIENTED_EDGE('',*,*,#6066,.T.);
#6066 = EDGE_CURVE('',#5977,#6067,#6069,.T.);
#6067 = VERTEX_POINT('',#6068);
#6068 = CARTESIAN_POINT('',(-9.524667155492,-27.25887636306,10.));
#6069 = B_SPLINE_CURVE_WITH_KNOTS('',1,(#6070,#6071),.UNSPECIFIED.,.F.,
  .F.,(2,2),(0.,0.745650718271),.PIECEWISE_BEZIER_KNOTS.);
#6070 = CARTESIAN_POINT('',(-10.22534963313,-27.00384879753,10.));
#6071 = CARTESIAN_POINT('',(-9.524667155492,-27.25887636306,10.));
#6072 = ORIENTED_EDGE('',*,*,#6073,.F.);
#6073 = EDGE_CURVE('',#6074,#6067,#6076,.T.);
#6074 = VERTEX_POINT('',#6075);
#6075 = CARTESIAN_POINT('',(-9.524667155492,-27.25887636306,0.));
#6076 = LINE('',#6077,#6078);
#6077 = CARTESIAN_POINT('',(-9.524667155492,-27.25887636306,0.));
#6078 = VECTOR('',#6079,1.);
#6079 = DIRECTION('',(0.,0.,1.));
#6080 = ORIENTED_EDGE('',*,*,#6081,.F.);
#6081 = EDGE_CURVE('',#6004,#6074,#6082,.T.);
#6082 = B_SPLINE_CURVE_WITH_KNOTS('',1,(#6083,#6084),.UNSPECIFIED.,.F.,
  .F.,(2,2),(0.,0.745650718271),.PIECEWISE_BEZIER_KNOTS.);
#6083 = CARTESIAN_POINT('',(-10.22534963313,-27.00384879753,0.));
#6084 = CARTESIAN_POINT('',(-9.524667155492,-27.25887636306,0.));
#6085 = SURFACE_OF_LINEAR_EXTRUSION('',#6086,#6089);
#6086 = B_SPLINE_CURVE_WITH_KNOTS('',1,(#6087,#6088),.UNSPECIFIED.,.F.,
  .F.,(2,2),(0.,0.745650718271),.PIECEWISE_BEZIER_KNOTS.);
#6087 = CARTESIAN_POINT('',(-10.22534963313,-27.00384879753,0.));
#6088 = CARTESIAN_POINT('',(-9.524667155492,-27.25887636306,0.));
#6089 = VECTOR('',#6090,1.);
#6090 = DIRECTION('',(-0.,-0.,-1.));
#6091 = ADVANCED_FACE('',(#6092),#6155,.T.);
#6092 = FACE_BOUND('',#6093,.T.);
#6093 = EDGE_LOOP('',(#6094,#6095,#6122,#6130));
#6094 = ORIENTED_EDGE('',*,*,#6073,.T.);
#6095 = ORIENTED_EDGE('',*,*,#6096,.T.);
#6096 = EDGE_CURVE('',#6067,#6097,#6099,.T.);
#6097 = VERTEX_POINT('',#6098);
#6098 = CARTESIAN_POINT('',(-7.589693718554,-24.97211543419,10.));
#6099 = B_SPLINE_CURVE_WITH_KNOTS('',3,(#6100,#6101,#6102,#6103,#6104,
    #6105,#6106,#6107,#6108,#6109,#6110,#6111,#6112,#6113,#6114,#6115,
    #6116,#6117,#6118,#6119,#6120,#6121),.UNSPECIFIED.,.F.,.F.,(4,1,1,1,
    1,1,1,1,1,1,1,1,1,1,1,1,1,1,1,4),(0.,0.215930110637,0.425449164594,
    0.62855716187,0.825254102467,1.015539986384,1.199414813622,
    1.376878584181,1.547931298062,1.712572955265,1.870803555792,
    2.022623099642,2.168031586817,2.307029017318,2.439615391146,
    2.565790708302,2.685554968787,2.798908172604,2.905850319754,
    3.00638141024),.UNSPECIFIED.);
#6100 = CARTESIAN_POINT('',(-9.524667155492,-27.25887636306,10.));
#6101 = CARTESIAN_POINT('',(-9.471365787616,-27.21050636737,10.));
#6102 = CARTESIAN_POINT('',(-9.36708898601,-27.11438089147,10.));
#6103 = CARTESIAN_POINT('',(-9.215309336921,-26.96993446737,10.));
#6104 = CARTESIAN_POINT('',(-9.070417253087,-26.82758756647,10.));
#6105 = CARTESIAN_POINT('',(-8.932307207322,-26.68752131875,10.));
#6106 = CARTESIAN_POINT('',(-8.800868760812,-26.54991426013,10.));
#6107 = CARTESIAN_POINT('',(-8.675987764097,-26.41494191044,10.));
#6108 = CARTESIAN_POINT('',(-8.557546132905,-26.28277678053,10.));
#6109 = CARTESIAN_POINT('',(-8.445421989811,-26.1535882715,10.));
#6110 = CARTESIAN_POINT('',(-8.339489714583,-26.02754260322,10.));
#6111 = CARTESIAN_POINT('',(-8.2396200195,-25.90480273712,10.));
#6112 = CARTESIAN_POINT('',(-8.145680020652,-25.78552830214,10.));
#6113 = CARTESIAN_POINT('',(-8.057533310357,-25.66987552224,10.));
#6114 = CARTESIAN_POINT('',(-7.975040036988,-25.55799714359,10.));
#6115 = CARTESIAN_POINT('',(-7.898056964012,-25.45004236994,10.));
#6116 = CARTESIAN_POINT('',(-7.826437607738,-25.34615677638,10.));
#6117 = CARTESIAN_POINT('',(-7.760032108185,-25.24648230486,10.));
#6118 = CARTESIAN_POINT('',(-7.698688027178,-25.15115698452,10.));
#6119 = CARTESIAN_POINT('',(-7.642247964569,-25.06031560532,10.));
#6120 = CARTESIAN_POINT('',(-7.606689245216,-25.00099697585,10.));
#6121 = CARTESIAN_POINT('',(-7.589693718554,-24.97211543419,10.));
#6122 = ORIENTED_EDGE('',*,*,#6123,.F.);
#6123 = EDGE_CURVE('',#6124,#6097,#6126,.T.);
#6124 = VERTEX_POINT('',#6125);
#6125 = CARTESIAN_POINT('',(-7.589693718554,-24.97211543419,0.));
#6126 = LINE('',#6127,#6128);
#6127 = CARTESIAN_POINT('',(-7.589693718554,-24.97211543419,0.));
#6128 = VECTOR('',#6129,1.);
#6129 = DIRECTION('',(0.,0.,1.));
#6130 = ORIENTED_EDGE('',*,*,#6131,.F.);
#6131 = EDGE_CURVE('',#6074,#6124,#6132,.T.);
#6132 = B_SPLINE_CURVE_WITH_KNOTS('',3,(#6133,#6134,#6135,#6136,#6137,
    #6138,#6139,#6140,#6141,#6142,#6143,#6144,#6145,#6146,#6147,#6148,
    #6149,#6150,#6151,#6152,#6153,#6154),.UNSPECIFIED.,.F.,.F.,(4,1,1,1,
    1,1,1,1,1,1,1,1,1,1,1,1,1,1,1,4),(0.,0.215930110637,0.425449164594,
    0.62855716187,0.825254102467,1.015539986384,1.199414813622,
    1.376878584181,1.547931298062,1.712572955265,1.870803555792,
    2.022623099642,2.168031586817,2.307029017318,2.439615391146,
    2.565790708302,2.685554968787,2.798908172604,2.905850319754,
    3.00638141024),.UNSPECIFIED.);
#6133 = CARTESIAN_POINT('',(-9.524667155492,-27.25887636306,0.));
#6134 = CARTESIAN_POINT('',(-9.471365787616,-27.21050636737,0.));
#6135 = CARTESIAN_POINT('',(-9.36708898601,-27.11438089147,0.));
#6136 = CARTESIAN_POINT('',(-9.215309336921,-26.96993446737,0.));
#6137 = CARTESIAN_POINT('',(-9.070417253087,-26.82758756647,0.));
#6138 = CARTESIAN_POINT('',(-8.932307207322,-26.68752131875,0.));
#6139 = CARTESIAN_POINT('',(-8.800868760812,-26.54991426013,0.));
#6140 = CARTESIAN_POINT('',(-8.675987764097,-26.41494191044,0.));
#6141 = CARTESIAN_POINT('',(-8.557546132905,-26.28277678053,0.));
#6142 = CARTESIAN_POINT('',(-8.445421989811,-26.1535882715,0.));
#6143 = CARTESIAN_POINT('',(-8.339489714583,-26.02754260322,0.));
#6144 = CARTESIAN_POINT('',(-8.2396200195,-25.90480273712,0.));
#6145 = CARTESIAN_POINT('',(-8.145680020652,-25.78552830214,0.));
#6146 = CARTESIAN_POINT('',(-8.057533310357,-25.66987552224,0.));
#6147 = CARTESIAN_POINT('',(-7.975040036988,-25.55799714359,0.));
#6148 = CARTESIAN_POINT('',(-7.898056964012,-25.45004236994,0.));
#6149 = CARTESIAN_POINT('',(-7.826437607738,-25.34615677638,0.));
#6150 = CARTESIAN_POINT('',(-7.760032108185,-25.24648230486,0.));
#6151 = CARTESIAN_POINT('',(-7.698688027178,-25.15115698452,0.));
#6152 = CARTESIAN_POINT('',(-7.642247964569,-25.06031560532,0.));
#6153 = CARTESIAN_POINT('',(-7.606689245216,-25.00099697585,0.));
#6154 = CARTESIAN_POINT('',(-7.589693718554,-24.97211543419,0.));
#6155 = SURFACE_OF_LINEAR_EXTRUSION('',#6156,#6179);
#6156 = B_SPLINE_CURVE_WITH_KNOTS('',3,(#6157,#6158,#6159,#6160,#6161,
    #6162,#6163,#6164,#6165,#6166,#6167,#6168,#6169,#6170,#6171,#6172,
    #6173,#6174,#6175,#6176,#6177,#6178),.UNSPECIFIED.,.F.,.F.,(4,1,1,1,
    1,1,1,1,1,1,1,1,1,1,1,1,1,1,1,4),(0.,0.215930110637,0.425449164594,
    0.62855716187,0.825254102467,1.015539986384,1.199414813622,
    1.376878584181,1.547931298062,1.712572955265,1.870803555792,
    2.022623099642,2.168031586817,2.307029017318,2.439615391146,
    2.565790708302,2.685554968787,2.798908172604,2.905850319754,
    3.00638141024),.UNSPECIFIED.);
#6157 = CARTESIAN_POINT('',(-9.524667155492,-27.25887636306,0.));
#6158 = CARTESIAN_POINT('',(-9.471365787616,-27.21050636737,0.));
#6159 = CARTESIAN_POINT('',(-9.36708898601,-27.11438089147,0.));
#6160 = CARTESIAN_POINT('',(-9.215309336921,-26.96993446737,0.));
#6161 = CARTESIAN_POINT('',(-9.070417253087,-26.82758756647,0.));
#6162 = CARTESIAN_POINT('',(-8.932307207322,-26.68752131875,0.));
#6163 = CARTESIAN_POINT('',(-8.800868760812,-26.54991426013,0.));
#6164 = CARTESIAN_POINT('',(-8.675987764097,-26.41494191044,0.));
#6165 = CARTESIAN_POINT('',(-8.557546132905,-26.28277678053,0.));
#6166 = CARTESIAN_POINT('',(-8.445421989811,-26.1535882715,0.));
#6167 = CARTESIAN_POINT('',(-8.339489714583,-26.02754260322,0.));
#6168 = CARTESIAN_POINT('',(-8.2396200195,-25.90480273712,0.));
#6169 = CARTESIAN_POINT('',(-8.145680020652,-25.78552830214,0.));
#6170 = CARTESIAN_POINT('',(-8.057533310357,-25.66987552224,0.));
#6171 = CARTESIAN_POINT('',(-7.975040036988,-25.55799714359,0.));
#6172 = CARTESIAN_POINT('',(-7.898056964012,-25.45004236994,0.));
#6173 = CARTESIAN_POINT('',(-7.826437607738,-25.34615677638,0.));
#6174 = CARTESIAN_POINT('',(-7.760032108185,-25.24648230486,0.));
#6175 = CARTESIAN_POINT('',(-7.698688027178,-25.15115698452,0.));
#6176 = CARTESIAN_POINT('',(-7.642247964569,-25.06031560532,0.));
#6177 = CARTESIAN_POINT('',(-7.606689245216,-25.00099697585,0.));
#6178 = CARTESIAN_POINT('',(-7.589693718554,-24.97211543419,0.));
#6179 = VECTOR('',#6180,1.);
#6180 = DIRECTION('',(-0.,-0.,-1.));
#6181 = ADVANCED_FACE('',(#6182),#6205,.T.);
#6182 = FACE_BOUND('',#6183,.T.);
#6183 = EDGE_LOOP('',(#6184,#6185,#6192,#6200));
#6184 = ORIENTED_EDGE('',*,*,#6123,.T.);
#6185 = ORIENTED_EDGE('',*,*,#6186,.T.);
#6186 = EDGE_CURVE('',#6097,#6187,#6189,.T.);
#6187 = VERTEX_POINT('',#6188);
#6188 = CARTESIAN_POINT('',(-5.913190149884,-25.42133321152,10.));
#6189 = B_SPLINE_CURVE_WITH_KNOTS('',1,(#6190,#6191),.UNSPECIFIED.,.F.,
  .F.,(2,2),(0.,1.735644211017),.PIECEWISE_BEZIER_KNOTS.);
#6190 = CARTESIAN_POINT('',(-7.589693718554,-24.97211543419,10.));
#6191 = CARTESIAN_POINT('',(-5.913190149884,-25.42133321152,10.));
#6192 = ORIENTED_EDGE('',*,*,#6193,.F.);
#6193 = EDGE_CURVE('',#6194,#6187,#6196,.T.);
#6194 = VERTEX_POINT('',#6195);
#6195 = CARTESIAN_POINT('',(-5.913190149884,-25.42133321152,0.));
#6196 = LINE('',#6197,#6198);
#6197 = CARTESIAN_POINT('',(-5.913190149884,-25.42133321152,0.));
#6198 = VECTOR('',#6199,1.);
#6199 = DIRECTION('',(0.,0.,1.));
#6200 = ORIENTED_EDGE('',*,*,#6201,.F.);
#6201 = EDGE_CURVE('',#6124,#6194,#6202,.T.);
#6202 = B_SPLINE_CURVE_WITH_KNOTS('',1,(#6203,#6204),.UNSPECIFIED.,.F.,
  .F.,(2,2),(0.,1.735644211017),.PIECEWISE_BEZIER_KNOTS.);
#6203 = CARTESIAN_POINT('',(-7.589693718554,-24.97211543419,0.));
#6204 = CARTESIAN_POINT('',(-5.913190149884,-25.42133321152,0.));
#6205 = SURFACE_OF_LINEAR_EXTRUSION('',#6206,#6209);
#6206 = B_SPLINE_CURVE_WITH_KNOTS('',1,(#6207,#6208),.UNSPECIFIED.,.F.,
  .F.,(2,2),(0.,1.735644211017),.PIECEWISE_BEZIER_KNOTS.);
#6207 = CARTESIAN_POINT('',(-7.589693718554,-24.97211543419,0.));
#6208 = CARTESIAN_POINT('',(-5.913190149884,-25.42133321152,0.));
#6209 = VECTOR('',#6210,1.);
#6210 = DIRECTION('',(-0.,-0.,-1.));
#6211 = ADVANCED_FACE('',(#6212),#6275,.T.);
#6212 = FACE_BOUND('',#6213,.T.);
#6213 = EDGE_LOOP('',(#6214,#6215,#6242,#6250));
#6214 = ORIENTED_EDGE('',*,*,#6193,.T.);
#6215 = ORIENTED_EDGE('',*,*,#6216,.T.);
#6216 = EDGE_CURVE('',#6187,#6217,#6219,.T.);
#6217 = VERTEX_POINT('',#6218);
#6218 = CARTESIAN_POINT('',(-5.380834462287,-28.36921298678,10.));
#6219 = B_SPLINE_CURVE_WITH_KNOTS('',3,(#6220,#6221,#6222,#6223,#6224,
    #6225,#6226,#6227,#6228,#6229,#6230,#6231,#6232,#6233,#6234,#6235,
    #6236,#6237,#6238,#6239,#6240,#6241),.UNSPECIFIED.,.F.,.F.,(4,1,1,1,
    1,1,1,1,1,1,1,1,1,1,1,1,1,1,1,4),(0.,0.100531090486,0.207473237636,
    0.320826441453,0.440590701938,0.566766019094,0.699352392922,
    0.838349823423,0.983758310598,1.135577854448,1.293808454975,
    1.458450112178,1.629502826059,1.806966596619,1.990841423856,
    2.181127307773,2.37782424837,2.580932245646,2.790451299603,
    3.00638141024),.UNSPECIFIED.);
#6220 = CARTESIAN_POINT('',(-5.913190149884,-25.42133321152,10.));
#6221 = CARTESIAN_POINT('',(-5.912912362874,-25.45484312363,10.));
#6222 = CARTESIAN_POINT('',(-5.911776923324,-25.52399392334,10.));
#6223 = CARTESIAN_POINT('',(-5.908319084914,-25.63088489675,10.));
#6224 = CARTESIAN_POINT('',(-5.902856212562,-25.7441110863,10.));
#6225 = CARTESIAN_POINT('',(-5.895184598756,-25.86363446051,10.));
#6226 = CARTESIAN_POINT('',(-5.885103213602,-25.98941170177,10.));
#6227 = CARTESIAN_POINT('',(-5.872411303568,-26.12139481469,10.));
#6228 = CARTESIAN_POINT('',(-5.856909222513,-26.25953096942,10.));
#6229 = CARTESIAN_POINT('',(-5.838398322088,-26.40376256998,10.));
#6230 = CARTESIAN_POINT('',(-5.816681114144,-26.55402726012,10.));
#6231 = CARTESIAN_POINT('',(-5.791561354187,-26.71025794977,10.));
#6232 = CARTESIAN_POINT('',(-5.762844146898,-26.87238283815,10.));
#6233 = CARTESIAN_POINT('',(-5.730336045112,-27.04032544038,10.));
#6234 = CARTESIAN_POINT('',(-5.693845148591,-27.21400461598,10.));
#6235 = CARTESIAN_POINT('',(-5.653181207832,-27.39333459798,10.));
#6236 = CARTESIAN_POINT('',(-5.608155703429,-27.57822502974,10.));
#6237 = CARTESIAN_POINT('',(-5.558582019139,-27.76858098136,10.));
#6238 = CARTESIAN_POINT('',(-5.504275244179,-27.9643030556,10.));
#6239 = CARTESIAN_POINT('',(-5.445053424342,-28.1652871529,10.));
#6240 = CARTESIAN_POINT('',(-5.402809803079,-28.30067265779,10.));
#6241 = CARTESIAN_POINT('',(-5.380834462287,-28.36921298678,10.));
#6242 = ORIENTED_EDGE('',*,*,#6243,.F.);
#6243 = EDGE_CURVE('',#6244,#6217,#6246,.T.);
#6244 = VERTEX_POINT('',#6245);
#6245 = CARTESIAN_POINT('',(-5.380834462287,-28.36921298678,0.));
#6246 = LINE('',#6247,#6248);
#6247 = CARTESIAN_POINT('',(-5.380834462287,-28.36921298678,0.));
#6248 = VECTOR('',#6249,1.);
#6249 = DIRECTION('',(0.,0.,1.));
#6250 = ORIENTED_EDGE('',*,*,#6251,.F.);
#6251 = EDGE_CURVE('',#6194,#6244,#6252,.T.);
#6252 = B_SPLINE_CURVE_WITH_KNOTS('',3,(#6253,#6254,#6255,#6256,#6257,
    #6258,#6259,#6260,#6261,#6262,#6263,#6264,#6265,#6266,#6267,#6268,
    #6269,#6270,#6271,#6272,#6273,#6274),.UNSPECIFIED.,.F.,.F.,(4,1,1,1,
    1,1,1,1,1,1,1,1,1,1,1,1,1,1,1,4),(0.,0.100531090486,0.207473237636,
    0.320826441453,0.440590701938,0.566766019094,0.699352392922,
    0.838349823423,0.983758310598,1.135577854448,1.293808454975,
    1.458450112178,1.629502826059,1.806966596619,1.990841423856,
    2.181127307773,2.37782424837,2.580932245646,2.790451299603,
    3.00638141024),.UNSPECIFIED.);
#6253 = CARTESIAN_POINT('',(-5.913190149884,-25.42133321152,0.));
#6254 = CARTESIAN_POINT('',(-5.912912362874,-25.45484312363,0.));
#6255 = CARTESIAN_POINT('',(-5.911776923324,-25.52399392334,0.));
#6256 = CARTESIAN_POINT('',(-5.908319084914,-25.63088489675,0.));
#6257 = CARTESIAN_POINT('',(-5.902856212562,-25.7441110863,0.));
#6258 = CARTESIAN_POINT('',(-5.895184598756,-25.86363446051,0.));
#6259 = CARTESIAN_POINT('',(-5.885103213602,-25.98941170177,0.));
#6260 = CARTESIAN_POINT('',(-5.872411303568,-26.12139481469,0.));
#6261 = CARTESIAN_POINT('',(-5.856909222513,-26.25953096942,0.));
#6262 = CARTESIAN_POINT('',(-5.838398322088,-26.40376256998,0.));
#6263 = CARTESIAN_POINT('',(-5.816681114144,-26.55402726012,0.));
#6264 = CARTESIAN_POINT('',(-5.791561354187,-26.71025794977,0.));
#6265 = CARTESIAN_POINT('',(-5.762844146898,-26.87238283815,0.));
#6266 = CARTESIAN_POINT('',(-5.730336045112,-27.04032544038,0.));
#6267 = CARTESIAN_POINT('',(-5.693845148591,-27.21400461598,0.));
#6268 = CARTESIAN_POINT('',(-5.653181207832,-27.39333459798,0.));
#6269 = CARTESIAN_POINT('',(-5.608155703429,-27.57822502974,0.));
#6270 = CARTESIAN_POINT('',(-5.558582019139,-27.76858098136,0.));
#6271 = CARTESIAN_POINT('',(-5.504275244179,-27.9643030556,0.));
#6272 = CARTESIAN_POINT('',(-5.445053424342,-28.1652871529,0.));
#6273 = CARTESIAN_POINT('',(-5.402809803079,-28.30067265779,0.));
#6274 = CARTESIAN_POINT('',(-5.380834462287,-28.36921298678,0.));
#6275 = SURFACE_OF_LINEAR_EXTRUSION('',#6276,#6299);
#6276 = B_SPLINE_CURVE_WITH_KNOTS('',3,(#6277,#6278,#6279,#6280,#6281,
    #6282,#6283,#6284,#6285,#6286,#6287,#6288,#6289,#6290,#6291,#6292,
    #6293,#6294,#6295,#6296,#6297,#6298),.UNSPECIFIED.,.F.,.F.,(4,1,1,1,
    1,1,1,1,1,1,1,1,1,1,1,1,1,1,1,4),(0.,0.100531090486,0.207473237636,
    0.320826441453,0.440590701938,0.566766019094,0.699352392922,
    0.838349823423,0.983758310598,1.135577854448,1.293808454975,
    1.458450112178,1.629502826059,1.806966596619,1.990841423856,
    2.181127307773,2.37782424837,2.580932245646,2.790451299603,
    3.00638141024),.UNSPECIFIED.);
#6277 = CARTESIAN_POINT('',(-5.913190149884,-25.42133321152,0.));
#6278 = CARTESIAN_POINT('',(-5.912912362874,-25.45484312363,0.));
#6279 = CARTESIAN_POINT('',(-5.911776923324,-25.52399392334,0.));
#6280 = CARTESIAN_POINT('',(-5.908319084914,-25.63088489675,0.));
#6281 = CARTESIAN_POINT('',(-5.902856212562,-25.7441110863,0.));
#6282 = CARTESIAN_POINT('',(-5.895184598756,-25.86363446051,0.));
#6283 = CARTESIAN_POINT('',(-5.885103213602,-25.98941170177,0.));
#6284 = CARTESIAN_POINT('',(-5.872411303568,-26.12139481469,0.));
#6285 = CARTESIAN_POINT('',(-5.856909222513,-26.25953096942,0.));
#6286 = CARTESIAN_POINT('',(-5.838398322088,-26.40376256998,0.));
#6287 = CARTESIAN_POINT('',(-5.816681114144,-26.55402726012,0.));
#6288 = CARTESIAN_POINT('',(-5.791561354187,-26.71025794977,0.));
#6289 = CARTESIAN_POINT('',(-5.762844146898,-26.87238283815,0.));
#6290 = CARTESIAN_POINT('',(-5.730336045112,-27.04032544038,0.));
#6291 = CARTESIAN_POINT('',(-5.693845148591,-27.21400461598,0.));
#6292 = CARTESIAN_POINT('',(-5.653181207832,-27.39333459798,0.));
#6293 = CARTESIAN_POINT('',(-5.608155703429,-27.57822502974,0.));
#6294 = CARTESIAN_POINT('',(-5.558582019139,-27.76858098136,0.));
#6295 = CARTESIAN_POINT('',(-5.504275244179,-27.9643030556,0.));
#6296 = CARTESIAN_POINT('',(-5.445053424342,-28.1652871529,0.));
#6297 = CARTESIAN_POINT('',(-5.402809803079,-28.30067265779,0.));
#6298 = CARTESIAN_POINT('',(-5.380834462287,-28.36921298678,0.));
#6299 = VECTOR('',#6300,1.);
#6300 = DIRECTION('',(-0.,-0.,-1.));
#6301 = ADVANCED_FACE('',(#6302),#6325,.T.);
#6302 = FACE_BOUND('',#6303,.T.);
#6303 = EDGE_LOOP('',(#6304,#6305,#6312,#6320));
#6304 = ORIENTED_EDGE('',*,*,#6243,.T.);
#6305 = ORIENTED_EDGE('',*,*,#6306,.T.);
#6306 = EDGE_CURVE('',#6217,#6307,#6309,.T.);
#6307 = VERTEX_POINT('',#6308);
#6308 = CARTESIAN_POINT('',(-4.646511853894,-28.49869387518,10.));
#6309 = B_SPLINE_CURVE_WITH_KNOTS('',1,(#6310,#6311),.UNSPECIFIED.,.F.,
  .F.,(2,2),(0.,0.745650718271),.PIECEWISE_BEZIER_KNOTS.);
#6310 = CARTESIAN_POINT('',(-5.380834462287,-28.36921298678,10.));
#6311 = CARTESIAN_POINT('',(-4.646511853894,-28.49869387518,10.));
#6312 = ORIENTED_EDGE('',*,*,#6313,.F.);
#6313 = EDGE_CURVE('',#6314,#6307,#6316,.T.);
#6314 = VERTEX_POINT('',#6315);
#6315 = CARTESIAN_POINT('',(-4.646511853894,-28.49869387518,0.));
#6316 = LINE('',#6317,#6318);
#6317 = CARTESIAN_POINT('',(-4.646511853894,-28.49869387518,0.));
#6318 = VECTOR('',#6319,1.);
#6319 = DIRECTION('',(0.,0.,1.));
#6320 = ORIENTED_EDGE('',*,*,#6321,.F.);
#6321 = EDGE_CURVE('',#6244,#6314,#6322,.T.);
#6322 = B_SPLINE_CURVE_WITH_KNOTS('',1,(#6323,#6324),.UNSPECIFIED.,.F.,
  .F.,(2,2),(0.,0.745650718271),.PIECEWISE_BEZIER_KNOTS.);
#6323 = CARTESIAN_POINT('',(-5.380834462287,-28.36921298678,0.));
#6324 = CARTESIAN_POINT('',(-4.646511853894,-28.49869387518,0.));
#6325 = SURFACE_OF_LINEAR_EXTRUSION('',#6326,#6329);
#6326 = B_SPLINE_CURVE_WITH_KNOTS('',1,(#6327,#6328),.UNSPECIFIED.,.F.,
  .F.,(2,2),(0.,0.745650718271),.PIECEWISE_BEZIER_KNOTS.);
#6327 = CARTESIAN_POINT('',(-5.380834462287,-28.36921298678,0.));
#6328 = CARTESIAN_POINT('',(-4.646511853894,-28.49869387518,0.));
#6329 = VECTOR('',#6330,1.);
#6330 = DIRECTION('',(-0.,-0.,-1.));
#6331 = ADVANCED_FACE('',(#6332),#6395,.T.);
#6332 = FACE_BOUND('',#6333,.T.);
#6333 = EDGE_LOOP('',(#6334,#6335,#6362,#6370));
#6334 = ORIENTED_EDGE('',*,*,#6313,.T.);
#6335 = ORIENTED_EDGE('',*,*,#6336,.T.);
#6336 = EDGE_CURVE('',#6307,#6337,#6339,.T.);
#6337 = VERTEX_POINT('',#6338);
#6338 = CARTESIAN_POINT('',(-3.138026879385,-25.91066937198,10.));
#6339 = B_SPLINE_CURVE_WITH_KNOTS('',3,(#6340,#6341,#6342,#6343,#6344,
    #6345,#6346,#6347,#6348,#6349,#6350,#6351,#6352,#6353,#6354,#6355,
    #6356,#6357,#6358,#6359,#6360,#6361),.UNSPECIFIED.,.F.,.F.,(4,1,1,1,
    1,1,1,1,1,1,1,1,1,1,1,1,1,1,1,4),(0.,0.215930110637,0.425449164594,
    0.62855716187,0.825254102467,1.015539986384,1.199414813622,
    1.376878584181,1.547931298062,1.712572955265,1.870803555792,
    2.022623099642,2.168031586817,2.307029017318,2.439615391146,
    2.565790708302,2.685554968787,2.798908172604,2.905850319754,
    3.00638141024),.UNSPECIFIED.);
#6340 = CARTESIAN_POINT('',(-4.646511853894,-28.49869387518,10.));
#6341 = CARTESIAN_POINT('',(-4.602419615169,-28.44180304302,10.));
#6342 = CARTESIAN_POINT('',(-4.516419026206,-28.32903045251,10.));
#6343 = CARTESIAN_POINT('',(-4.39202810935,-28.16042223469,10.));
#6344 = CARTESIAN_POINT('',(-4.274055541777,-27.99507765675,10.));
#6345 = CARTESIAN_POINT('',(-4.162365946609,-27.83315677229,10.));
#6346 = CARTESIAN_POINT('',(-4.056819560404,-27.67481622739,10.));
#6347 = CARTESIAN_POINT('',(-3.957273489195,-27.52020905346,10.));
#6348 = CARTESIAN_POINT('',(-3.863581486479,-27.36948463543,10.));
#6349 = CARTESIAN_POINT('',(-3.775594110228,-27.22278863702,10.));
#6350 = CARTESIAN_POINT('',(-3.693158784888,-27.08026293912,10.));
#6351 = CARTESIAN_POINT('',(-3.616119888956,-26.94204557682,10.));
#6352 = CARTESIAN_POINT('',(-3.544318838048,-26.80827067891,10.));
#6353 = CARTESIAN_POINT('',(-3.477594168819,-26.67906840899,10.));
#6354 = CARTESIAN_POINT('',(-3.415781630207,-26.55456490772,10.));
#6355 = CARTESIAN_POINT('',(-3.358714252804,-26.43488223932,10.));
#6356 = CARTESIAN_POINT('',(-3.306222499488,-26.32013833065,10.));
#6357 = CARTESIAN_POINT('',(-3.258134139024,-26.21044694434,10.));
#6358 = CARTESIAN_POINT('',(-3.21427508061,-26.10591754193,10.));
#6359 = CARTESIAN_POINT('',(-3.174466909327,-26.00665553337,10.));
#6360 = CARTESIAN_POINT('',(-3.14974897873,-25.94206338036,10.));
#6361 = CARTESIAN_POINT('',(-3.138026879385,-25.91066937198,10.));
#6362 = ORIENTED_EDGE('',*,*,#6363,.F.);
#6363 = EDGE_CURVE('',#6364,#6337,#6366,.T.);
#6364 = VERTEX_POINT('',#6365);
#6365 = CARTESIAN_POINT('',(-3.138026879385,-25.91066937198,0.));
#6366 = LINE('',#6367,#6368);
#6367 = CARTESIAN_POINT('',(-3.138026879385,-25.91066937198,0.));
#6368 = VECTOR('',#6369,1.);
#6369 = DIRECTION('',(0.,0.,1.));
#6370 = ORIENTED_EDGE('',*,*,#6371,.F.);
#6371 = EDGE_CURVE('',#6314,#6364,#6372,.T.);
#6372 = B_SPLINE_CURVE_WITH_KNOTS('',3,(#6373,#6374,#6375,#6376,#6377,
    #6378,#6379,#6380,#6381,#6382,#6383,#6384,#6385,#6386,#6387,#6388,
    #6389,#6390,#6391,#6392,#6393,#6394),.UNSPECIFIED.,.F.,.F.,(4,1,1,1,
    1,1,1,1,1,1,1,1,1,1,1,1,1,1,1,4),(0.,0.215930110637,0.425449164594,
    0.62855716187,0.825254102467,1.015539986384,1.199414813622,
    1.376878584181,1.547931298062,1.712572955265,1.870803555792,
    2.022623099642,2.168031586817,2.307029017318,2.439615391146,
    2.565790708302,2.685554968787,2.798908172604,2.905850319754,
    3.00638141024),.UNSPECIFIED.);
#6373 = CARTESIAN_POINT('',(-4.646511853894,-28.49869387518,0.));
#6374 = CARTESIAN_POINT('',(-4.602419615169,-28.44180304302,0.));
#6375 = CARTESIAN_POINT('',(-4.516419026206,-28.32903045251,0.));
#6376 = CARTESIAN_POINT('',(-4.39202810935,-28.16042223469,0.));
#6377 = CARTESIAN_POINT('',(-4.274055541777,-27.99507765675,0.));
#6378 = CARTESIAN_POINT('',(-4.162365946609,-27.83315677229,0.));
#6379 = CARTESIAN_POINT('',(-4.056819560404,-27.67481622739,0.));
#6380 = CARTESIAN_POINT('',(-3.957273489195,-27.52020905346,0.));
#6381 = CARTESIAN_POINT('',(-3.863581486479,-27.36948463543,0.));
#6382 = CARTESIAN_POINT('',(-3.775594110228,-27.22278863702,0.));
#6383 = CARTESIAN_POINT('',(-3.693158784888,-27.08026293912,0.));
#6384 = CARTESIAN_POINT('',(-3.616119888956,-26.94204557682,0.));
#6385 = CARTESIAN_POINT('',(-3.544318838048,-26.80827067891,0.));
#6386 = CARTESIAN_POINT('',(-3.477594168819,-26.67906840899,0.));
#6387 = CARTESIAN_POINT('',(-3.415781630207,-26.55456490772,0.));
#6388 = CARTESIAN_POINT('',(-3.358714252804,-26.43488223932,0.));
#6389 = CARTESIAN_POINT('',(-3.306222499488,-26.32013833065,0.));
#6390 = CARTESIAN_POINT('',(-3.258134139024,-26.21044694434,0.));
#6391 = CARTESIAN_POINT('',(-3.21427508061,-26.10591754193,0.));
#6392 = CARTESIAN_POINT('',(-3.174466909327,-26.00665553337,0.));
#6393 = CARTESIAN_POINT('',(-3.14974897873,-25.94206338036,0.));
#6394 = CARTESIAN_POINT('',(-3.138026879385,-25.91066937198,0.));
#6395 = SURFACE_OF_LINEAR_EXTRUSION('',#6396,#6419);
#6396 = B_SPLINE_CURVE_WITH_KNOTS('',3,(#6397,#6398,#6399,#6400,#6401,
    #6402,#6403,#6404,#6405,#6406,#6407,#6408,#6409,#6410,#6411,#6412,
    #6413,#6414,#6415,#6416,#6417,#6418),.UNSPECIFIED.,.F.,.F.,(4,1,1,1,
    1,1,1,1,1,1,1,1,1,1,1,1,1,1,1,4),(0.,0.215930110637,0.425449164594,
    0.62855716187,0.825254102467,1.015539986384,1.199414813622,
    1.376878584181,1.547931298062,1.712572955265,1.870803555792,
    2.022623099642,2.168031586817,2.307029017318,2.439615391146,
    2.565790708302,2.685554968787,2.798908172604,2.905850319754,
    3.00638141024),.UNSPECIFIED.);
#6397 = CARTESIAN_POINT('',(-4.646511853894,-28.49869387518,0.));
#6398 = CARTESIAN_POINT('',(-4.602419615169,-28.44180304302,0.));
#6399 = CARTESIAN_POINT('',(-4.516419026206,-28.32903045251,0.));
#6400 = CARTESIAN_POINT('',(-4.39202810935,-28.16042223469,0.));
#6401 = CARTESIAN_POINT('',(-4.274055541777,-27.99507765675,0.));
#6402 = CARTESIAN_POINT('',(-4.162365946609,-27.83315677229,0.));
#6403 = CARTESIAN_POINT('',(-4.056819560404,-27.67481622739,0.));
#6404 = CARTESIAN_POINT('',(-3.957273489195,-27.52020905346,0.));
#6405 = CARTESIAN_POINT('',(-3.863581486479,-27.36948463543,0.));
#6406 = CARTESIAN_POINT('',(-3.775594110228,-27.22278863702,0.));
#6407 = CARTESIAN_POINT('',(-3.693158784888,-27.08026293912,0.));
#6408 = CARTESIAN_POINT('',(-3.616119888956,-26.94204557682,0.));
#6409 = CARTESIAN_POINT('',(-3.544318838048,-26.80827067891,0.));
#6410 = CARTESIAN_POINT('',(-3.477594168819,-26.67906840899,0.));
#6411 = CARTESIAN_POINT('',(-3.415781630207,-26.55456490772,0.));
#6412 = CARTESIAN_POINT('',(-3.358714252804,-26.43488223932,0.));
#6413 = CARTESIAN_POINT('',(-3.306222499488,-26.32013833065,0.));
#6414 = CARTESIAN_POINT('',(-3.258134139024,-26.21044694434,0.));
#6415 = CARTESIAN_POINT('',(-3.21427508061,-26.10591754193,0.));
#6416 = CARTESIAN_POINT('',(-3.174466909327,-26.00665553337,0.));
#6417 = CARTESIAN_POINT('',(-3.14974897873,-25.94206338036,0.));
#6418 = CARTESIAN_POINT('',(-3.138026879385,-25.91066937198,0.));
#6419 = VECTOR('',#6420,1.);
#6420 = DIRECTION('',(-0.,-0.,-1.));
#6421 = ADVANCED_FACE('',(#6422),#6445,.T.);
#6422 = FACE_BOUND('',#6423,.T.);
#6423 = EDGE_LOOP('',(#6424,#6425,#6432,#6440));
#6424 = ORIENTED_EDGE('',*,*,#6363,.T.);
#6425 = ORIENTED_EDGE('',*,*,#6426,.T.);
#6426 = EDGE_CURVE('',#6337,#6427,#6429,.T.);
#6427 = VERTEX_POINT('',#6428);
#6428 = CARTESIAN_POINT('',(-1.408987318597,-26.06194073234,10.));
#6429 = B_SPLINE_CURVE_WITH_KNOTS('',1,(#6430,#6431),.UNSPECIFIED.,.F.,
  .F.,(2,2),(0.,1.735644211017),.PIECEWISE_BEZIER_KNOTS.);
#6430 = CARTESIAN_POINT('',(-3.138026879385,-25.91066937198,10.));
#6431 = CARTESIAN_POINT('',(-1.408987318597,-26.06194073234,10.));
#6432 = ORIENTED_EDGE('',*,*,#6433,.F.);
#6433 = EDGE_CURVE('',#6434,#6427,#6436,.T.);
#6434 = VERTEX_POINT('',#6435);
#6435 = CARTESIAN_POINT('',(-1.408987318597,-26.06194073234,0.));
#6436 = LINE('',#6437,#6438);
#6437 = CARTESIAN_POINT('',(-1.408987318597,-26.06194073234,0.));
#6438 = VECTOR('',#6439,1.);
#6439 = DIRECTION('',(0.,0.,1.));
#6440 = ORIENTED_EDGE('',*,*,#6441,.F.);
#6441 = EDGE_CURVE('',#6364,#6434,#6442,.T.);
#6442 = B_SPLINE_CURVE_WITH_KNOTS('',1,(#6443,#6444),.UNSPECIFIED.,.F.,
  .F.,(2,2),(0.,1.735644211017),.PIECEWISE_BEZIER_KNOTS.);
#6443 = CARTESIAN_POINT('',(-3.138026879385,-25.91066937198,0.));
#6444 = CARTESIAN_POINT('',(-1.408987318597,-26.06194073234,0.));
#6445 = SURFACE_OF_LINEAR_EXTRUSION('',#6446,#6449);
#6446 = B_SPLINE_CURVE_WITH_KNOTS('',1,(#6447,#6448),.UNSPECIFIED.,.F.,
  .F.,(2,2),(0.,1.735644211017),.PIECEWISE_BEZIER_KNOTS.);
#6447 = CARTESIAN_POINT('',(-3.138026879385,-25.91066937198,0.));
#6448 = CARTESIAN_POINT('',(-1.408987318597,-26.06194073234,0.));
#6449 = VECTOR('',#6450,1.);
#6450 = DIRECTION('',(-0.,-0.,-1.));
#6451 = ADVANCED_FACE('',(#6452),#6515,.T.);
#6452 = FACE_BOUND('',#6453,.T.);
#6453 = EDGE_LOOP('',(#6454,#6455,#6482,#6490));
#6454 = ORIENTED_EDGE('',*,*,#6433,.T.);
#6455 = ORIENTED_EDGE('',*,*,#6456,.T.);
#6456 = EDGE_CURVE('',#6427,#6457,#6459,.T.);
#6457 = VERTEX_POINT('',#6458);
#6458 = CARTESIAN_POINT('',(-0.372825359136,-28.87259299494,10.));
#6459 = B_SPLINE_CURVE_WITH_KNOTS('',3,(#6460,#6461,#6462,#6463,#6464,
    #6465,#6466,#6467,#6468,#6469,#6470,#6471,#6472,#6473,#6474,#6475,
    #6476,#6477,#6478,#6479,#6480,#6481),.UNSPECIFIED.,.F.,.F.,(4,1,1,1,
    1,1,1,1,1,1,1,1,1,1,1,1,1,1,1,4),(0.,0.100531090486,0.207473237636,
    0.320826441453,0.440590701938,0.566766019094,0.699352392922,
    0.838349823423,0.983758310598,1.135577854448,1.293808454975,
    1.458450112178,1.629502826059,1.806966596619,1.990841423856,
    2.181127307773,2.37782424837,2.580932245646,2.790451299603,
    3.00638141024),.UNSPECIFIED.);
#6460 = CARTESIAN_POINT('',(-1.408987318597,-26.06194073234,10.));
#6461 = CARTESIAN_POINT('',(-1.402894816624,-26.09489331638,10.));
#6462 = CARTESIAN_POINT('',(-1.389768716597,-26.16279639305,10.));
#6463 = CARTESIAN_POINT('',(-1.367801987781,-26.26746300505,10.));
#6464 = CARTESIAN_POINT('',(-1.342760587256,-26.37802041653,10.));
#6465 = CARTESIAN_POINT('',(-1.31445050638,-26.49439580037,10.));
#6466 = CARTESIAN_POINT('',(-1.282681291385,-26.61651158855,10.));
#6467 = CARTESIAN_POINT('',(-1.24726357294,-26.74428565438,10.));
#6468 = CARTESIAN_POINT('',(-1.208009911791,-26.8776313024,10.));
#6469 = CARTESIAN_POINT('',(-1.164734678938,-27.01645731673,10.));
#6470 = CARTESIAN_POINT('',(-1.11725421457,-27.16066799501,10.));
#6471 = CARTESIAN_POINT('',(-1.065386905658,-27.31016318889,10.));
#6472 = CARTESIAN_POINT('',(-1.008953285853,-27.46483834521,10.));
#6473 = CARTESIAN_POINT('',(-0.947776128347,-27.62458454932,10.));
#6474 = CARTESIAN_POINT('',(-0.881680538198,-27.7892885703,10.));
#6475 = CARTESIAN_POINT('',(-0.810494049496,-27.95883290771,10.));
#6476 = CARTESIAN_POINT('',(-0.734046697133,-28.13309584157,10.));
#6477 = CARTESIAN_POINT('',(-0.652171184392,-28.31195147862,10.));
#6478 = CARTESIAN_POINT('',(-0.564702669849,-28.49526982227,10.));
#6479 = CARTESIAN_POINT('',(-0.47148004029,-28.68291675843,10.));
#6480 = CARTESIAN_POINT('',(-0.406368748348,-28.80890992544,10.));
#6481 = CARTESIAN_POINT('',(-0.372825359136,-28.87259299494,10.));
#6482 = ORIENTED_EDGE('',*,*,#6483,.F.);
#6483 = EDGE_CURVE('',#6484,#6457,#6486,.T.);
#6484 = VERTEX_POINT('',#6485);
#6485 = CARTESIAN_POINT('',(-0.372825359136,-28.87259299494,0.));
#6486 = LINE('',#6487,#6488);
#6487 = CARTESIAN_POINT('',(-0.372825359136,-28.87259299494,0.));
#6488 = VECTOR('',#6489,1.);
#6489 = DIRECTION('',(0.,0.,1.));
#6490 = ORIENTED_EDGE('',*,*,#6491,.F.);
#6491 = EDGE_CURVE('',#6434,#6484,#6492,.T.);
#6492 = B_SPLINE_CURVE_WITH_KNOTS('',3,(#6493,#6494,#6495,#6496,#6497,
    #6498,#6499,#6500,#6501,#6502,#6503,#6504,#6505,#6506,#6507,#6508,
    #6509,#6510,#6511,#6512,#6513,#6514),.UNSPECIFIED.,.F.,.F.,(4,1,1,1,
    1,1,1,1,1,1,1,1,1,1,1,1,1,1,1,4),(0.,0.100531090486,0.207473237636,
    0.320826441453,0.440590701938,0.566766019094,0.699352392922,
    0.838349823423,0.983758310598,1.135577854448,1.293808454975,
    1.458450112178,1.629502826059,1.806966596619,1.990841423856,
    2.181127307773,2.37782424837,2.580932245646,2.790451299603,
    3.00638141024),.UNSPECIFIED.);
#6493 = CARTESIAN_POINT('',(-1.408987318597,-26.06194073234,0.));
#6494 = CARTESIAN_POINT('',(-1.402894816624,-26.09489331638,0.));
#6495 = CARTESIAN_POINT('',(-1.389768716597,-26.16279639305,0.));
#6496 = CARTESIAN_POINT('',(-1.367801987781,-26.26746300505,0.));
#6497 = CARTESIAN_POINT('',(-1.342760587256,-26.37802041653,0.));
#6498 = CARTESIAN_POINT('',(-1.31445050638,-26.49439580037,0.));
#6499 = CARTESIAN_POINT('',(-1.282681291385,-26.61651158855,0.));
#6500 = CARTESIAN_POINT('',(-1.24726357294,-26.74428565438,0.));
#6501 = CARTESIAN_POINT('',(-1.208009911791,-26.8776313024,0.));
#6502 = CARTESIAN_POINT('',(-1.164734678938,-27.01645731673,0.));
#6503 = CARTESIAN_POINT('',(-1.11725421457,-27.16066799501,0.));
#6504 = CARTESIAN_POINT('',(-1.065386905658,-27.31016318889,0.));
#6505 = CARTESIAN_POINT('',(-1.008953285853,-27.46483834521,0.));
#6506 = CARTESIAN_POINT('',(-0.947776128347,-27.62458454932,0.));
#6507 = CARTESIAN_POINT('',(-0.881680538198,-27.7892885703,0.));
#6508 = CARTESIAN_POINT('',(-0.810494049496,-27.95883290771,0.));
#6509 = CARTESIAN_POINT('',(-0.734046697133,-28.13309584157,0.));
#6510 = CARTESIAN_POINT('',(-0.652171184392,-28.31195147862,0.));
#6511 = CARTESIAN_POINT('',(-0.564702669849,-28.49526982227,0.));
#6512 = CARTESIAN_POINT('',(-0.47148004029,-28.68291675843,0.));
#6513 = CARTESIAN_POINT('',(-0.406368748348,-28.80890992544,0.));
#6514 = CARTESIAN_POINT('',(-0.372825359136,-28.87259299494,0.));
#6515 = SURFACE_OF_LINEAR_EXTRUSION('',#6516,#6539);
#6516 = B_SPLINE_CURVE_WITH_KNOTS('',3,(#6517,#6518,#6519,#6520,#6521,
    #6522,#6523,#6524,#6525,#6526,#6527,#6528,#6529,#6530,#6531,#6532,
    #6533,#6534,#6535,#6536,#6537,#6538),.UNSPECIFIED.,.F.,.F.,(4,1,1,1,
    1,1,1,1,1,1,1,1,1,1,1,1,1,1,1,4),(0.,0.100531090486,0.207473237636,
    0.320826441453,0.440590701938,0.566766019094,0.699352392922,
    0.838349823423,0.983758310598,1.135577854448,1.293808454975,
    1.458450112178,1.629502826059,1.806966596619,1.990841423856,
    2.181127307773,2.37782424837,2.580932245646,2.790451299603,
    3.00638141024),.UNSPECIFIED.);
#6517 = CARTESIAN_POINT('',(-1.408987318597,-26.06194073234,0.));
#6518 = CARTESIAN_POINT('',(-1.402894816624,-26.09489331638,0.));
#6519 = CARTESIAN_POINT('',(-1.389768716597,-26.16279639305,0.));
#6520 = CARTESIAN_POINT('',(-1.367801987781,-26.26746300505,0.));
#6521 = CARTESIAN_POINT('',(-1.342760587256,-26.37802041653,0.));
#6522 = CARTESIAN_POINT('',(-1.31445050638,-26.49439580037,0.));
#6523 = CARTESIAN_POINT('',(-1.282681291385,-26.61651158855,0.));
#6524 = CARTESIAN_POINT('',(-1.24726357294,-26.74428565438,0.));
#6525 = CARTESIAN_POINT('',(-1.208009911791,-26.8776313024,0.));
#6526 = CARTESIAN_POINT('',(-1.164734678938,-27.01645731673,0.));
#6527 = CARTESIAN_POINT('',(-1.11725421457,-27.16066799501,0.));
#6528 = CARTESIAN_POINT('',(-1.065386905658,-27.31016318889,0.));
#6529 = CARTESIAN_POINT('',(-1.008953285853,-27.46483834521,0.));
#6530 = CARTESIAN_POINT('',(-0.947776128347,-27.62458454932,0.));
#6531 = CARTESIAN_POINT('',(-0.881680538198,-27.7892885703,0.));
#6532 = CARTESIAN_POINT('',(-0.810494049496,-27.95883290771,0.));
#6533 = CARTESIAN_POINT('',(-0.734046697133,-28.13309584157,0.));
#6534 = CARTESIAN_POINT('',(-0.652171184392,-28.31195147862,0.));
#6535 = CARTESIAN_POINT('',(-0.564702669849,-28.49526982227,0.));
#6536 = CARTESIAN_POINT('',(-0.47148004029,-28.68291675843,0.));
#6537 = CARTESIAN_POINT('',(-0.406368748348,-28.80890992544,0.));
#6538 = CARTESIAN_POINT('',(-0.372825359136,-28.87259299494,0.));
#6539 = VECTOR('',#6540,1.);
#6540 = DIRECTION('',(-0.,-0.,-1.));
#6541 = ADVANCED_FACE('',(#6542),#6565,.T.);
#6542 = FACE_BOUND('',#6543,.T.);
#6543 = EDGE_LOOP('',(#6544,#6545,#6552,#6560));
#6544 = ORIENTED_EDGE('',*,*,#6483,.T.);
#6545 = ORIENTED_EDGE('',*,*,#6546,.T.);
#6546 = EDGE_CURVE('',#6457,#6547,#6549,.T.);
#6547 = VERTEX_POINT('',#6548);
#6548 = CARTESIAN_POINT('',(0.372825359136,-28.87259299494,10.));
#6549 = B_SPLINE_CURVE_WITH_KNOTS('',1,(#6550,#6551),.UNSPECIFIED.,.F.,
  .F.,(2,2),(0.,0.745650718271),.PIECEWISE_BEZIER_KNOTS.);
#6550 = CARTESIAN_POINT('',(-0.372825359136,-28.87259299494,10.));
#6551 = CARTESIAN_POINT('',(0.372825359136,-28.87259299494,10.));
#6552 = ORIENTED_EDGE('',*,*,#6553,.F.);
#6553 = EDGE_CURVE('',#6554,#6547,#6556,.T.);
#6554 = VERTEX_POINT('',#6555);
#6555 = CARTESIAN_POINT('',(0.372825359136,-28.87259299494,0.));
#6556 = LINE('',#6557,#6558);
#6557 = CARTESIAN_POINT('',(0.372825359136,-28.87259299494,0.));
#6558 = VECTOR('',#6559,1.);
#6559 = DIRECTION('',(0.,0.,1.));
#6560 = ORIENTED_EDGE('',*,*,#6561,.F.);
#6561 = EDGE_CURVE('',#6484,#6554,#6562,.T.);
#6562 = B_SPLINE_CURVE_WITH_KNOTS('',1,(#6563,#6564),.UNSPECIFIED.,.F.,
  .F.,(2,2),(0.,0.745650718271),.PIECEWISE_BEZIER_KNOTS.);
#6563 = CARTESIAN_POINT('',(-0.372825359136,-28.87259299494,0.));
#6564 = CARTESIAN_POINT('',(0.372825359136,-28.87259299494,0.));
#6565 = SURFACE_OF_LINEAR_EXTRUSION('',#6566,#6569);
#6566 = B_SPLINE_CURVE_WITH_KNOTS('',1,(#6567,#6568),.UNSPECIFIED.,.F.,
  .F.,(2,2),(0.,0.745650718271),.PIECEWISE_BEZIER_KNOTS.);
#6567 = CARTESIAN_POINT('',(-0.372825359136,-28.87259299494,0.));
#6568 = CARTESIAN_POINT('',(0.372825359136,-28.87259299494,0.));
#6569 = VECTOR('',#6570,1.);
#6570 = DIRECTION('',(-0.,-0.,-1.));
#6571 = ADVANCED_FACE('',(#6572),#6635,.T.);
#6572 = FACE_BOUND('',#6573,.T.);
#6573 = EDGE_LOOP('',(#6574,#6575,#6602,#6610));
#6574 = ORIENTED_EDGE('',*,*,#6553,.T.);
#6575 = ORIENTED_EDGE('',*,*,#6576,.T.);
#6576 = EDGE_CURVE('',#6547,#6577,#6579,.T.);
#6577 = VERTEX_POINT('',#6578);
#6578 = CARTESIAN_POINT('',(1.408987318596,-26.06194073234,10.));
#6579 = B_SPLINE_CURVE_WITH_KNOTS('',3,(#6580,#6581,#6582,#6583,#6584,
    #6585,#6586,#6587,#6588,#6589,#6590,#6591,#6592,#6593,#6594,#6595,
    #6596,#6597,#6598,#6599,#6600,#6601),.UNSPECIFIED.,.F.,.F.,(4,1,1,1,
    1,1,1,1,1,1,1,1,1,1,1,1,1,1,1,4),(0.,0.215930110637,0.425449164594,
    0.62855716187,0.825254102467,1.015539986384,1.199414813622,
    1.376878584181,1.547931298062,1.712572955265,1.870803555792,
    2.022623099642,2.168031586817,2.307029017318,2.439615391146,
    2.565790708302,2.685554968787,2.798908172604,2.905850319754,
    3.00638141024),.UNSPECIFIED.);
#6580 = CARTESIAN_POINT('',(0.372825359136,-28.87259299494,10.));
#6581 = CARTESIAN_POINT('',(0.406368748348,-28.80890992544,10.));
#6582 = CARTESIAN_POINT('',(0.47148004029,-28.68291675843,10.));
#6583 = CARTESIAN_POINT('',(0.564702669849,-28.49526982227,10.));
#6584 = CARTESIAN_POINT('',(0.652171184392,-28.31195147862,10.));
#6585 = CARTESIAN_POINT('',(0.734046697133,-28.13309584157,10.));
#6586 = CARTESIAN_POINT('',(0.810494049496,-27.95883290771,10.));
#6587 = CARTESIAN_POINT('',(0.881680538198,-27.7892885703,10.));
#6588 = CARTESIAN_POINT('',(0.947776128347,-27.62458454932,10.));
#6589 = CARTESIAN_POINT('',(1.008953285853,-27.46483834521,10.));
#6590 = CARTESIAN_POINT('',(1.065386905658,-27.31016318889,10.));
#6591 = CARTESIAN_POINT('',(1.11725421457,-27.16066799501,10.));
#6592 = CARTESIAN_POINT('',(1.164734678938,-27.01645731673,10.));
#6593 = CARTESIAN_POINT('',(1.208009911791,-26.8776313024,10.));
#6594 = CARTESIAN_POINT('',(1.24726357294,-26.74428565438,10.));
#6595 = CARTESIAN_POINT('',(1.282681291385,-26.61651158855,10.));
#6596 = CARTESIAN_POINT('',(1.31445050638,-26.49439580037,10.));
#6597 = CARTESIAN_POINT('',(1.342760587256,-26.37802041653,10.));
#6598 = CARTESIAN_POINT('',(1.367801987781,-26.26746300505,10.));
#6599 = CARTESIAN_POINT('',(1.389768716597,-26.16279639305,10.));
#6600 = CARTESIAN_POINT('',(1.402894816624,-26.09489331638,10.));
#6601 = CARTESIAN_POINT('',(1.408987318596,-26.06194073234,10.));
#6602 = ORIENTED_EDGE('',*,*,#6603,.F.);
#6603 = EDGE_CURVE('',#6604,#6577,#6606,.T.);
#6604 = VERTEX_POINT('',#6605);
#6605 = CARTESIAN_POINT('',(1.408987318596,-26.06194073234,0.));
#6606 = LINE('',#6607,#6608);
#6607 = CARTESIAN_POINT('',(1.408987318596,-26.06194073234,0.));
#6608 = VECTOR('',#6609,1.);
#6609 = DIRECTION('',(0.,0.,1.));
#6610 = ORIENTED_EDGE('',*,*,#6611,.F.);
#6611 = EDGE_CURVE('',#6554,#6604,#6612,.T.);
#6612 = B_SPLINE_CURVE_WITH_KNOTS('',3,(#6613,#6614,#6615,#6616,#6617,
    #6618,#6619,#6620,#6621,#6622,#6623,#6624,#6625,#6626,#6627,#6628,
    #6629,#6630,#6631,#6632,#6633,#6634),.UNSPECIFIED.,.F.,.F.,(4,1,1,1,
    1,1,1,1,1,1,1,1,1,1,1,1,1,1,1,4),(0.,0.215930110637,0.425449164594,
    0.62855716187,0.825254102467,1.015539986384,1.199414813622,
    1.376878584181,1.547931298062,1.712572955265,1.870803555792,
    2.022623099642,2.168031586817,2.307029017318,2.439615391146,
    2.565790708302,2.685554968787,2.798908172604,2.905850319754,
    3.00638141024),.UNSPECIFIED.);
#6613 = CARTESIAN_POINT('',(0.372825359136,-28.87259299494,0.));
#6614 = CARTESIAN_POINT('',(0.406368748348,-28.80890992544,0.));
#6615 = CARTESIAN_POINT('',(0.47148004029,-28.68291675843,0.));
#6616 = CARTESIAN_POINT('',(0.564702669849,-28.49526982227,0.));
#6617 = CARTESIAN_POINT('',(0.652171184392,-28.31195147862,0.));
#6618 = CARTESIAN_POINT('',(0.734046697133,-28.13309584157,0.));
#6619 = CARTESIAN_POINT('',(0.810494049496,-27.95883290771,0.));
#6620 = CARTESIAN_POINT('',(0.881680538198,-27.7892885703,0.));
#6621 = CARTESIAN_POINT('',(0.947776128347,-27.62458454932,0.));
#6622 = CARTESIAN_POINT('',(1.008953285853,-27.46483834521,0.));
#6623 = CARTESIAN_POINT('',(1.065386905658,-27.31016318889,0.));
#6624 = CARTESIAN_POINT('',(1.11725421457,-27.16066799501,0.));
#6625 = CARTESIAN_POINT('',(1.164734678938,-27.01645731673,0.));
#6626 = CARTESIAN_POINT('',(1.208009911791,-26.8776313024,0.));
#6627 = CARTESIAN_POINT('',(1.24726357294,-26.74428565438,0.));
#6628 = CARTESIAN_POINT('',(1.282681291385,-26.61651158855,0.));
#6629 = CARTESIAN_POINT('',(1.31445050638,-26.49439580037,0.));
#6630 = CARTESIAN_POINT('',(1.342760587256,-26.37802041653,0.));
#6631 = CARTESIAN_POINT('',(1.367801987781,-26.26746300505,0.));
#6632 = CARTESIAN_POINT('',(1.389768716597,-26.16279639305,0.));
#6633 = CARTESIAN_POINT('',(1.402894816624,-26.09489331638,0.));
#6634 = CARTESIAN_POINT('',(1.408987318596,-26.06194073234,0.));
#6635 = SURFACE_OF_LINEAR_EXTRUSION('',#6636,#6659);
#6636 = B_SPLINE_CURVE_WITH_KNOTS('',3,(#6637,#6638,#6639,#6640,#6641,
    #6642,#6643,#6644,#6645,#6646,#6647,#6648,#6649,#6650,#6651,#6652,
    #6653,#6654,#6655,#6656,#6657,#6658),.UNSPECIFIED.,.F.,.F.,(4,1,1,1,
    1,1,1,1,1,1,1,1,1,1,1,1,1,1,1,4),(0.,0.215930110637,0.425449164594,
    0.62855716187,0.825254102467,1.015539986384,1.199414813622,
    1.376878584181,1.547931298062,1.712572955265,1.870803555792,
    2.022623099642,2.168031586817,2.307029017318,2.439615391146,
    2.565790708302,2.685554968787,2.798908172604,2.905850319754,
    3.00638141024),.UNSPECIFIED.);
#6637 = CARTESIAN_POINT('',(0.372825359136,-28.87259299494,0.));
#6638 = CARTESIAN_POINT('',(0.406368748348,-28.80890992544,0.));
#6639 = CARTESIAN_POINT('',(0.47148004029,-28.68291675843,0.));
#6640 = CARTESIAN_POINT('',(0.564702669849,-28.49526982227,0.));
#6641 = CARTESIAN_POINT('',(0.652171184392,-28.31195147862,0.));
#6642 = CARTESIAN_POINT('',(0.734046697133,-28.13309584157,0.));
#6643 = CARTESIAN_POINT('',(0.810494049496,-27.95883290771,0.));
#6644 = CARTESIAN_POINT('',(0.881680538198,-27.7892885703,0.));
#6645 = CARTESIAN_POINT('',(0.947776128347,-27.62458454932,0.));
#6646 = CARTESIAN_POINT('',(1.008953285853,-27.46483834521,0.));
#6647 = CARTESIAN_POINT('',(1.065386905658,-27.31016318889,0.));
#6648 = CARTESIAN_POINT('',(1.11725421457,-27.16066799501,0.));
#6649 = CARTESIAN_POINT('',(1.164734678938,-27.01645731673,0.));
#6650 = CARTESIAN_POINT('',(1.208009911791,-26.8776313024,0.));
#6651 = CARTESIAN_POINT('',(1.24726357294,-26.74428565438,0.));
#6652 = CARTESIAN_POINT('',(1.282681291385,-26.61651158855,0.));
#6653 = CARTESIAN_POINT('',(1.31445050638,-26.49439580037,0.));
#6654 = CARTESIAN_POINT('',(1.342760587256,-26.37802041653,0.));
#6655 = CARTESIAN_POINT('',(1.367801987781,-26.26746300505,0.));
#6656 = CARTESIAN_POINT('',(1.389768716597,-26.16279639305,0.));
#6657 = CARTESIAN_POINT('',(1.402894816624,-26.09489331638,0.));
#6658 = CARTESIAN_POINT('',(1.408987318596,-26.06194073234,0.));
#6659 = VECTOR('',#6660,1.);
#6660 = DIRECTION('',(-0.,-0.,-1.));
#6661 = ADVANCED_FACE('',(#6662),#6685,.T.);
#6662 = FACE_BOUND('',#6663,.T.);
#6663 = EDGE_LOOP('',(#6664,#6665,#6672,#6680));
#6664 = ORIENTED_EDGE('',*,*,#6603,.T.);
#6665 = ORIENTED_EDGE('',*,*,#6666,.T.);
#6666 = EDGE_CURVE('',#6577,#6667,#6669,.T.);
#6667 = VERTEX_POINT('',#6668);
#6668 = CARTESIAN_POINT('',(3.138026879385,-25.91066937198,10.));
#6669 = B_SPLINE_CURVE_WITH_KNOTS('',1,(#6670,#6671),.UNSPECIFIED.,.F.,
  .F.,(2,2),(0.,1.735644211017),.PIECEWISE_BEZIER_KNOTS.);
#6670 = CARTESIAN_POINT('',(1.408987318596,-26.06194073234,10.));
#6671 = CARTESIAN_POINT('',(3.138026879385,-25.91066937198,10.));
#6672 = ORIENTED_EDGE('',*,*,#6673,.F.);
#6673 = EDGE_CURVE('',#6674,#6667,#6676,.T.);
#6674 = VERTEX_POINT('',#6675);
#6675 = CARTESIAN_POINT('',(3.138026879385,-25.91066937198,0.));
#6676 = LINE('',#6677,#6678);
#6677 = CARTESIAN_POINT('',(3.138026879385,-25.91066937198,0.));
#6678 = VECTOR('',#6679,1.);
#6679 = DIRECTION('',(0.,0.,1.));
#6680 = ORIENTED_EDGE('',*,*,#6681,.F.);
#6681 = EDGE_CURVE('',#6604,#6674,#6682,.T.);
#6682 = B_SPLINE_CURVE_WITH_KNOTS('',1,(#6683,#6684),.UNSPECIFIED.,.F.,
  .F.,(2,2),(0.,1.735644211017),.PIECEWISE_BEZIER_KNOTS.);
#6683 = CARTESIAN_POINT('',(1.408987318596,-26.06194073234,0.));
#6684 = CARTESIAN_POINT('',(3.138026879385,-25.91066937198,0.));
#6685 = SURFACE_OF_LINEAR_EXTRUSION('',#6686,#6689);
#6686 = B_SPLINE_CURVE_WITH_KNOTS('',1,(#6687,#6688),.UNSPECIFIED.,.F.,
  .F.,(2,2),(0.,1.735644211017),.PIECEWISE_BEZIER_KNOTS.);
#6687 = CARTESIAN_POINT('',(1.408987318596,-26.06194073234,0.));
#6688 = CARTESIAN_POINT('',(3.138026879385,-25.91066937198,0.));
#6689 = VECTOR('',#6690,1.);
#6690 = DIRECTION('',(-0.,-0.,-1.));
#6691 = ADVANCED_FACE('',(#6692),#6755,.T.);
#6692 = FACE_BOUND('',#6693,.T.);
#6693 = EDGE_LOOP('',(#6694,#6695,#6722,#6730));
#6694 = ORIENTED_EDGE('',*,*,#6673,.T.);
#6695 = ORIENTED_EDGE('',*,*,#6696,.T.);
#6696 = EDGE_CURVE('',#6667,#6697,#6699,.T.);
#6697 = VERTEX_POINT('',#6698);
#6698 = CARTESIAN_POINT('',(4.646511853894,-28.49869387518,10.));
#6699 = B_SPLINE_CURVE_WITH_KNOTS('',3,(#6700,#6701,#6702,#6703,#6704,
    #6705,#6706,#6707,#6708,#6709,#6710,#6711,#6712,#6713,#6714,#6715,
    #6716,#6717,#6718,#6719,#6720,#6721),.UNSPECIFIED.,.F.,.F.,(4,1,1,1,
    1,1,1,1,1,1,1,1,1,1,1,1,1,1,1,4),(0.,0.100531090486,0.207473237636,
    0.320826441453,0.440590701938,0.566766019094,0.699352392922,
    0.838349823423,0.983758310598,1.135577854448,1.293808454975,
    1.458450112178,1.629502826059,1.806966596619,1.990841423856,
    2.181127307773,2.37782424837,2.580932245646,2.790451299603,
    3.00638141024),.UNSPECIFIED.);
#6700 = CARTESIAN_POINT('',(3.138026879385,-25.91066937198,10.));
#6701 = CARTESIAN_POINT('',(3.14974897873,-25.94206338036,10.));
#6702 = CARTESIAN_POINT('',(3.174466909327,-26.00665553337,10.));
#6703 = CARTESIAN_POINT('',(3.21427508061,-26.10591754193,10.));
#6704 = CARTESIAN_POINT('',(3.258134139024,-26.21044694434,10.));
#6705 = CARTESIAN_POINT('',(3.306222499488,-26.32013833065,10.));
#6706 = CARTESIAN_POINT('',(3.358714252804,-26.43488223932,10.));
#6707 = CARTESIAN_POINT('',(3.415781630207,-26.55456490772,10.));
#6708 = CARTESIAN_POINT('',(3.477594168819,-26.67906840899,10.));
#6709 = CARTESIAN_POINT('',(3.544318838048,-26.80827067891,10.));
#6710 = CARTESIAN_POINT('',(3.616119888956,-26.94204557682,10.));
#6711 = CARTESIAN_POINT('',(3.693158784888,-27.08026293912,10.));
#6712 = CARTESIAN_POINT('',(3.775594110228,-27.22278863702,10.));
#6713 = CARTESIAN_POINT('',(3.863581486479,-27.36948463543,10.));
#6714 = CARTESIAN_POINT('',(3.957273489195,-27.52020905346,10.));
#6715 = CARTESIAN_POINT('',(4.056819560404,-27.67481622739,10.));
#6716 = CARTESIAN_POINT('',(4.162365946609,-27.83315677229,10.));
#6717 = CARTESIAN_POINT('',(4.274055541777,-27.99507765675,10.));
#6718 = CARTESIAN_POINT('',(4.39202810935,-28.16042223469,10.));
#6719 = CARTESIAN_POINT('',(4.516419026206,-28.32903045251,10.));
#6720 = CARTESIAN_POINT('',(4.602419615169,-28.44180304302,10.));
#6721 = CARTESIAN_POINT('',(4.646511853894,-28.49869387518,10.));
#6722 = ORIENTED_EDGE('',*,*,#6723,.F.);
#6723 = EDGE_CURVE('',#6724,#6697,#6726,.T.);
#6724 = VERTEX_POINT('',#6725);
#6725 = CARTESIAN_POINT('',(4.646511853894,-28.49869387518,0.));
#6726 = LINE('',#6727,#6728);
#6727 = CARTESIAN_POINT('',(4.646511853894,-28.49869387518,0.));
#6728 = VECTOR('',#6729,1.);
#6729 = DIRECTION('',(0.,0.,1.));
#6730 = ORIENTED_EDGE('',*,*,#6731,.F.);
#6731 = EDGE_CURVE('',#6674,#6724,#6732,.T.);
#6732 = B_SPLINE_CURVE_WITH_KNOTS('',3,(#6733,#6734,#6735,#6736,#6737,
    #6738,#6739,#6740,#6741,#6742,#6743,#6744,#6745,#6746,#6747,#6748,
    #6749,#6750,#6751,#6752,#6753,#6754),.UNSPECIFIED.,.F.,.F.,(4,1,1,1,
    1,1,1,1,1,1,1,1,1,1,1,1,1,1,1,4),(0.,0.100531090486,0.207473237636,
    0.320826441453,0.440590701938,0.566766019094,0.699352392922,
    0.838349823423,0.983758310598,1.135577854448,1.293808454975,
    1.458450112178,1.629502826059,1.806966596619,1.990841423856,
    2.181127307773,2.37782424837,2.580932245646,2.790451299603,
    3.00638141024),.UNSPECIFIED.);
#6733 = CARTESIAN_POINT('',(3.138026879385,-25.91066937198,0.));
#6734 = CARTESIAN_POINT('',(3.14974897873,-25.94206338036,0.));
#6735 = CARTESIAN_POINT('',(3.174466909327,-26.00665553337,0.));
#6736 = CARTESIAN_POINT('',(3.21427508061,-26.10591754193,0.));
#6737 = CARTESIAN_POINT('',(3.258134139024,-26.21044694434,0.));
#6738 = CARTESIAN_POINT('',(3.306222499488,-26.32013833065,0.));
#6739 = CARTESIAN_POINT('',(3.358714252804,-26.43488223932,0.));
#6740 = CARTESIAN_POINT('',(3.415781630207,-26.55456490772,0.));
#6741 = CARTESIAN_POINT('',(3.477594168819,-26.67906840899,0.));
#6742 = CARTESIAN_POINT('',(3.544318838048,-26.80827067891,0.));
#6743 = CARTESIAN_POINT('',(3.616119888956,-26.94204557682,0.));
#6744 = CARTESIAN_POINT('',(3.693158784888,-27.08026293912,0.));
#6745 = CARTESIAN_POINT('',(3.775594110228,-27.22278863702,0.));
#6746 = CARTESIAN_POINT('',(3.863581486479,-27.36948463543,0.));
#6747 = CARTESIAN_POINT('',(3.957273489195,-27.52020905346,0.));
#6748 = CARTESIAN_POINT('',(4.056819560404,-27.67481622739,0.));
#6749 = CARTESIAN_POINT('',(4.162365946609,-27.83315677229,0.));
#6750 = CARTESIAN_POINT('',(4.274055541777,-27.99507765675,0.));
#6751 = CARTESIAN_POINT('',(4.39202810935,-28.16042223469,0.));
#6752 = CARTESIAN_POINT('',(4.516419026206,-28.32903045251,0.));
#6753 = CARTESIAN_POINT('',(4.602419615169,-28.44180304302,0.));
#6754 = CARTESIAN_POINT('',(4.646511853894,-28.49869387518,0.));
#6755 = SURFACE_OF_LINEAR_EXTRUSION('',#6756,#6779);
#6756 = B_SPLINE_CURVE_WITH_KNOTS('',3,(#6757,#6758,#6759,#6760,#6761,
    #6762,#6763,#6764,#6765,#6766,#6767,#6768,#6769,#6770,#6771,#6772,
    #6773,#6774,#6775,#6776,#6777,#6778),.UNSPECIFIED.,.F.,.F.,(4,1,1,1,
    1,1,1,1,1,1,1,1,1,1,1,1,1,1,1,4),(0.,0.100531090486,0.207473237636,
    0.320826441453,0.440590701938,0.566766019094,0.699352392922,
    0.838349823423,0.983758310598,1.135577854448,1.293808454975,
    1.458450112178,1.629502826059,1.806966596619,1.990841423856,
    2.181127307773,2.37782424837,2.580932245646,2.790451299603,
    3.00638141024),.UNSPECIFIED.);
#6757 = CARTESIAN_POINT('',(3.138026879385,-25.91066937198,0.));
#6758 = CARTESIAN_POINT('',(3.14974897873,-25.94206338036,0.));
#6759 = CARTESIAN_POINT('',(3.174466909327,-26.00665553337,0.));
#6760 = CARTESIAN_POINT('',(3.21427508061,-26.10591754193,0.));
#6761 = CARTESIAN_POINT('',(3.258134139024,-26.21044694434,0.));
#6762 = CARTESIAN_POINT('',(3.306222499488,-26.32013833065,0.));
#6763 = CARTESIAN_POINT('',(3.358714252804,-26.43488223932,0.));
#6764 = CARTESIAN_POINT('',(3.415781630207,-26.55456490772,0.));
#6765 = CARTESIAN_POINT('',(3.477594168819,-26.67906840899,0.));
#6766 = CARTESIAN_POINT('',(3.544318838048,-26.80827067891,0.));
#6767 = CARTESIAN_POINT('',(3.616119888956,-26.94204557682,0.));
#6768 = CARTESIAN_POINT('',(3.693158784888,-27.08026293912,0.));
#6769 = CARTESIAN_POINT('',(3.775594110228,-27.22278863702,0.));
#6770 = CARTESIAN_POINT('',(3.863581486479,-27.36948463543,0.));
#6771 = CARTESIAN_POINT('',(3.957273489195,-27.52020905346,0.));
#6772 = CARTESIAN_POINT('',(4.056819560404,-27.67481622739,0.));
#6773 = CARTESIAN_POINT('',(4.162365946609,-27.83315677229,0.));
#6774 = CARTESIAN_POINT('',(4.274055541777,-27.99507765675,0.));
#6775 = CARTESIAN_POINT('',(4.39202810935,-28.16042223469,0.));
#6776 = CARTESIAN_POINT('',(4.516419026206,-28.32903045251,0.));
#6777 = CARTESIAN_POINT('',(4.602419615169,-28.44180304302,0.));
#6778 = CARTESIAN_POINT('',(4.646511853894,-28.49869387518,0.));
#6779 = VECTOR('',#6780,1.);
#6780 = DIRECTION('',(-0.,-0.,-1.));
#6781 = ADVANCED_FACE('',(#6782),#6805,.T.);
#6782 = FACE_BOUND('',#6783,.T.);
#6783 = EDGE_LOOP('',(#6784,#6785,#6792,#6800));
#6784 = ORIENTED_EDGE('',*,*,#6723,.T.);
#6785 = ORIENTED_EDGE('',*,*,#6786,.T.);
#6786 = EDGE_CURVE('',#6697,#6787,#6789,.T.);
#6787 = VERTEX_POINT('',#6788);
#6788 = CARTESIAN_POINT('',(5.380834462287,-28.36921298678,10.));
#6789 = B_SPLINE_CURVE_WITH_KNOTS('',1,(#6790,#6791),.UNSPECIFIED.,.F.,
  .F.,(2,2),(0.,0.745650718271),.PIECEWISE_BEZIER_KNOTS.);
#6790 = CARTESIAN_POINT('',(4.646511853894,-28.49869387518,10.));
#6791 = CARTESIAN_POINT('',(5.380834462287,-28.36921298678,10.));
#6792 = ORIENTED_EDGE('',*,*,#6793,.F.);
#6793 = EDGE_CURVE('',#6794,#6787,#6796,.T.);
#6794 = VERTEX_POINT('',#6795);
#6795 = CARTESIAN_POINT('',(5.380834462287,-28.36921298678,0.));
#6796 = LINE('',#6797,#6798);
#6797 = CARTESIAN_POINT('',(5.380834462287,-28.36921298678,0.));
#6798 = VECTOR('',#6799,1.);
#6799 = DIRECTION('',(0.,0.,1.));
#6800 = ORIENTED_EDGE('',*,*,#6801,.F.);
#6801 = EDGE_CURVE('',#6724,#6794,#6802,.T.);
#6802 = B_SPLINE_CURVE_WITH_KNOTS('',1,(#6803,#6804),.UNSPECIFIED.,.F.,
  .F.,(2,2),(0.,0.745650718271),.PIECEWISE_BEZIER_KNOTS.);
#6803 = CARTESIAN_POINT('',(4.646511853894,-28.49869387518,0.));
#6804 = CARTESIAN_POINT('',(5.380834462287,-28.36921298678,0.));
#6805 = SURFACE_OF_LINEAR_EXTRUSION('',#6806,#6809);
#6806 = B_SPLINE_CURVE_WITH_KNOTS('',1,(#6807,#6808),.UNSPECIFIED.,.F.,
  .F.,(2,2),(0.,0.745650718271),.PIECEWISE_BEZIER_KNOTS.);
#6807 = CARTESIAN_POINT('',(4.646511853894,-28.49869387518,0.));
#6808 = CARTESIAN_POINT('',(5.380834462287,-28.36921298678,0.));
#6809 = VECTOR('',#6810,1.);
#6810 = DIRECTION('',(-0.,-0.,-1.));
#6811 = ADVANCED_FACE('',(#6812),#6875,.T.);
#6812 = FACE_BOUND('',#6813,.T.);
#6813 = EDGE_LOOP('',(#6814,#6815,#6842,#6850));
#6814 = ORIENTED_EDGE('',*,*,#6793,.T.);
#6815 = ORIENTED_EDGE('',*,*,#6816,.T.);
#6816 = EDGE_CURVE('',#6787,#6817,#6819,.T.);
#6817 = VERTEX_POINT('',#6818);
#6818 = CARTESIAN_POINT('',(5.913190149884,-25.42133321152,10.));
#6819 = B_SPLINE_CURVE_WITH_KNOTS('',3,(#6820,#6821,#6822,#6823,#6824,
    #6825,#6826,#6827,#6828,#6829,#6830,#6831,#6832,#6833,#6834,#6835,
    #6836,#6837,#6838,#6839,#6840,#6841),.UNSPECIFIED.,.F.,.F.,(4,1,1,1,
    1,1,1,1,1,1,1,1,1,1,1,1,1,1,1,4),(0.,0.215930110637,0.425449164594,
    0.62855716187,0.825254102467,1.015539986384,1.199414813622,
    1.376878584181,1.547931298062,1.712572955265,1.870803555792,
    2.022623099642,2.168031586817,2.307029017318,2.439615391146,
    2.565790708302,2.685554968787,2.798908172604,2.905850319754,
    3.00638141024),.UNSPECIFIED.);
#6820 = CARTESIAN_POINT('',(5.380834462287,-28.36921298678,10.));
#6821 = CARTESIAN_POINT('',(5.402809803079,-28.30067265779,10.));
#6822 = CARTESIAN_POINT('',(5.445053424342,-28.1652871529,10.));
#6823 = CARTESIAN_POINT('',(5.504275244179,-27.9643030556,10.));
#6824 = CARTESIAN_POINT('',(5.558582019139,-27.76858098136,10.));
#6825 = CARTESIAN_POINT('',(5.608155703429,-27.57822502974,10.));
#6826 = CARTESIAN_POINT('',(5.653181207832,-27.39333459798,10.));
#6827 = CARTESIAN_POINT('',(5.693845148591,-27.21400461598,10.));
#6828 = CARTESIAN_POINT('',(5.730336045112,-27.04032544038,10.));
#6829 = CARTESIAN_POINT('',(5.762844146898,-26.87238283815,10.));
#6830 = CARTESIAN_POINT('',(5.791561354187,-26.71025794977,10.));
#6831 = CARTESIAN_POINT('',(5.816681114144,-26.55402726012,10.));
#6832 = CARTESIAN_POINT('',(5.838398322088,-26.40376256998,10.));
#6833 = CARTESIAN_POINT('',(5.856909222513,-26.25953096942,10.));
#6834 = CARTESIAN_POINT('',(5.872411303568,-26.12139481469,10.));
#6835 = CARTESIAN_POINT('',(5.885103213602,-25.98941170177,10.));
#6836 = CARTESIAN_POINT('',(5.895184598756,-25.86363446051,10.));
#6837 = CARTESIAN_POINT('',(5.902856212562,-25.7441110863,10.));
#6838 = CARTESIAN_POINT('',(5.908319084914,-25.63088489675,10.));
#6839 = CARTESIAN_POINT('',(5.911776923324,-25.52399392334,10.));
#6840 = CARTESIAN_POINT('',(5.912912362874,-25.45484312363,10.));
#6841 = CARTESIAN_POINT('',(5.913190149884,-25.42133321152,10.));
#6842 = ORIENTED_EDGE('',*,*,#6843,.F.);
#6843 = EDGE_CURVE('',#6844,#6817,#6846,.T.);
#6844 = VERTEX_POINT('',#6845);
#6845 = CARTESIAN_POINT('',(5.913190149884,-25.42133321152,0.));
#6846 = LINE('',#6847,#6848);
#6847 = CARTESIAN_POINT('',(5.913190149884,-25.42133321152,0.));
#6848 = VECTOR('',#6849,1.);
#6849 = DIRECTION('',(0.,0.,1.));
#6850 = ORIENTED_EDGE('',*,*,#6851,.F.);
#6851 = EDGE_CURVE('',#6794,#6844,#6852,.T.);
#6852 = B_SPLINE_CURVE_WITH_KNOTS('',3,(#6853,#6854,#6855,#6856,#6857,
    #6858,#6859,#6860,#6861,#6862,#6863,#6864,#6865,#6866,#6867,#6868,
    #6869,#6870,#6871,#6872,#6873,#6874),.UNSPECIFIED.,.F.,.F.,(4,1,1,1,
    1,1,1,1,1,1,1,1,1,1,1,1,1,1,1,4),(0.,0.215930110637,0.425449164594,
    0.62855716187,0.825254102467,1.015539986384,1.199414813622,
    1.376878584181,1.547931298062,1.712572955265,1.870803555792,
    2.022623099642,2.168031586817,2.307029017318,2.439615391146,
    2.565790708302,2.685554968787,2.798908172604,2.905850319754,
    3.00638141024),.UNSPECIFIED.);
#6853 = CARTESIAN_POINT('',(5.380834462287,-28.36921298678,0.));
#6854 = CARTESIAN_POINT('',(5.402809803079,-28.30067265779,0.));
#6855 = CARTESIAN_POINT('',(5.445053424342,-28.1652871529,0.));
#6856 = CARTESIAN_POINT('',(5.504275244179,-27.9643030556,0.));
#6857 = CARTESIAN_POINT('',(5.558582019139,-27.76858098136,0.));
#6858 = CARTESIAN_POINT('',(5.608155703429,-27.57822502974,0.));
#6859 = CARTESIAN_POINT('',(5.653181207832,-27.39333459798,0.));
#6860 = CARTESIAN_POINT('',(5.693845148591,-27.21400461598,0.));
#6861 = CARTESIAN_POINT('',(5.730336045112,-27.04032544038,0.));
#6862 = CARTESIAN_POINT('',(5.762844146898,-26.87238283815,0.));
#6863 = CARTESIAN_POINT('',(5.791561354187,-26.71025794977,0.));
#6864 = CARTESIAN_POINT('',(5.816681114144,-26.55402726012,0.));
#6865 = CARTESIAN_POINT('',(5.838398322088,-26.40376256998,0.));
#6866 = CARTESIAN_POINT('',(5.856909222513,-26.25953096942,0.));
#6867 = CARTESIAN_POINT('',(5.872411303568,-26.12139481469,0.));
#6868 = CARTESIAN_POINT('',(5.885103213602,-25.98941170177,0.));
#6869 = CARTESIAN_POINT('',(5.895184598756,-25.86363446051,0.));
#6870 = CARTESIAN_POINT('',(5.902856212562,-25.7441110863,0.));
#6871 = CARTESIAN_POINT('',(5.908319084914,-25.63088489675,0.));
#6872 = CARTESIAN_POINT('',(5.911776923324,-25.52399392334,0.));
#6873 = CARTESIAN_POINT('',(5.912912362874,-25.45484312363,0.));
#6874 = CARTESIAN_POINT('',(5.913190149884,-25.42133321152,0.));
#6875 = SURFACE_OF_LINEAR_EXTRUSION('',#6876,#6899);
#6876 = B_SPLINE_CURVE_WITH_KNOTS('',3,(#6877,#6878,#6879,#6880,#6881,
    #6882,#6883,#6884,#6885,#6886,#6887,#6888,#6889,#6890,#6891,#6892,
    #6893,#6894,#6895,#6896,#6897,#6898),.UNSPECIFIED.,.F.,.F.,(4,1,1,1,
    1,1,1,1,1,1,1,1,1,1,1,1,1,1,1,4),(0.,0.215930110637,0.425449164594,
    0.62855716187,0.825254102467,1.015539986384,1.199414813622,
    1.376878584181,1.547931298062,1.712572955265,1.870803555792,
    2.022623099642,2.168031586817,2.307029017318,2.439615391146,
    2.565790708302,2.685554968787,2.798908172604,2.905850319754,
    3.00638141024),.UNSPECIFIED.);
#6877 = CARTESIAN_POINT('',(5.380834462287,-28.36921298678,0.));
#6878 = CARTESIAN_POINT('',(5.402809803079,-28.30067265779,0.));
#6879 = CARTESIAN_POINT('',(5.445053424342,-28.1652871529,0.));
#6880 = CARTESIAN_POINT('',(5.504275244179,-27.9643030556,0.));
#6881 = CARTESIAN_POINT('',(5.558582019139,-27.76858098136,0.));
#6882 = CARTESIAN_POINT('',(5.608155703429,-27.57822502974,0.));
#6883 = CARTESIAN_POINT('',(5.653181207832,-27.39333459798,0.));
#6884 = CARTESIAN_POINT('',(5.693845148591,-27.21400461598,0.));
#6885 = CARTESIAN_POINT('',(5.730336045112,-27.04032544038,0.));
#6886 = CARTESIAN_POINT('',(5.762844146898,-26.87238283815,0.));
#6887 = CARTESIAN_POINT('',(5.791561354187,-26.71025794977,0.));
#6888 = CARTESIAN_POINT('',(5.816681114144,-26.55402726012,0.));
#6889 = CARTESIAN_POINT('',(5.838398322088,-26.40376256998,0.));
#6890 = CARTESIAN_POINT('',(5.856909222513,-26.25953096942,0.));
#6891 = CARTESIAN_POINT('',(5.872411303568,-26.12139481469,0.));
#6892 = CARTESIAN_POINT('',(5.885103213602,-25.98941170177,0.));
#6893 = CARTESIAN_POINT('',(5.895184598756,-25.86363446051,0.));
#6894 = CARTESIAN_POINT('',(5.902856212562,-25.7441110863,0.));
#6895 = CARTESIAN_POINT('',(5.908319084914,-25.63088489675,0.));
#6896 = CARTESIAN_POINT('',(5.911776923324,-25.52399392334,0.));
#6897 = CARTESIAN_POINT('',(5.912912362874,-25.45484312363,0.));
#6898 = CARTESIAN_POINT('',(5.913190149884,-25.42133321152,0.));
#6899 = VECTOR('',#6900,1.);
#6900 = DIRECTION('',(-0.,-0.,-1.));
#6901 = ADVANCED_FACE('',(#6902),#6925,.T.);
#6902 = FACE_BOUND('',#6903,.T.);
#6903 = EDGE_LOOP('',(#6904,#6905,#6912,#6920));
#6904 = ORIENTED_EDGE('',*,*,#6843,.T.);
#6905 = ORIENTED_EDGE('',*,*,#6906,.T.);
#6906 = EDGE_CURVE('',#6817,#6907,#6909,.T.);
#6907 = VERTEX_POINT('',#6908);
#6908 = CARTESIAN_POINT('',(7.589693718554,-24.97211543419,10.));
#6909 = B_SPLINE_CURVE_WITH_KNOTS('',1,(#6910,#6911),.UNSPECIFIED.,.F.,
  .F.,(2,2),(0.,1.735644211017),.PIECEWISE_BEZIER_KNOTS.);
#6910 = CARTESIAN_POINT('',(5.913190149884,-25.42133321152,10.));
#6911 = CARTESIAN_POINT('',(7.589693718554,-24.97211543419,10.));
#6912 = ORIENTED_EDGE('',*,*,#6913,.F.);
#6913 = EDGE_CURVE('',#6914,#6907,#6916,.T.);
#6914 = VERTEX_POINT('',#6915);
#6915 = CARTESIAN_POINT('',(7.589693718554,-24.97211543419,0.));
#6916 = LINE('',#6917,#6918);
#6917 = CARTESIAN_POINT('',(7.589693718554,-24.97211543419,0.));
#6918 = VECTOR('',#6919,1.);
#6919 = DIRECTION('',(0.,0.,1.));
#6920 = ORIENTED_EDGE('',*,*,#6921,.F.);
#6921 = EDGE_CURVE('',#6844,#6914,#6922,.T.);
#6922 = B_SPLINE_CURVE_WITH_KNOTS('',1,(#6923,#6924),.UNSPECIFIED.,.F.,
  .F.,(2,2),(0.,1.735644211017),.PIECEWISE_BEZIER_KNOTS.);
#6923 = CARTESIAN_POINT('',(5.913190149884,-25.42133321152,0.));
#6924 = CARTESIAN_POINT('',(7.589693718554,-24.97211543419,0.));
#6925 = SURFACE_OF_LINEAR_EXTRUSION('',#6926,#6929);
#6926 = B_SPLINE_CURVE_WITH_KNOTS('',1,(#6927,#6928),.UNSPECIFIED.,.F.,
  .F.,(2,2),(0.,1.735644211017),.PIECEWISE_BEZIER_KNOTS.);
#6927 = CARTESIAN_POINT('',(5.913190149884,-25.42133321152,0.));
#6928 = CARTESIAN_POINT('',(7.589693718554,-24.97211543419,0.));
#6929 = VECTOR('',#6930,1.);
#6930 = DIRECTION('',(-0.,-0.,-1.));
#6931 = ADVANCED_FACE('',(#6932),#6995,.T.);
#6932 = FACE_BOUND('',#6933,.T.);
#6933 = EDGE_LOOP('',(#6934,#6935,#6962,#6970));
#6934 = ORIENTED_EDGE('',*,*,#6913,.T.);
#6935 = ORIENTED_EDGE('',*,*,#6936,.T.);
#6936 = EDGE_CURVE('',#6907,#6937,#6939,.T.);
#6937 = VERTEX_POINT('',#6938);
#6938 = CARTESIAN_POINT('',(9.524667155492,-27.25887636306,10.));
#6939 = B_SPLINE_CURVE_WITH_KNOTS('',3,(#6940,#6941,#6942,#6943,#6944,
    #6945,#6946,#6947,#6948,#6949,#6950,#6951,#6952,#6953,#6954,#6955,
    #6956,#6957,#6958,#6959,#6960,#6961),.UNSPECIFIED.,.F.,.F.,(4,1,1,1,
    1,1,1,1,1,1,1,1,1,1,1,1,1,1,1,4),(0.,0.100531090486,0.207473237636,
    0.320826441453,0.440590701938,0.566766019094,0.699352392922,
    0.838349823423,0.983758310598,1.135577854448,1.293808454975,
    1.458450112178,1.629502826059,1.806966596619,1.990841423856,
    2.181127307773,2.37782424837,2.580932245646,2.790451299603,
    3.00638141024),.UNSPECIFIED.);
#6940 = CARTESIAN_POINT('',(7.589693718554,-24.97211543419,10.));
#6941 = CARTESIAN_POINT('',(7.606689245216,-25.00099697585,10.));
#6942 = CARTESIAN_POINT('',(7.642247964569,-25.06031560532,10.));
#6943 = CARTESIAN_POINT('',(7.698688027178,-25.15115698452,10.));
#6944 = CARTESIAN_POINT('',(7.760032108185,-25.24648230486,10.));
#6945 = CARTESIAN_POINT('',(7.826437607738,-25.34615677638,10.));
#6946 = CARTESIAN_POINT('',(7.898056964012,-25.45004236994,10.));
#6947 = CARTESIAN_POINT('',(7.975040036988,-25.55799714359,10.));
#6948 = CARTESIAN_POINT('',(8.057533310357,-25.66987552224,10.));
#6949 = CARTESIAN_POINT('',(8.145680020652,-25.78552830214,10.));
#6950 = CARTESIAN_POINT('',(8.2396200195,-25.90480273712,10.));
#6951 = CARTESIAN_POINT('',(8.339489714583,-26.02754260322,10.));
#6952 = CARTESIAN_POINT('',(8.445421989811,-26.1535882715,10.));
#6953 = CARTESIAN_POINT('',(8.557546132905,-26.28277678053,10.));
#6954 = CARTESIAN_POINT('',(8.675987764097,-26.41494191044,10.));
#6955 = CARTESIAN_POINT('',(8.800868760812,-26.54991426013,10.));
#6956 = CARTESIAN_POINT('',(8.932307207322,-26.68752131875,10.));
#6957 = CARTESIAN_POINT('',(9.070417253087,-26.82758756647,10.));
#6958 = CARTESIAN_POINT('',(9.215309336921,-26.96993446737,10.));
#6959 = CARTESIAN_POINT('',(9.36708898601,-27.11438089147,10.));
#6960 = CARTESIAN_POINT('',(9.471365787616,-27.21050636737,10.));
#6961 = CARTESIAN_POINT('',(9.524667155492,-27.25887636306,10.));
#6962 = ORIENTED_EDGE('',*,*,#6963,.F.);
#6963 = EDGE_CURVE('',#6964,#6937,#6966,.T.);
#6964 = VERTEX_POINT('',#6965);
#6965 = CARTESIAN_POINT('',(9.524667155492,-27.25887636306,0.));
#6966 = LINE('',#6967,#6968);
#6967 = CARTESIAN_POINT('',(9.524667155492,-27.25887636306,0.));
#6968 = VECTOR('',#6969,1.);
#6969 = DIRECTION('',(0.,0.,1.));
#6970 = ORIENTED_EDGE('',*,*,#6971,.F.);
#6971 = EDGE_CURVE('',#6914,#6964,#6972,.T.);
#6972 = B_SPLINE_CURVE_WITH_KNOTS('',3,(#6973,#6974,#6975,#6976,#6977,
    #6978,#6979,#6980,#6981,#6982,#6983,#6984,#6985,#6986,#6987,#6988,
    #6989,#6990,#6991,#6992,#6993,#6994),.UNSPECIFIED.,.F.,.F.,(4,1,1,1,
    1,1,1,1,1,1,1,1,1,1,1,1,1,1,1,4),(0.,0.100531090486,0.207473237636,
    0.320826441453,0.440590701938,0.566766019094,0.699352392922,
    0.838349823423,0.983758310598,1.135577854448,1.293808454975,
    1.458450112178,1.629502826059,1.806966596619,1.990841423856,
    2.181127307773,2.37782424837,2.580932245646,2.790451299603,
    3.00638141024),.UNSPECIFIED.);
#6973 = CARTESIAN_POINT('',(7.589693718554,-24.97211543419,0.));
#6974 = CARTESIAN_POINT('',(7.606689245216,-25.00099697585,0.));
#6975 = CARTESIAN_POINT('',(7.642247964569,-25.06031560532,0.));
#6976 = CARTESIAN_POINT('',(7.698688027178,-25.15115698452,0.));
#6977 = CARTESIAN_POINT('',(7.760032108185,-25.24648230486,0.));
#6978 = CARTESIAN_POINT('',(7.826437607738,-25.34615677638,0.));
#6979 = CARTESIAN_POINT('',(7.898056964012,-25.45004236994,0.));
#6980 = CARTESIAN_POINT('',(7.975040036988,-25.55799714359,0.));
#6981 = CARTESIAN_POINT('',(8.057533310357,-25.66987552224,0.));
#6982 = CARTESIAN_POINT('',(8.145680020652,-25.78552830214,0.));
#6983 = CARTESIAN_POINT('',(8.2396200195,-25.90480273712,0.));
#6984 = CARTESIAN_POINT('',(8.339489714583,-26.02754260322,0.));
#6985 = CARTESIAN_POINT('',(8.445421989811,-26.1535882715,0.));
#6986 = CARTESIAN_POINT('',(8.557546132905,-26.28277678053,0.));
#6987 = CARTESIAN_POINT('',(8.675987764097,-26.41494191044,0.));
#6988 = CARTESIAN_POINT('',(8.800868760812,-26.54991426013,0.));
#6989 = CARTESIAN_POINT('',(8.932307207322,-26.68752131875,0.));
#6990 = CARTESIAN_POINT('',(9.070417253087,-26.82758756647,0.));
#6991 = CARTESIAN_POINT('',(9.215309336921,-26.96993446737,0.));
#6992 = CARTESIAN_POINT('',(9.36708898601,-27.11438089147,0.));
#6993 = CARTESIAN_POINT('',(9.471365787616,-27.21050636737,0.));
#6994 = CARTESIAN_POINT('',(9.524667155492,-27.25887636306,0.));
#6995 = SURFACE_OF_LINEAR_EXTRUSION('',#6996,#7019);
#6996 = B_SPLINE_CURVE_WITH_KNOTS('',3,(#6997,#6998,#6999,#7000,#7001,
    #7002,#7003,#7004,#7005,#7006,#7007,#7008,#7009,#7010,#7011,#7012,
    #7013,#7014,#7015,#7016,#7017,#7018),.UNSPECIFIED.,.F.,.F.,(4,1,1,1,
    1,1,1,1,1,1,1,1,1,1,1,1,1,1,1,4),(0.,0.100531090486,0.207473237636,
    0.320826441453,0.440590701938,0.566766019094,0.699352392922,
    0.838349823423,0.983758310598,1.135577854448,1.293808454975,
    1.458450112178,1.629502826059,1.806966596619,1.990841423856,
    2.181127307773,2.37782424837,2.580932245646,2.790451299603,
    3.00638141024),.UNSPECIFIED.);
#6997 = CARTESIAN_POINT('',(7.589693718554,-24.97211543419,0.));
#6998 = CARTESIAN_POINT('',(7.606689245216,-25.00099697585,0.));
#6999 = CARTESIAN_POINT('',(7.642247964569,-25.06031560532,0.));
#7000 = CARTESIAN_POINT('',(7.698688027178,-25.15115698452,0.));
#7001 = CARTESIAN_POINT('',(7.760032108185,-25.24648230486,0.));
#7002 = CARTESIAN_POINT('',(7.826437607738,-25.34615677638,0.));
#7003 = CARTESIAN_POINT('',(7.898056964012,-25.45004236994,0.));
#7004 = CARTESIAN_POINT('',(7.975040036988,-25.55799714359,0.));
#7005 = CARTESIAN_POINT('',(8.057533310357,-25.66987552224,0.));
#7006 = CARTESIAN_POINT('',(8.145680020652,-25.78552830214,0.));
#7007 = CARTESIAN_POINT('',(8.2396200195,-25.90480273712,0.));
#7008 = CARTESIAN_POINT('',(8.339489714583,-26.02754260322,0.));
#7009 = CARTESIAN_POINT('',(8.445421989811,-26.1535882715,0.));
#7010 = CARTESIAN_POINT('',(8.557546132905,-26.28277678053,0.));
#7011 = CARTESIAN_POINT('',(8.675987764097,-26.41494191044,0.));
#7012 = CARTESIAN_POINT('',(8.800868760812,-26.54991426013,0.));
#7013 = CARTESIAN_POINT('',(8.932307207322,-26.68752131875,0.));
#7014 = CARTESIAN_POINT('',(9.070417253087,-26.82758756647,0.));
#7015 = CARTESIAN_POINT('',(9.215309336921,-26.96993446737,0.));
#7016 = CARTESIAN_POINT('',(9.36708898601,-27.11438089147,0.));
#7017 = CARTESIAN_POINT('',(9.471365787616,-27.21050636737,0.));
#7018 = CARTESIAN_POINT('',(9.524667155492,-27.25887636306,0.));
#7019 = VECTOR('',#7020,1.);
#7020 = DIRECTION('',(-0.,-0.,-1.));
#7021 = ADVANCED_FACE('',(#7022),#7045,.T.);
#7022 = FACE_BOUND('',#7023,.T.);
#7023 = EDGE_LOOP('',(#7024,#7025,#7032,#7040));
#7024 = ORIENTED_EDGE('',*,*,#6963,.T.);
#7025 = ORIENTED_EDGE('',*,*,#7026,.T.);
#7026 = EDGE_CURVE('',#6937,#7027,#7029,.T.);
#7027 = VERTEX_POINT('',#7028);
#7028 = CARTESIAN_POINT('',(10.225349633135,-27.00384879753,10.));
#7029 = B_SPLINE_CURVE_WITH_KNOTS('',1,(#7030,#7031),.UNSPECIFIED.,.F.,
  .F.,(2,2),(0.,0.745650718271),.PIECEWISE_BEZIER_KNOTS.);
#7030 = CARTESIAN_POINT('',(9.524667155492,-27.25887636306,10.));
#7031 = CARTESIAN_POINT('',(10.225349633135,-27.00384879753,10.));
#7032 = ORIENTED_EDGE('',*,*,#7033,.F.);
#7033 = EDGE_CURVE('',#7034,#7027,#7036,.T.);
#7034 = VERTEX_POINT('',#7035);
#7035 = CARTESIAN_POINT('',(10.225349633135,-27.00384879753,0.));
#7036 = LINE('',#7037,#7038);
#7037 = CARTESIAN_POINT('',(10.225349633135,-27.00384879753,0.));
#7038 = VECTOR('',#7039,1.);
#7039 = DIRECTION('',(0.,0.,1.));
#7040 = ORIENTED_EDGE('',*,*,#7041,.F.);
#7041 = EDGE_CURVE('',#6964,#7034,#7042,.T.);
#7042 = B_SPLINE_CURVE_WITH_KNOTS('',1,(#7043,#7044),.UNSPECIFIED.,.F.,
  .F.,(2,2),(0.,0.745650718271),.PIECEWISE_BEZIER_KNOTS.);
#7043 = CARTESIAN_POINT('',(9.524667155492,-27.25887636306,0.));
#7044 = CARTESIAN_POINT('',(10.225349633135,-27.00384879753,0.));
#7045 = SURFACE_OF_LINEAR_EXTRUSION('',#7046,#7049);
#7046 = B_SPLINE_CURVE_WITH_KNOTS('',1,(#7047,#7048),.UNSPECIFIED.,.F.,
  .F.,(2,2),(0.,0.745650718271),.PIECEWISE_BEZIER_KNOTS.);
#7047 = CARTESIAN_POINT('',(9.524667155492,-27.25887636306,0.));
#7048 = CARTESIAN_POINT('',(10.225349633135,-27.00384879753,0.));
#7049 = VECTOR('',#7050,1.);
#7050 = DIRECTION('',(-0.,-0.,-1.));
#7051 = ADVANCED_FACE('',(#7052),#7115,.T.);
#7052 = FACE_BOUND('',#7053,.T.);
#7053 = EDGE_LOOP('',(#7054,#7055,#7082,#7090));
#7054 = ORIENTED_EDGE('',*,*,#7033,.T.);
#7055 = ORIENTED_EDGE('',*,*,#7056,.T.);
#7056 = EDGE_CURVE('',#7027,#7057,#7059,.T.);
#7057 = VERTEX_POINT('',#7058);
#7058 = CARTESIAN_POINT('',(10.237723690686,-24.00831134489,10.));
#7059 = B_SPLINE_CURVE_WITH_KNOTS('',3,(#7060,#7061,#7062,#7063,#7064,
    #7065,#7066,#7067,#7068,#7069,#7070,#7071,#7072,#7073,#7074,#7075,
    #7076,#7077,#7078,#7079,#7080,#7081),.UNSPECIFIED.,.F.,.F.,(4,1,1,1,
    1,1,1,1,1,1,1,1,1,1,1,1,1,1,1,4),(0.,0.215930110637,0.425449164594,
    0.62855716187,0.825254102467,1.015539986384,1.199414813622,
    1.376878584181,1.547931298062,1.712572955265,1.870803555792,
    2.022623099642,2.168031586817,2.307029017318,2.439615391146,
    2.565790708302,2.685554968787,2.798908172604,2.905850319754,
    3.00638141024),.UNSPECIFIED.);
#7060 = CARTESIAN_POINT('',(10.225349633135,-27.00384879753,10.));
#7061 = CARTESIAN_POINT('',(10.235089215897,-26.93253377227,10.));
#7062 = CARTESIAN_POINT('',(10.253181615426,-26.79186954956,10.));
#7063 = CARTESIAN_POINT('',(10.276603200512,-26.58365509121,10.));
#7064 = CARTESIAN_POINT('',(10.296098152012,-26.38147620255,10.));
#7065 = CARTESIAN_POINT('',(10.311863736539,-26.18540380563,10.));
#7066 = CARTESIAN_POINT('',(10.324099315816,-25.99550367818,10.));
#7067 = CARTESIAN_POINT('',(10.333005155369,-25.81183690236,10.));
#7068 = CARTESIAN_POINT('',(10.338782600835,-25.63445972601,10.));
#7069 = CARTESIAN_POINT('',(10.341633904679,-25.46342357663,10.));
#7070 = CARTESIAN_POINT('',(10.34176214164,-25.29877503888,10.));
#7071 = CARTESIAN_POINT('',(10.339371101448,-25.14055584392,10.));
#7072 = CARTESIAN_POINT('',(10.334665186594,-24.98880285849,10.));
#7073 = CARTESIAN_POINT('',(10.327849310248,-24.8435480759,10.));
#7074 = CARTESIAN_POINT('',(10.319128788321,-24.70481861163,10.));
#7075 = CARTESIAN_POINT('',(10.308709252681,-24.5726366917,10.));
#7076 = CARTESIAN_POINT('',(10.296796490206,-24.4470196752,10.));
#7077 = CARTESIAN_POINT('',(10.283596538839,-24.32797996785,10.));
#7078 = CARTESIAN_POINT('',(10.269314896406,-24.21552532071,10.));
#7079 = CARTESIAN_POINT('',(10.25415877974,-24.10965781404,10.));
#7080 = CARTESIAN_POINT('',(10.243269059057,-24.04136040334,10.));
#7081 = CARTESIAN_POINT('',(10.237723690686,-24.00831134489,10.));
#7082 = ORIENTED_EDGE('',*,*,#7083,.F.);
#7083 = EDGE_CURVE('',#7084,#7057,#7086,.T.);
#7084 = VERTEX_POINT('',#7085);
#7085 = CARTESIAN_POINT('',(10.237723690686,-24.00831134489,0.));
#7086 = LINE('',#7087,#7088);
#7087 = CARTESIAN_POINT('',(10.237723690686,-24.00831134489,0.));
#7088 = VECTOR('',#7089,1.);
#7089 = DIRECTION('',(0.,0.,1.));
#7090 = ORIENTED_EDGE('',*,*,#7091,.F.);
#7091 = EDGE_CURVE('',#7034,#7084,#7092,.T.);
#7092 = B_SPLINE_CURVE_WITH_KNOTS('',3,(#7093,#7094,#7095,#7096,#7097,
    #7098,#7099,#7100,#7101,#7102,#7103,#7104,#7105,#7106,#7107,#7108,
    #7109,#7110,#7111,#7112,#7113,#7114),.UNSPECIFIED.,.F.,.F.,(4,1,1,1,
    1,1,1,1,1,1,1,1,1,1,1,1,1,1,1,4),(0.,0.215930110637,0.425449164594,
    0.62855716187,0.825254102467,1.015539986384,1.199414813622,
    1.376878584181,1.547931298062,1.712572955265,1.870803555792,
    2.022623099642,2.168031586817,2.307029017318,2.439615391146,
    2.565790708302,2.685554968787,2.798908172604,2.905850319754,
    3.00638141024),.UNSPECIFIED.);
#7093 = CARTESIAN_POINT('',(10.225349633135,-27.00384879753,0.));
#7094 = CARTESIAN_POINT('',(10.235089215897,-26.93253377227,0.));
#7095 = CARTESIAN_POINT('',(10.253181615426,-26.79186954956,0.));
#7096 = CARTESIAN_POINT('',(10.276603200512,-26.58365509121,0.));
#7097 = CARTESIAN_POINT('',(10.296098152012,-26.38147620255,0.));
#7098 = CARTESIAN_POINT('',(10.311863736539,-26.18540380563,0.));
#7099 = CARTESIAN_POINT('',(10.324099315816,-25.99550367818,0.));
#7100 = CARTESIAN_POINT('',(10.333005155369,-25.81183690236,0.));
#7101 = CARTESIAN_POINT('',(10.338782600835,-25.63445972601,0.));
#7102 = CARTESIAN_POINT('',(10.341633904679,-25.46342357663,0.));
#7103 = CARTESIAN_POINT('',(10.34176214164,-25.29877503888,0.));
#7104 = CARTESIAN_POINT('',(10.339371101448,-25.14055584392,0.));
#7105 = CARTESIAN_POINT('',(10.334665186594,-24.98880285849,0.));
#7106 = CARTESIAN_POINT('',(10.327849310248,-24.8435480759,0.));
#7107 = CARTESIAN_POINT('',(10.319128788321,-24.70481861163,0.));
#7108 = CARTESIAN_POINT('',(10.308709252681,-24.5726366917,0.));
#7109 = CARTESIAN_POINT('',(10.296796490206,-24.4470196752,0.));
#7110 = CARTESIAN_POINT('',(10.283596538839,-24.32797996785,0.));
#7111 = CARTESIAN_POINT('',(10.269314896406,-24.21552532071,0.));
#7112 = CARTESIAN_POINT('',(10.25415877974,-24.10965781404,0.));
#7113 = CARTESIAN_POINT('',(10.243269059057,-24.04136040334,0.));
#7114 = CARTESIAN_POINT('',(10.237723690686,-24.00831134489,0.));
#7115 = SURFACE_OF_LINEAR_EXTRUSION('',#7116,#7139);
#7116 = B_SPLINE_CURVE_WITH_KNOTS('',3,(#7117,#7118,#7119,#7120,#7121,
    #7122,#7123,#7124,#7125,#7126,#7127,#7128,#7129,#7130,#7131,#7132,
    #7133,#7134,#7135,#7136,#7137,#7138),.UNSPECIFIED.,.F.,.F.,(4,1,1,1,
    1,1,1,1,1,1,1,1,1,1,1,1,1,1,1,4),(0.,0.215930110637,0.425449164594,
    0.62855716187,0.825254102467,1.015539986384,1.199414813622,
    1.376878584181,1.547931298062,1.712572955265,1.870803555792,
    2.022623099642,2.168031586817,2.307029017318,2.439615391146,
    2.565790708302,2.685554968787,2.798908172604,2.905850319754,
    3.00638141024),.UNSPECIFIED.);
#7117 = CARTESIAN_POINT('',(10.225349633135,-27.00384879753,0.));
#7118 = CARTESIAN_POINT('',(10.235089215897,-26.93253377227,0.));
#7119 = CARTESIAN_POINT('',(10.253181615426,-26.79186954956,0.));
#7120 = CARTESIAN_POINT('',(10.276603200512,-26.58365509121,0.));
#7121 = CARTESIAN_POINT('',(10.296098152012,-26.38147620255,0.));
#7122 = CARTESIAN_POINT('',(10.311863736539,-26.18540380563,0.));
#7123 = CARTESIAN_POINT('',(10.324099315816,-25.99550367818,0.));
#7124 = CARTESIAN_POINT('',(10.333005155369,-25.81183690236,0.));
#7125 = CARTESIAN_POINT('',(10.338782600835,-25.63445972601,0.));
#7126 = CARTESIAN_POINT('',(10.341633904679,-25.46342357663,0.));
#7127 = CARTESIAN_POINT('',(10.34176214164,-25.29877503888,0.));
#7128 = CARTESIAN_POINT('',(10.339371101448,-25.14055584392,0.));
#7129 = CARTESIAN_POINT('',(10.334665186594,-24.98880285849,0.));
#7130 = CARTESIAN_POINT('',(10.327849310248,-24.8435480759,0.));
#7131 = CARTESIAN_POINT('',(10.319128788321,-24.70481861163,0.));
#7132 = CARTESIAN_POINT('',(10.308709252681,-24.5726366917,0.));
#7133 = CARTESIAN_POINT('',(10.296796490206,-24.4470196752,0.));
#7134 = CARTESIAN_POINT('',(10.283596538839,-24.32797996785,0.));
#7135 = CARTESIAN_POINT('',(10.269314896406,-24.21552532071,0.));
#7136 = CARTESIAN_POINT('',(10.25415877974,-24.10965781404,0.));
#7137 = CARTESIAN_POINT('',(10.243269059057,-24.04136040334,0.));
#7138 = CARTESIAN_POINT('',(10.237723690686,-24.00831134489,0.));
#7139 = VECTOR('',#7140,1.);
#7140 = DIRECTION('',(-0.,-0.,-1.));
#7141 = ADVANCED_FACE('',(#7142),#7165,.T.);
#7142 = FACE_BOUND('',#7143,.T.);
#7143 = EDGE_LOOP('',(#7144,#7145,#7152,#7160));
#7144 = ORIENTED_EDGE('',*,*,#7083,.T.);
#7145 = ORIENTED_EDGE('',*,*,#7146,.T.);
#7146 = EDGE_CURVE('',#7057,#7147,#7149,.T.);
#7147 = VERTEX_POINT('',#7148);
#7148 = CARTESIAN_POINT('',(11.810751554656,-23.27479640543,10.));
#7149 = B_SPLINE_CURVE_WITH_KNOTS('',1,(#7150,#7151),.UNSPECIFIED.,.F.,
  .F.,(2,2),(0.,1.735644211017),.PIECEWISE_BEZIER_KNOTS.);
#7150 = CARTESIAN_POINT('',(10.237723690686,-24.00831134489,10.));
#7151 = CARTESIAN_POINT('',(11.810751554656,-23.27479640543,10.));
#7152 = ORIENTED_EDGE('',*,*,#7153,.F.);
#7153 = EDGE_CURVE('',#7154,#7147,#7156,.T.);
#7154 = VERTEX_POINT('',#7155);
#7155 = CARTESIAN_POINT('',(11.810751554656,-23.27479640543,0.));
#7156 = LINE('',#7157,#7158);
#7157 = CARTESIAN_POINT('',(11.810751554656,-23.27479640543,0.));
#7158 = VECTOR('',#7159,1.);
#7159 = DIRECTION('',(0.,0.,1.));
#7160 = ORIENTED_EDGE('',*,*,#7161,.F.);
#7161 = EDGE_CURVE('',#7084,#7154,#7162,.T.);
#7162 = B_SPLINE_CURVE_WITH_KNOTS('',1,(#7163,#7164),.UNSPECIFIED.,.F.,
  .F.,(2,2),(0.,1.735644211017),.PIECEWISE_BEZIER_KNOTS.);
#7163 = CARTESIAN_POINT('',(10.237723690686,-24.00831134489,0.));
#7164 = CARTESIAN_POINT('',(11.810751554656,-23.27479640543,0.));
#7165 = SURFACE_OF_LINEAR_EXTRUSION('',#7166,#7169);
#7166 = B_SPLINE_CURVE_WITH_KNOTS('',1,(#7167,#7168),.UNSPECIFIED.,.F.,
  .F.,(2,2),(0.,1.735644211017),.PIECEWISE_BEZIER_KNOTS.);
#7167 = CARTESIAN_POINT('',(10.237723690686,-24.00831134489,0.));
#7168 = CARTESIAN_POINT('',(11.810751554656,-23.27479640543,0.));
#7169 = VECTOR('',#7170,1.);
#7170 = DIRECTION('',(-0.,-0.,-1.));
#7171 = ADVANCED_FACE('',(#7172),#7235,.T.);
#7172 = FACE_BOUND('',#7173,.T.);
#7173 = EDGE_LOOP('',(#7174,#7175,#7202,#7210));
#7174 = ORIENTED_EDGE('',*,*,#7153,.T.);
#7175 = ORIENTED_EDGE('',*,*,#7176,.T.);
#7176 = EDGE_CURVE('',#7147,#7177,#7179,.T.);
#7177 = VERTEX_POINT('',#7178);
#7178 = CARTESIAN_POINT('',(14.113420265285,-25.19081168631,10.));
#7179 = B_SPLINE_CURVE_WITH_KNOTS('',3,(#7180,#7181,#7182,#7183,#7184,
    #7185,#7186,#7187,#7188,#7189,#7190,#7191,#7192,#7193,#7194,#7195,
    #7196,#7197,#7198,#7199,#7200,#7201),.UNSPECIFIED.,.F.,.F.,(4,1,1,1,
    1,1,1,1,1,1,1,1,1,1,1,1,1,1,1,4),(0.,0.100531090486,0.207473237636,
    0.320826441453,0.440590701938,0.566766019094,0.699352392922,
    0.838349823423,0.983758310598,1.135577854448,1.293808454975,
    1.458450112178,1.629502826059,1.806966596619,1.990841423856,
    2.181127307773,2.37782424837,2.580932245646,2.790451299603,
    3.00638141024),.UNSPECIFIED.);
#7180 = CARTESIAN_POINT('',(11.810751554656,-23.27479640543,10.));
#7181 = CARTESIAN_POINT('',(11.832504108156,-23.30028792934,10.));
#7182 = CARTESIAN_POINT('',(11.877823182571,-23.35253066872,10.));
#7183 = CARTESIAN_POINT('',(11.949180233764,-23.43219124923,10.));
#7184 = CARTESIAN_POINT('',(12.026145428505,-23.51541607589,10.));
#7185 = CARTESIAN_POINT('',(12.108850369646,-23.60204507423,10.));
#7186 = CARTESIAN_POINT('',(12.197421210979,-23.6919158415,10.));
#7187 = CARTESIAN_POINT('',(12.291980887811,-23.78486256923,10.));
#7188 = CARTESIAN_POINT('',(12.392648379568,-23.88071645732,10.));
#7189 = CARTESIAN_POINT('',(12.499538837741,-23.97930569602,10.));
#7190 = CARTESIAN_POINT('',(12.612763465202,-24.08045557471,10.));
#7191 = CARTESIAN_POINT('',(12.732429469286,-24.1839885559,10.));
#7192 = CARTESIAN_POINT('',(12.858639995825,-24.28972436071,10.));
#7193 = CARTESIAN_POINT('',(12.991494070411,-24.39748005287,10.));
#7194 = CARTESIAN_POINT('',(13.131086541049,-24.50707012407,10.));
#7195 = CARTESIAN_POINT('',(13.277508017376,-24.61830658299,10.));
#7196 = CARTESIAN_POINT('',(13.430844833507,-24.73099903447,10.));
#7197 = CARTESIAN_POINT('',(13.591178926013,-24.8449548034,10.));
#7198 = CARTESIAN_POINT('',(13.758588053461,-24.9599788887,10.));
#7199 = CARTESIAN_POINT('',(13.933144686949,-25.07587458758,10.));
#7200 = CARTESIAN_POINT('',(14.052529303349,-25.15243222494,10.));
#7201 = CARTESIAN_POINT('',(14.113420265285,-25.19081168631,10.));
#7202 = ORIENTED_EDGE('',*,*,#7203,.F.);
#7203 = EDGE_CURVE('',#7204,#7177,#7206,.T.);
#7204 = VERTEX_POINT('',#7205);
#7205 = CARTESIAN_POINT('',(14.113420265285,-25.19081168631,0.));
#7206 = LINE('',#7207,#7208);
#7207 = CARTESIAN_POINT('',(14.113420265285,-25.19081168631,0.));
#7208 = VECTOR('',#7209,1.);
#7209 = DIRECTION('',(0.,0.,1.));
#7210 = ORIENTED_EDGE('',*,*,#7211,.F.);
#7211 = EDGE_CURVE('',#7154,#7204,#7212,.T.);
#7212 = B_SPLINE_CURVE_WITH_KNOTS('',3,(#7213,#7214,#7215,#7216,#7217,
    #7218,#7219,#7220,#7221,#7222,#7223,#7224,#7225,#7226,#7227,#7228,
    #7229,#7230,#7231,#7232,#7233,#7234),.UNSPECIFIED.,.F.,.F.,(4,1,1,1,
    1,1,1,1,1,1,1,1,1,1,1,1,1,1,1,4),(0.,0.100531090486,0.207473237636,
    0.320826441453,0.440590701938,0.566766019094,0.699352392922,
    0.838349823423,0.983758310598,1.135577854448,1.293808454975,
    1.458450112178,1.629502826059,1.806966596619,1.990841423856,
    2.181127307773,2.37782424837,2.580932245646,2.790451299603,
    3.00638141024),.UNSPECIFIED.);
#7213 = CARTESIAN_POINT('',(11.810751554656,-23.27479640543,0.));
#7214 = CARTESIAN_POINT('',(11.832504108156,-23.30028792934,0.));
#7215 = CARTESIAN_POINT('',(11.877823182571,-23.35253066872,0.));
#7216 = CARTESIAN_POINT('',(11.949180233764,-23.43219124923,0.));
#7217 = CARTESIAN_POINT('',(12.026145428505,-23.51541607589,0.));
#7218 = CARTESIAN_POINT('',(12.108850369646,-23.60204507423,0.));
#7219 = CARTESIAN_POINT('',(12.197421210979,-23.6919158415,0.));
#7220 = CARTESIAN_POINT('',(12.291980887811,-23.78486256923,0.));
#7221 = CARTESIAN_POINT('',(12.392648379568,-23.88071645732,0.));
#7222 = CARTESIAN_POINT('',(12.499538837741,-23.97930569602,0.));
#7223 = CARTESIAN_POINT('',(12.612763465202,-24.08045557471,0.));
#7224 = CARTESIAN_POINT('',(12.732429469286,-24.1839885559,0.));
#7225 = CARTESIAN_POINT('',(12.858639995825,-24.28972436071,0.));
#7226 = CARTESIAN_POINT('',(12.991494070411,-24.39748005287,0.));
#7227 = CARTESIAN_POINT('',(13.131086541049,-24.50707012407,0.));
#7228 = CARTESIAN_POINT('',(13.277508017376,-24.61830658299,0.));
#7229 = CARTESIAN_POINT('',(13.430844833507,-24.73099903447,0.));
#7230 = CARTESIAN_POINT('',(13.591178926013,-24.8449548034,0.));
#7231 = CARTESIAN_POINT('',(13.758588053461,-24.9599788887,0.));
#7232 = CARTESIAN_POINT('',(13.933144686949,-25.07587458758,0.));
#7233 = CARTESIAN_POINT('',(14.052529303349,-25.15243222494,0.));
#7234 = CARTESIAN_POINT('',(14.113420265285,-25.19081168631,0.));
#7235 = SURFACE_OF_LINEAR_EXTRUSION('',#7236,#7259);
#7236 = B_SPLINE_CURVE_WITH_KNOTS('',3,(#7237,#7238,#7239,#7240,#7241,
    #7242,#7243,#7244,#7245,#7246,#7247,#7248,#7249,#7250,#7251,#7252,
    #7253,#7254,#7255,#7256,#7257,#7258),.UNSPECIFIED.,.F.,.F.,(4,1,1,1,
    1,1,1,1,1,1,1,1,1,1,1,1,1,1,1,4),(0.,0.100531090486,0.207473237636,
    0.320826441453,0.440590701938,0.566766019094,0.699352392922,
    0.838349823423,0.983758310598,1.135577854448,1.293808454975,
    1.458450112178,1.629502826059,1.806966596619,1.990841423856,
    2.181127307773,2.37782424837,2.580932245646,2.790451299603,
    3.00638141024),.UNSPECIFIED.);
#7237 = CARTESIAN_POINT('',(11.810751554656,-23.27479640543,0.));
#7238 = CARTESIAN_POINT('',(11.832504108156,-23.30028792934,0.));
#7239 = CARTESIAN_POINT('',(11.877823182571,-23.35253066872,0.));
#7240 = CARTESIAN_POINT('',(11.949180233764,-23.43219124923,0.));
#7241 = CARTESIAN_POINT('',(12.026145428505,-23.51541607589,0.));
#7242 = CARTESIAN_POINT('',(12.108850369646,-23.60204507423,0.));
#7243 = CARTESIAN_POINT('',(12.197421210979,-23.6919158415,0.));
#7244 = CARTESIAN_POINT('',(12.291980887811,-23.78486256923,0.));
#7245 = CARTESIAN_POINT('',(12.392648379568,-23.88071645732,0.));
#7246 = CARTESIAN_POINT('',(12.499538837741,-23.97930569602,0.));
#7247 = CARTESIAN_POINT('',(12.612763465202,-24.08045557471,0.));
#7248 = CARTESIAN_POINT('',(12.732429469286,-24.1839885559,0.));
#7249 = CARTESIAN_POINT('',(12.858639995825,-24.28972436071,0.));
#7250 = CARTESIAN_POINT('',(12.991494070411,-24.39748005287,0.));
#7251 = CARTESIAN_POINT('',(13.131086541049,-24.50707012407,0.));
#7252 = CARTESIAN_POINT('',(13.277508017376,-24.61830658299,0.));
#7253 = CARTESIAN_POINT('',(13.430844833507,-24.73099903447,0.));
#7254 = CARTESIAN_POINT('',(13.591178926013,-24.8449548034,0.));
#7255 = CARTESIAN_POINT('',(13.758588053461,-24.9599788887,0.));
#7256 = CARTESIAN_POINT('',(13.933144686949,-25.07587458758,0.));
#7257 = CARTESIAN_POINT('',(14.052529303349,-25.15243222494,0.));
#7258 = CARTESIAN_POINT('',(14.113420265285,-25.19081168631,0.));
#7259 = VECTOR('',#7260,1.);
#7260 = DIRECTION('',(-0.,-0.,-1.));
#7261 = ADVANCED_FACE('',(#7262),#7285,.T.);
#7262 = FACE_BOUND('',#7263,.T.);
#7263 = EDGE_LOOP('',(#7264,#7265,#7272,#7280));
#7264 = ORIENTED_EDGE('',*,*,#7203,.T.);
#7265 = ORIENTED_EDGE('',*,*,#7266,.T.);
#7266 = EDGE_CURVE('',#7177,#7267,#7269,.T.);
#7267 = VERTEX_POINT('',#7268);
#7268 = CARTESIAN_POINT('',(14.759172729658,-24.81798632718,10.));
#7269 = B_SPLINE_CURVE_WITH_KNOTS('',1,(#7270,#7271),.UNSPECIFIED.,.F.,
  .F.,(2,2),(0.,0.745650718271),.PIECEWISE_BEZIER_KNOTS.);
#7270 = CARTESIAN_POINT('',(14.113420265285,-25.19081168631,10.));
#7271 = CARTESIAN_POINT('',(14.759172729658,-24.81798632718,10.));
#7272 = ORIENTED_EDGE('',*,*,#7273,.F.);
#7273 = EDGE_CURVE('',#7274,#7267,#7276,.T.);
#7274 = VERTEX_POINT('',#7275);
#7275 = CARTESIAN_POINT('',(14.759172729658,-24.81798632718,0.));
#7276 = LINE('',#7277,#7278);
#7277 = CARTESIAN_POINT('',(14.759172729658,-24.81798632718,0.));
#7278 = VECTOR('',#7279,1.);
#7279 = DIRECTION('',(0.,0.,1.));
#7280 = ORIENTED_EDGE('',*,*,#7281,.F.);
#7281 = EDGE_CURVE('',#7204,#7274,#7282,.T.);
#7282 = B_SPLINE_CURVE_WITH_KNOTS('',1,(#7283,#7284),.UNSPECIFIED.,.F.,
  .F.,(2,2),(0.,0.745650718271),.PIECEWISE_BEZIER_KNOTS.);
#7283 = CARTESIAN_POINT('',(14.113420265285,-25.19081168631,0.));
#7284 = CARTESIAN_POINT('',(14.759172729658,-24.81798632718,0.));
#7285 = SURFACE_OF_LINEAR_EXTRUSION('',#7286,#7289);
#7286 = B_SPLINE_CURVE_WITH_KNOTS('',1,(#7287,#7288),.UNSPECIFIED.,.F.,
  .F.,(2,2),(0.,0.745650718271),.PIECEWISE_BEZIER_KNOTS.);
#7287 = CARTESIAN_POINT('',(14.113420265285,-25.19081168631,0.));
#7288 = CARTESIAN_POINT('',(14.759172729658,-24.81798632718,0.));
#7289 = VECTOR('',#7290,1.);
#7290 = DIRECTION('',(-0.,-0.,-1.));
#7291 = ADVANCED_FACE('',(#7292),#7355,.T.);
#7292 = FACE_BOUND('',#7293,.T.);
#7293 = EDGE_LOOP('',(#7294,#7295,#7322,#7330));
#7294 = ORIENTED_EDGE('',*,*,#7273,.T.);
#7295 = ORIENTED_EDGE('',*,*,#7296,.T.);
#7296 = EDGE_CURVE('',#7267,#7297,#7299,.T.);
#7297 = VERTEX_POINT('',#7298);
#7298 = CARTESIAN_POINT('',(14.251189177685,-21.86580908683,10.));
#7299 = B_SPLINE_CURVE_WITH_KNOTS('',3,(#7300,#7301,#7302,#7303,#7304,
    #7305,#7306,#7307,#7308,#7309,#7310,#7311,#7312,#7313,#7314,#7315,
    #7316,#7317,#7318,#7319,#7320,#7321),.UNSPECIFIED.,.F.,.F.,(4,1,1,1,
    1,1,1,1,1,1,1,1,1,1,1,1,1,1,1,4),(0.,0.215930110637,0.425449164594,
    0.62855716187,0.825254102467,1.015539986384,1.199414813622,
    1.376878584181,1.547931298062,1.712572955265,1.870803555792,
    2.022623099642,2.168031586817,2.307029017318,2.439615391146,
    2.565790708302,2.685554968787,2.798908172604,2.905850319754,
    3.00638141024),.UNSPECIFIED.);
#7300 = CARTESIAN_POINT('',(14.759172729658,-24.81798632718,10.));
#7301 = CARTESIAN_POINT('',(14.756380622096,-24.74606347659,10.));
#7302 = CARTESIAN_POINT('',(14.749772071485,-24.60439454729,10.));
#7303 = CARTESIAN_POINT('',(14.73668176881,-24.39527621885,10.));
#7304 = CARTESIAN_POINT('',(14.720772552613,-24.192783619,10.));
#7305 = CARTESIAN_POINT('',(14.702251008069,-23.99695233734,10.));
#7306 = CARTESIAN_POINT('',(14.681324890335,-23.80781253349,10.));
#7307 = CARTESIAN_POINT('',(14.658202029253,-23.62538958587,10.));
#7308 = CARTESIAN_POINT('',(14.633090478909,-23.44970392452,10.));
#7309 = CARTESIAN_POINT('',(14.606198349385,-23.28077107485,10.));
#7310 = CARTESIAN_POINT('',(14.577733719604,-23.11860165024,10.));
#7311 = CARTESIAN_POINT('',(14.547904529808,-22.96320136014,10.));
#7312 = CARTESIAN_POINT('',(14.516918478998,-22.81457101708,10.));
#7313 = CARTESIAN_POINT('',(14.484982922836,-22.67270654553,10.));
#7314 = CARTESIAN_POINT('',(14.452304766572,-22.53759899629,10.));
#7315 = CARTESIAN_POINT('',(14.419090377575,-22.40923455011,10.));
#7316 = CARTESIAN_POINT('',(14.385545430731,-22.28759456785,10.));
#7317 = CARTESIAN_POINT('',(14.351874988034,-22.17265548863,10.));
#7318 = CARTESIAN_POINT('',(14.318282771294,-22.06438926145,10.));
#7319 = CARTESIAN_POINT('',(14.284973210487,-21.96276195213,10.));
#7320 = CARTESIAN_POINT('',(14.262389208224,-21.89739311271,10.));
#7321 = CARTESIAN_POINT('',(14.251189177685,-21.86580908683,10.));
#7322 = ORIENTED_EDGE('',*,*,#7323,.F.);
#7323 = EDGE_CURVE('',#7324,#7297,#7326,.T.);
#7324 = VERTEX_POINT('',#7325);
#7325 = CARTESIAN_POINT('',(14.251189177685,-21.86580908683,0.));
#7326 = LINE('',#7327,#7328);
#7327 = CARTESIAN_POINT('',(14.251189177685,-21.86580908683,0.));
#7328 = VECTOR('',#7329,1.);
#7329 = DIRECTION('',(0.,0.,1.));
#7330 = ORIENTED_EDGE('',*,*,#7331,.F.);
#7331 = EDGE_CURVE('',#7274,#7324,#7332,.T.);
#7332 = B_SPLINE_CURVE_WITH_KNOTS('',3,(#7333,#7334,#7335,#7336,#7337,
    #7338,#7339,#7340,#7341,#7342,#7343,#7344,#7345,#7346,#7347,#7348,
    #7349,#7350,#7351,#7352,#7353,#7354),.UNSPECIFIED.,.F.,.F.,(4,1,1,1,
    1,1,1,1,1,1,1,1,1,1,1,1,1,1,1,4),(0.,0.215930110637,0.425449164594,
    0.62855716187,0.825254102467,1.015539986384,1.199414813622,
    1.376878584181,1.547931298062,1.712572955265,1.870803555792,
    2.022623099642,2.168031586817,2.307029017318,2.439615391146,
    2.565790708302,2.685554968787,2.798908172604,2.905850319754,
    3.00638141024),.UNSPECIFIED.);
#7333 = CARTESIAN_POINT('',(14.759172729658,-24.81798632718,0.));
#7334 = CARTESIAN_POINT('',(14.756380622096,-24.74606347659,0.));
#7335 = CARTESIAN_POINT('',(14.749772071485,-24.60439454729,0.));
#7336 = CARTESIAN_POINT('',(14.73668176881,-24.39527621885,0.));
#7337 = CARTESIAN_POINT('',(14.720772552613,-24.192783619,0.));
#7338 = CARTESIAN_POINT('',(14.702251008069,-23.99695233734,0.));
#7339 = CARTESIAN_POINT('',(14.681324890335,-23.80781253349,0.));
#7340 = CARTESIAN_POINT('',(14.658202029253,-23.62538958587,0.));
#7341 = CARTESIAN_POINT('',(14.633090478909,-23.44970392452,0.));
#7342 = CARTESIAN_POINT('',(14.606198349385,-23.28077107485,0.));
#7343 = CARTESIAN_POINT('',(14.577733719604,-23.11860165024,0.));
#7344 = CARTESIAN_POINT('',(14.547904529808,-22.96320136014,0.));
#7345 = CARTESIAN_POINT('',(14.516918478998,-22.81457101708,0.));
#7346 = CARTESIAN_POINT('',(14.484982922836,-22.67270654553,0.));
#7347 = CARTESIAN_POINT('',(14.452304766572,-22.53759899629,0.));
#7348 = CARTESIAN_POINT('',(14.419090377575,-22.40923455011,0.));
#7349 = CARTESIAN_POINT('',(14.385545430731,-22.28759456785,0.));
#7350 = CARTESIAN_POINT('',(14.351874988034,-22.17265548863,0.));
#7351 = CARTESIAN_POINT('',(14.318282771294,-22.06438926145,0.));
#7352 = CARTESIAN_POINT('',(14.284973210487,-21.96276195213,0.));
#7353 = CARTESIAN_POINT('',(14.262389208224,-21.89739311271,0.));
#7354 = CARTESIAN_POINT('',(14.251189177685,-21.86580908683,0.));
#7355 = SURFACE_OF_LINEAR_EXTRUSION('',#7356,#7379);
#7356 = B_SPLINE_CURVE_WITH_KNOTS('',3,(#7357,#7358,#7359,#7360,#7361,
    #7362,#7363,#7364,#7365,#7366,#7367,#7368,#7369,#7370,#7371,#7372,
    #7373,#7374,#7375,#7376,#7377,#7378),.UNSPECIFIED.,.F.,.F.,(4,1,1,1,
    1,1,1,1,1,1,1,1,1,1,1,1,1,1,1,4),(0.,0.215930110637,0.425449164594,
    0.62855716187,0.825254102467,1.015539986384,1.199414813622,
    1.376878584181,1.547931298062,1.712572955265,1.870803555792,
    2.022623099642,2.168031586817,2.307029017318,2.439615391146,
    2.565790708302,2.685554968787,2.798908172604,2.905850319754,
    3.00638141024),.UNSPECIFIED.);
#7357 = CARTESIAN_POINT('',(14.759172729658,-24.81798632718,0.));
#7358 = CARTESIAN_POINT('',(14.756380622096,-24.74606347659,0.));
#7359 = CARTESIAN_POINT('',(14.749772071485,-24.60439454729,0.));
#7360 = CARTESIAN_POINT('',(14.73668176881,-24.39527621885,0.));
#7361 = CARTESIAN_POINT('',(14.720772552613,-24.192783619,0.));
#7362 = CARTESIAN_POINT('',(14.702251008069,-23.99695233734,0.));
#7363 = CARTESIAN_POINT('',(14.681324890335,-23.80781253349,0.));
#7364 = CARTESIAN_POINT('',(14.658202029253,-23.62538958587,0.));
#7365 = CARTESIAN_POINT('',(14.633090478909,-23.44970392452,0.));
#7366 = CARTESIAN_POINT('',(14.606198349385,-23.28077107485,0.));
#7367 = CARTESIAN_POINT('',(14.577733719604,-23.11860165024,0.));
#7368 = CARTESIAN_POINT('',(14.547904529808,-22.96320136014,0.));
#7369 = CARTESIAN_POINT('',(14.516918478998,-22.81457101708,0.));
#7370 = CARTESIAN_POINT('',(14.484982922836,-22.67270654553,0.));
#7371 = CARTESIAN_POINT('',(14.452304766572,-22.53759899629,0.));
#7372 = CARTESIAN_POINT('',(14.419090377575,-22.40923455011,0.));
#7373 = CARTESIAN_POINT('',(14.385545430731,-22.28759456785,0.));
#7374 = CARTESIAN_POINT('',(14.351874988034,-22.17265548863,0.));
#7375 = CARTESIAN_POINT('',(14.318282771294,-22.06438926145,0.));
#7376 = CARTESIAN_POINT('',(14.284973210487,-21.96276195213,0.));
#7377 = CARTESIAN_POINT('',(14.262389208224,-21.89739311271,0.));
#7378 = CARTESIAN_POINT('',(14.251189177685,-21.86580908683,0.));
#7379 = VECTOR('',#7380,1.);
#7380 = DIRECTION('',(-0.,-0.,-1.));
#7381 = ADVANCED_FACE('',(#7382),#7405,.T.);
#7382 = FACE_BOUND('',#7383,.T.);
#7383 = EDGE_LOOP('',(#7384,#7385,#7392,#7400));
#7384 = ORIENTED_EDGE('',*,*,#7323,.T.);
#7385 = ORIENTED_EDGE('',*,*,#7386,.T.);
#7386 = EDGE_CURVE('',#7297,#7387,#7389,.T.);
#7387 = VERTEX_POINT('',#7388);
#7388 = CARTESIAN_POINT('',(15.672945681297,-20.8702844655,10.));
#7389 = B_SPLINE_CURVE_WITH_KNOTS('',1,(#7390,#7391),.UNSPECIFIED.,.F.,
  .F.,(2,2),(0.,1.735644211017),.PIECEWISE_BEZIER_KNOTS.);
#7390 = CARTESIAN_POINT('',(14.251189177685,-21.86580908683,10.));
#7391 = CARTESIAN_POINT('',(15.672945681297,-20.8702844655,10.));
#7392 = ORIENTED_EDGE('',*,*,#7393,.F.);
#7393 = EDGE_CURVE('',#7394,#7387,#7396,.T.);
#7394 = VERTEX_POINT('',#7395);
#7395 = CARTESIAN_POINT('',(15.672945681297,-20.8702844655,0.));
#7396 = LINE('',#7397,#7398);
#7397 = CARTESIAN_POINT('',(15.672945681297,-20.8702844655,0.));
#7398 = VECTOR('',#7399,1.);
#7399 = DIRECTION('',(0.,0.,1.));
#7400 = ORIENTED_EDGE('',*,*,#7401,.F.);
#7401 = EDGE_CURVE('',#7324,#7394,#7402,.T.);
#7402 = B_SPLINE_CURVE_WITH_KNOTS('',1,(#7403,#7404),.UNSPECIFIED.,.F.,
  .F.,(2,2),(0.,1.735644211017),.PIECEWISE_BEZIER_KNOTS.);
#7403 = CARTESIAN_POINT('',(14.251189177685,-21.86580908683,0.));
#7404 = CARTESIAN_POINT('',(15.672945681297,-20.8702844655,0.));
#7405 = SURFACE_OF_LINEAR_EXTRUSION('',#7406,#7409);
#7406 = B_SPLINE_CURVE_WITH_KNOTS('',1,(#7407,#7408),.UNSPECIFIED.,.F.,
  .F.,(2,2),(0.,1.735644211017),.PIECEWISE_BEZIER_KNOTS.);
#7407 = CARTESIAN_POINT('',(14.251189177685,-21.86580908683,0.));
#7408 = CARTESIAN_POINT('',(15.672945681297,-20.8702844655,0.));
#7409 = VECTOR('',#7410,1.);
#7410 = DIRECTION('',(-0.,-0.,-1.));
#7411 = ADVANCED_FACE('',(#7412),#7475,.T.);
#7412 = FACE_BOUND('',#7413,.T.);
#7413 = EDGE_LOOP('',(#7414,#7415,#7442,#7450));
#7414 = ORIENTED_EDGE('',*,*,#7393,.T.);
#7415 = ORIENTED_EDGE('',*,*,#7416,.T.);
#7416 = EDGE_CURVE('',#7387,#7417,#7419,.T.);
#7417 = VERTEX_POINT('',#7418);
#7418 = CARTESIAN_POINT('',(18.273344242052,-22.35733694364,10.));
#7419 = B_SPLINE_CURVE_WITH_KNOTS('',3,(#7420,#7421,#7422,#7423,#7424,
    #7425,#7426,#7427,#7428,#7429,#7430,#7431,#7432,#7433,#7434,#7435,
    #7436,#7437,#7438,#7439,#7440,#7441),.UNSPECIFIED.,.F.,.F.,(4,1,1,1,
    1,1,1,1,1,1,1,1,1,1,1,1,1,1,1,4),(0.,0.100531090486,0.207473237636,
    0.320826441453,0.440590701938,0.566766019094,0.699352392922,
    0.838349823423,0.983758310598,1.135577854448,1.293808454975,
    1.458450112178,1.629502826059,1.806966596619,1.990841423856,
    2.181127307773,2.37782424837,2.580932245646,2.790451299603,
    3.00638141024),.UNSPECIFIED.);
#7420 = CARTESIAN_POINT('',(15.672945681297,-20.8702844655,10.));
#7421 = CARTESIAN_POINT('',(15.698794321306,-20.89161142461,10.));
#7422 = CARTESIAN_POINT('',(15.75249675364,-20.93519090471,10.));
#7423 = CARTESIAN_POINT('',(15.836602645524,-21.0012502401,10.));
#7424 = CARTESIAN_POINT('',(15.926850405503,-21.06984582883,10.));
#7425 = CARTESIAN_POINT('',(16.023341840446,-21.14079717572,10.));
#7426 = CARTESIAN_POINT('',(16.126172986643,-21.2139224389,10.));
#7427 = CARTESIAN_POINT('',(16.235436119399,-21.28903698142,10.));
#7428 = CARTESIAN_POINT('',(16.351219098748,-21.36595390708,10.));
#7429 = CARTESIAN_POINT('',(16.473605492317,-21.44448402044,10.));
#7430 = CARTESIAN_POINT('',(16.602674475379,-21.52443595497,10.));
#7431 = CARTESIAN_POINT('',(16.738500797485,-21.605616254,10.));
#7432 = CARTESIAN_POINT('',(16.881154732351,-21.6878294664,10.));
#7433 = CARTESIAN_POINT('',(17.0307020346,-21.77087823953,10.));
#7434 = CARTESIAN_POINT('',(17.187203898101,-21.85456341316,10.));
#7435 = CARTESIAN_POINT('',(17.350716911576,-21.93868411778,10.));
#7436 = CARTESIAN_POINT('',(17.52129303576,-22.02303785902,10.));
#7437 = CARTESIAN_POINT('',(17.698979504742,-22.10742066077,10.));
#7438 = CARTESIAN_POINT('',(17.883819034178,-22.19162698186,10.));
#7439 = CARTESIAN_POINT('',(18.075848837086,-22.27545052335,10.));
#7440 = CARTESIAN_POINT('',(18.206713827122,-22.3301141571,10.));
#7441 = CARTESIAN_POINT('',(18.273344242052,-22.35733694364,10.));
#7442 = ORIENTED_EDGE('',*,*,#7443,.F.);
#7443 = EDGE_CURVE('',#7444,#7417,#7446,.T.);
#7444 = VERTEX_POINT('',#7445);
#7445 = CARTESIAN_POINT('',(18.273344242052,-22.35733694364,0.));
#7446 = LINE('',#7447,#7448);
#7447 = CARTESIAN_POINT('',(18.273344242052,-22.35733694364,0.));
#7448 = VECTOR('',#7449,1.);
#7449 = DIRECTION('',(0.,0.,1.));
#7450 = ORIENTED_EDGE('',*,*,#7451,.F.);
#7451 = EDGE_CURVE('',#7394,#7444,#7452,.T.);
#7452 = B_SPLINE_CURVE_WITH_KNOTS('',3,(#7453,#7454,#7455,#7456,#7457,
    #7458,#7459,#7460,#7461,#7462,#7463,#7464,#7465,#7466,#7467,#7468,
    #7469,#7470,#7471,#7472,#7473,#7474),.UNSPECIFIED.,.F.,.F.,(4,1,1,1,
    1,1,1,1,1,1,1,1,1,1,1,1,1,1,1,4),(0.,0.100531090486,0.207473237636,
    0.320826441453,0.440590701938,0.566766019094,0.699352392922,
    0.838349823423,0.983758310598,1.135577854448,1.293808454975,
    1.458450112178,1.629502826059,1.806966596619,1.990841423856,
    2.181127307773,2.37782424837,2.580932245646,2.790451299603,
    3.00638141024),.UNSPECIFIED.);
#7453 = CARTESIAN_POINT('',(15.672945681297,-20.8702844655,0.));
#7454 = CARTESIAN_POINT('',(15.698794321306,-20.89161142461,0.));
#7455 = CARTESIAN_POINT('',(15.75249675364,-20.93519090471,0.));
#7456 = CARTESIAN_POINT('',(15.836602645524,-21.0012502401,0.));
#7457 = CARTESIAN_POINT('',(15.926850405503,-21.06984582883,0.));
#7458 = CARTESIAN_POINT('',(16.023341840446,-21.14079717572,0.));
#7459 = CARTESIAN_POINT('',(16.126172986643,-21.2139224389,0.));
#7460 = CARTESIAN_POINT('',(16.235436119399,-21.28903698142,0.));
#7461 = CARTESIAN_POINT('',(16.351219098748,-21.36595390708,0.));
#7462 = CARTESIAN_POINT('',(16.473605492317,-21.44448402044,0.));
#7463 = CARTESIAN_POINT('',(16.602674475379,-21.52443595497,0.));
#7464 = CARTESIAN_POINT('',(16.738500797485,-21.605616254,0.));
#7465 = CARTESIAN_POINT('',(16.881154732351,-21.6878294664,0.));
#7466 = CARTESIAN_POINT('',(17.0307020346,-21.77087823953,0.));
#7467 = CARTESIAN_POINT('',(17.187203898101,-21.85456341316,0.));
#7468 = CARTESIAN_POINT('',(17.350716911576,-21.93868411778,0.));
#7469 = CARTESIAN_POINT('',(17.52129303576,-22.02303785902,0.));
#7470 = CARTESIAN_POINT('',(17.698979504742,-22.10742066077,0.));
#7471 = CARTESIAN_POINT('',(17.883819034178,-22.19162698186,0.));
#7472 = CARTESIAN_POINT('',(18.075848837086,-22.27545052335,0.));
#7473 = CARTESIAN_POINT('',(18.206713827122,-22.3301141571,0.));
#7474 = CARTESIAN_POINT('',(18.273344242052,-22.35733694364,0.));
#7475 = SURFACE_OF_LINEAR_EXTRUSION('',#7476,#7499);
#7476 = B_SPLINE_CURVE_WITH_KNOTS('',3,(#7477,#7478,#7479,#7480,#7481,
    #7482,#7483,#7484,#7485,#7486,#7487,#7488,#7489,#7490,#7491,#7492,
    #7493,#7494,#7495,#7496,#7497,#7498),.UNSPECIFIED.,.F.,.F.,(4,1,1,1,
    1,1,1,1,1,1,1,1,1,1,1,1,1,1,1,4),(0.,0.100531090486,0.207473237636,
    0.320826441453,0.440590701938,0.566766019094,0.699352392922,
    0.838349823423,0.983758310598,1.135577854448,1.293808454975,
    1.458450112178,1.629502826059,1.806966596619,1.990841423856,
    2.181127307773,2.37782424837,2.580932245646,2.790451299603,
    3.00638141024),.UNSPECIFIED.);
#7477 = CARTESIAN_POINT('',(15.672945681297,-20.8702844655,0.));
#7478 = CARTESIAN_POINT('',(15.698794321306,-20.89161142461,0.));
#7479 = CARTESIAN_POINT('',(15.75249675364,-20.93519090471,0.));
#7480 = CARTESIAN_POINT('',(15.836602645524,-21.0012502401,0.));
#7481 = CARTESIAN_POINT('',(15.926850405503,-21.06984582883,0.));
#7482 = CARTESIAN_POINT('',(16.023341840446,-21.14079717572,0.));
#7483 = CARTESIAN_POINT('',(16.126172986643,-21.2139224389,0.));
#7484 = CARTESIAN_POINT('',(16.235436119399,-21.28903698142,0.));
#7485 = CARTESIAN_POINT('',(16.351219098748,-21.36595390708,0.));
#7486 = CARTESIAN_POINT('',(16.473605492317,-21.44448402044,0.));
#7487 = CARTESIAN_POINT('',(16.602674475379,-21.52443595497,0.));
#7488 = CARTESIAN_POINT('',(16.738500797485,-21.605616254,0.));
#7489 = CARTESIAN_POINT('',(16.881154732351,-21.6878294664,0.));
#7490 = CARTESIAN_POINT('',(17.0307020346,-21.77087823953,0.));
#7491 = CARTESIAN_POINT('',(17.187203898101,-21.85456341316,0.));
#7492 = CARTESIAN_POINT('',(17.350716911576,-21.93868411778,0.));
#7493 = CARTESIAN_POINT('',(17.52129303576,-22.02303785902,0.));
#7494 = CARTESIAN_POINT('',(17.698979504742,-22.10742066077,0.));
#7495 = CARTESIAN_POINT('',(17.883819034178,-22.19162698186,0.));
#7496 = CARTESIAN_POINT('',(18.075848837086,-22.27545052335,0.));
#7497 = CARTESIAN_POINT('',(18.206713827122,-22.3301141571,0.));
#7498 = CARTESIAN_POINT('',(18.273344242052,-22.35733694364,0.));
#7499 = VECTOR('',#7500,1.);
#7500 = DIRECTION('',(-0.,-0.,-1.));
#7501 = ADVANCED_FACE('',(#7502),#7525,.T.);
#7502 = FACE_BOUND('',#7503,.T.);
#7503 = EDGE_LOOP('',(#7504,#7505,#7512,#7520));
#7504 = ORIENTED_EDGE('',*,*,#7443,.T.);
#7505 = ORIENTED_EDGE('',*,*,#7506,.T.);
#7506 = EDGE_CURVE('',#7417,#7507,#7509,.T.);
#7507 = VERTEX_POINT('',#7508);
#7508 = CARTESIAN_POINT('',(18.844545831291,-21.87804190078,10.));
#7509 = B_SPLINE_CURVE_WITH_KNOTS('',1,(#7510,#7511),.UNSPECIFIED.,.F.,
  .F.,(2,2),(0.,0.745650718271),.PIECEWISE_BEZIER_KNOTS.);
#7510 = CARTESIAN_POINT('',(18.273344242052,-22.35733694364,10.));
#7511 = CARTESIAN_POINT('',(18.844545831291,-21.87804190078,10.));
#7512 = ORIENTED_EDGE('',*,*,#7513,.F.);
#7513 = EDGE_CURVE('',#7514,#7507,#7516,.T.);
#7514 = VERTEX_POINT('',#7515);
#7515 = CARTESIAN_POINT('',(18.844545831291,-21.87804190078,0.));
#7516 = LINE('',#7517,#7518);
#7517 = CARTESIAN_POINT('',(18.844545831291,-21.87804190078,0.));
#7518 = VECTOR('',#7519,1.);
#7519 = DIRECTION('',(0.,0.,1.));
#7520 = ORIENTED_EDGE('',*,*,#7521,.F.);
#7521 = EDGE_CURVE('',#7444,#7514,#7522,.T.);
#7522 = B_SPLINE_CURVE_WITH_KNOTS('',1,(#7523,#7524),.UNSPECIFIED.,.F.,
  .F.,(2,2),(0.,0.745650718271),.PIECEWISE_BEZIER_KNOTS.);
#7523 = CARTESIAN_POINT('',(18.273344242052,-22.35733694364,0.));
#7524 = CARTESIAN_POINT('',(18.844545831291,-21.87804190078,0.));
#7525 = SURFACE_OF_LINEAR_EXTRUSION('',#7526,#7529);
#7526 = B_SPLINE_CURVE_WITH_KNOTS('',1,(#7527,#7528),.UNSPECIFIED.,.F.,
  .F.,(2,2),(0.,0.745650718271),.PIECEWISE_BEZIER_KNOTS.);
#7527 = CARTESIAN_POINT('',(18.273344242052,-22.35733694364,0.));
#7528 = CARTESIAN_POINT('',(18.844545831291,-21.87804190078,0.));
#7529 = VECTOR('',#7530,1.);
#7530 = DIRECTION('',(-0.,-0.,-1.));
#7531 = ADVANCED_FACE('',(#7532),#7595,.T.);
#7532 = FACE_BOUND('',#7533,.T.);
#7533 = EDGE_LOOP('',(#7534,#7535,#7562,#7570));
#7534 = ORIENTED_EDGE('',*,*,#7513,.T.);
#7535 = ORIENTED_EDGE('',*,*,#7536,.T.);
#7536 = EDGE_CURVE('',#7507,#7537,#7539,.T.);
#7537 = VERTEX_POINT('',#7538);
#7538 = CARTESIAN_POINT('',(17.831639492969,-19.0589252843,10.));
#7539 = B_SPLINE_CURVE_WITH_KNOTS('',3,(#7540,#7541,#7542,#7543,#7544,
    #7545,#7546,#7547,#7548,#7549,#7550,#7551,#7552,#7553,#7554,#7555,
    #7556,#7557,#7558,#7559,#7560,#7561),.UNSPECIFIED.,.F.,.F.,(4,1,1,1,
    1,1,1,1,1,1,1,1,1,1,1,1,1,1,1,4),(0.,0.215930110637,0.425449164594,
    0.62855716187,0.825254102467,1.015539986384,1.199414813622,
    1.376878584181,1.547931298062,1.712572955265,1.870803555792,
    2.022623099642,2.168031586817,2.307029017318,2.439615391146,
    2.565790708302,2.685554968787,2.798908172604,2.905850319754,
    3.00638141024),.UNSPECIFIED.);
#7540 = CARTESIAN_POINT('',(18.844545831291,-21.87804190078,10.));
#7541 = CARTESIAN_POINT('',(18.82930687018,-21.8076965643,10.));
#7542 = CARTESIAN_POINT('',(18.798198166897,-21.66932746713,10.));
#7543 = CARTESIAN_POINT('',(18.748993718683,-21.46565922319,10.));
#7544 = CARTESIAN_POINT('',(18.698163728274,-21.26900554733,10.));
#7545 = CARTESIAN_POINT('',(18.645917822418,-21.07936561532,10.));
#7546 = CARTESIAN_POINT('',(18.59246583717,-20.8967330523,10.));
#7547 = CARTESIAN_POINT('',(18.538016851887,-20.72109676185,10.));
#7548 = CARTESIAN_POINT('',(18.482779307482,-20.55244073541,10.));
#7549 = CARTESIAN_POINT('',(18.426960848339,-20.39074412461,10.));
#7550 = CARTESIAN_POINT('',(18.370768235187,-20.23598124904,10.));
#7551 = CARTESIAN_POINT('',(18.314407240625,-20.08812162298,10.));
#7552 = CARTESIAN_POINT('',(18.258082549333,-19.94712998005,10.));
#7553 = CARTESIAN_POINT('',(18.201997659068,-19.81296629972,10.));
#7554 = CARTESIAN_POINT('',(18.14635477771,-19.68558584002,10.));
#7555 = CARTESIAN_POINT('',(18.091354737759,-19.56493915634,10.));
#7556 = CARTESIAN_POINT('',(18.037196852781,-19.45097217762,10.));
#7557 = CARTESIAN_POINT('',(17.984078978116,-19.3436260923,10.));
#7558 = CARTESIAN_POINT('',(17.932196869578,-19.2428378996,10.));
#7559 = CARTESIAN_POINT('',(17.881745958779,-19.14853868199,10.));
#7560 = CARTESIAN_POINT('',(17.848153878416,-19.08808461297,10.));
#7561 = CARTESIAN_POINT('',(17.831639492969,-19.0589252843,10.));
#7562 = ORIENTED_EDGE('',*,*,#7563,.F.);
#7563 = EDGE_CURVE('',#7564,#7537,#7566,.T.);
#7564 = VERTEX_POINT('',#7565);
#7565 = CARTESIAN_POINT('',(17.831639492969,-19.0589252843,0.));
#7566 = LINE('',#7567,#7568);
#7567 = CARTESIAN_POINT('',(17.831639492969,-19.0589252843,0.));
#7568 = VECTOR('',#7569,1.);
#7569 = DIRECTION('',(0.,0.,1.));
#7570 = ORIENTED_EDGE('',*,*,#7571,.F.);
#7571 = EDGE_CURVE('',#7514,#7564,#7572,.T.);
#7572 = B_SPLINE_CURVE_WITH_KNOTS('',3,(#7573,#7574,#7575,#7576,#7577,
    #7578,#7579,#7580,#7581,#7582,#7583,#7584,#7585,#7586,#7587,#7588,
    #7589,#7590,#7591,#7592,#7593,#7594),.UNSPECIFIED.,.F.,.F.,(4,1,1,1,
    1,1,1,1,1,1,1,1,1,1,1,1,1,1,1,4),(0.,0.215930110637,0.425449164594,
    0.62855716187,0.825254102467,1.015539986384,1.199414813622,
    1.376878584181,1.547931298062,1.712572955265,1.870803555792,
    2.022623099642,2.168031586817,2.307029017318,2.439615391146,
    2.565790708302,2.685554968787,2.798908172604,2.905850319754,
    3.00638141024),.UNSPECIFIED.);
#7573 = CARTESIAN_POINT('',(18.844545831291,-21.87804190078,0.));
#7574 = CARTESIAN_POINT('',(18.82930687018,-21.8076965643,0.));
#7575 = CARTESIAN_POINT('',(18.798198166897,-21.66932746713,0.));
#7576 = CARTESIAN_POINT('',(18.748993718683,-21.46565922319,0.));
#7577 = CARTESIAN_POINT('',(18.698163728274,-21.26900554733,0.));
#7578 = CARTESIAN_POINT('',(18.645917822418,-21.07936561532,0.));
#7579 = CARTESIAN_POINT('',(18.59246583717,-20.8967330523,0.));
#7580 = CARTESIAN_POINT('',(18.538016851887,-20.72109676185,0.));
#7581 = CARTESIAN_POINT('',(18.482779307482,-20.55244073541,0.));
#7582 = CARTESIAN_POINT('',(18.426960848339,-20.39074412461,0.));
#7583 = CARTESIAN_POINT('',(18.370768235187,-20.23598124904,0.));
#7584 = CARTESIAN_POINT('',(18.314407240625,-20.08812162298,0.));
#7585 = CARTESIAN_POINT('',(18.258082549333,-19.94712998005,0.));
#7586 = CARTESIAN_POINT('',(18.201997659068,-19.81296629972,0.));
#7587 = CARTESIAN_POINT('',(18.14635477771,-19.68558584002,0.));
#7588 = CARTESIAN_POINT('',(18.091354737759,-19.56493915634,0.));
#7589 = CARTESIAN_POINT('',(18.037196852781,-19.45097217762,0.));
#7590 = CARTESIAN_POINT('',(17.984078978116,-19.3436260923,0.));
#7591 = CARTESIAN_POINT('',(17.932196869578,-19.2428378996,0.));
#7592 = CARTESIAN_POINT('',(17.881745958779,-19.14853868199,0.));
#7593 = CARTESIAN_POINT('',(17.848153878416,-19.08808461297,0.));
#7594 = CARTESIAN_POINT('',(17.831639492969,-19.0589252843,0.));
#7595 = SURFACE_OF_LINEAR_EXTRUSION('',#7596,#7619);
#7596 = B_SPLINE_CURVE_WITH_KNOTS('',3,(#7597,#7598,#7599,#7600,#7601,
    #7602,#7603,#7604,#7605,#7606,#7607,#7608,#7609,#7610,#7611,#7612,
    #7613,#7614,#7615,#7616,#7617,#7618),.UNSPECIFIED.,.F.,.F.,(4,1,1,1,
    1,1,1,1,1,1,1,1,1,1,1,1,1,1,1,4),(0.,0.215930110637,0.425449164594,
    0.62855716187,0.825254102467,1.015539986384,1.199414813622,
    1.376878584181,1.547931298062,1.712572955265,1.870803555792,
    2.022623099642,2.168031586817,2.307029017318,2.439615391146,
    2.565790708302,2.685554968787,2.798908172604,2.905850319754,
    3.00638141024),.UNSPECIFIED.);
#7597 = CARTESIAN_POINT('',(18.844545831291,-21.87804190078,0.));
#7598 = CARTESIAN_POINT('',(18.82930687018,-21.8076965643,0.));
#7599 = CARTESIAN_POINT('',(18.798198166897,-21.66932746713,0.));
#7600 = CARTESIAN_POINT('',(18.748993718683,-21.46565922319,0.));
#7601 = CARTESIAN_POINT('',(18.698163728274,-21.26900554733,0.));
#7602 = CARTESIAN_POINT('',(18.645917822418,-21.07936561532,0.));
#7603 = CARTESIAN_POINT('',(18.59246583717,-20.8967330523,0.));
#7604 = CARTESIAN_POINT('',(18.538016851887,-20.72109676185,0.));
#7605 = CARTESIAN_POINT('',(18.482779307482,-20.55244073541,0.));
#7606 = CARTESIAN_POINT('',(18.426960848339,-20.39074412461,0.));
#7607 = CARTESIAN_POINT('',(18.370768235187,-20.23598124904,0.));
#7608 = CARTESIAN_POINT('',(18.314407240625,-20.08812162298,0.));
#7609 = CARTESIAN_POINT('',(18.258082549333,-19.94712998005,0.));
#7610 = CARTESIAN_POINT('',(18.201997659068,-19.81296629972,0.));
#7611 = CARTESIAN_POINT('',(18.14635477771,-19.68558584002,0.));
#7612 = CARTESIAN_POINT('',(18.091354737759,-19.56493915634,0.));
#7613 = CARTESIAN_POINT('',(18.037196852781,-19.45097217762,0.));
#7614 = CARTESIAN_POINT('',(17.984078978116,-19.3436260923,0.));
#7615 = CARTESIAN_POINT('',(17.932196869578,-19.2428378996,0.));
#7616 = CARTESIAN_POINT('',(17.881745958779,-19.14853868199,0.));
#7617 = CARTESIAN_POINT('',(17.848153878416,-19.08808461297,0.));
#7618 = CARTESIAN_POINT('',(17.831639492969,-19.0589252843,0.));
#7619 = VECTOR('',#7620,1.);
#7620 = DIRECTION('',(-0.,-0.,-1.));
#7621 = ADVANCED_FACE('',(#7622),#7645,.T.);
#7622 = FACE_BOUND('',#7623,.T.);
#7623 = EDGE_LOOP('',(#7624,#7625,#7632,#7640));
#7624 = ORIENTED_EDGE('',*,*,#7563,.T.);
#7625 = ORIENTED_EDGE('',*,*,#7626,.T.);
#7626 = EDGE_CURVE('',#7537,#7627,#7629,.T.);
#7627 = VERTEX_POINT('',#7628);
#7628 = CARTESIAN_POINT('',(19.058925284306,-17.83163949296,10.));
#7629 = B_SPLINE_CURVE_WITH_KNOTS('',1,(#7630,#7631),.UNSPECIFIED.,.F.,
  .F.,(2,2),(0.,1.735644211017),.PIECEWISE_BEZIER_KNOTS.);
#7630 = CARTESIAN_POINT('',(17.831639492969,-19.0589252843,10.));
#7631 = CARTESIAN_POINT('',(19.058925284306,-17.83163949296,10.));
#7632 = ORIENTED_EDGE('',*,*,#7633,.F.);
#7633 = EDGE_CURVE('',#7634,#7627,#7636,.T.);
#7634 = VERTEX_POINT('',#7635);
#7635 = CARTESIAN_POINT('',(19.058925284306,-17.83163949296,0.));
#7636 = LINE('',#7637,#7638);
#7637 = CARTESIAN_POINT('',(19.058925284306,-17.83163949296,0.));
#7638 = VECTOR('',#7639,1.);
#7639 = DIRECTION('',(0.,0.,1.));
#7640 = ORIENTED_EDGE('',*,*,#7641,.F.);
#7641 = EDGE_CURVE('',#7564,#7634,#7642,.T.);
#7642 = B_SPLINE_CURVE_WITH_KNOTS('',1,(#7643,#7644),.UNSPECIFIED.,.F.,
  .F.,(2,2),(0.,1.735644211017),.PIECEWISE_BEZIER_KNOTS.);
#7643 = CARTESIAN_POINT('',(17.831639492969,-19.0589252843,0.));
#7644 = CARTESIAN_POINT('',(19.058925284306,-17.83163949296,0.));
#7645 = SURFACE_OF_LINEAR_EXTRUSION('',#7646,#7649);
#7646 = B_SPLINE_CURVE_WITH_KNOTS('',1,(#7647,#7648),.UNSPECIFIED.,.F.,
  .F.,(2,2),(0.,1.735644211017),.PIECEWISE_BEZIER_KNOTS.);
#7647 = CARTESIAN_POINT('',(17.831639492969,-19.0589252843,0.));
#7648 = CARTESIAN_POINT('',(19.058925284306,-17.83163949296,0.));
#7649 = VECTOR('',#7650,1.);
#7650 = DIRECTION('',(-0.,-0.,-1.));
#7651 = ADVANCED_FACE('',(#7652),#7715,.T.);
#7652 = FACE_BOUND('',#7653,.T.);
#7653 = EDGE_LOOP('',(#7654,#7655,#7682,#7690));
#7654 = ORIENTED_EDGE('',*,*,#7633,.T.);
#7655 = ORIENTED_EDGE('',*,*,#7656,.T.);
#7656 = EDGE_CURVE('',#7627,#7657,#7659,.T.);
#7657 = VERTEX_POINT('',#7658);
#7658 = CARTESIAN_POINT('',(21.878041900782,-18.84454583129,10.));
#7659 = B_SPLINE_CURVE_WITH_KNOTS('',3,(#7660,#7661,#7662,#7663,#7664,
    #7665,#7666,#7667,#7668,#7669,#7670,#7671,#7672,#7673,#7674,#7675,
    #7676,#7677,#7678,#7679,#7680,#7681),.UNSPECIFIED.,.F.,.F.,(4,1,1,1,
    1,1,1,1,1,1,1,1,1,1,1,1,1,1,1,4),(0.,0.100531090486,0.207473237636,
    0.320826441453,0.440590701938,0.566766019094,0.699352392922,
    0.838349823423,0.983758310598,1.135577854448,1.293808454975,
    1.458450112178,1.629502826059,1.806966596619,1.990841423856,
    2.181127307773,2.37782424837,2.580932245646,2.790451299603,
    3.00638141024),.UNSPECIFIED.);
#7660 = CARTESIAN_POINT('',(19.058925284306,-17.83163949296,10.));
#7661 = CARTESIAN_POINT('',(19.088084612976,-17.84815387841,10.));
#7662 = CARTESIAN_POINT('',(19.148538681997,-17.88174595877,10.));
#7663 = CARTESIAN_POINT('',(19.242837899608,-17.93219686957,10.));
#7664 = CARTESIAN_POINT('',(19.343626092305,-17.98407897811,10.));
#7665 = CARTESIAN_POINT('',(19.450972177626,-18.03719685278,10.));
#7666 = CARTESIAN_POINT('',(19.564939156345,-18.09135473775,10.));
#7667 = CARTESIAN_POINT('',(19.685585840027,-18.14635477771,10.));
#7668 = CARTESIAN_POINT('',(19.812966299729,-18.20199765906,10.));
#7669 = CARTESIAN_POINT('',(19.947129980055,-18.25808254933,10.));
#7670 = CARTESIAN_POINT('',(20.088121622981,-18.31440724062,10.));
#7671 = CARTESIAN_POINT('',(20.235981249042,-18.37076823518,10.));
#7672 = CARTESIAN_POINT('',(20.39074412461,-18.42696084833,10.));
#7673 = CARTESIAN_POINT('',(20.552440735419,-18.48277930748,10.));
#7674 = CARTESIAN_POINT('',(20.721096761853,-18.53801685188,10.));
#7675 = CARTESIAN_POINT('',(20.896733052304,-18.59246583717,10.));
#7676 = CARTESIAN_POINT('',(21.079365615325,-18.64591782241,10.));
#7677 = CARTESIAN_POINT('',(21.269005547334,-18.69816372827,10.));
#7678 = CARTESIAN_POINT('',(21.46565922319,-18.74899371868,10.));
#7679 = CARTESIAN_POINT('',(21.66932746713,-18.79819816689,10.));
#7680 = CARTESIAN_POINT('',(21.8076965643,-18.82930687018,10.));
#7681 = CARTESIAN_POINT('',(21.878041900782,-18.84454583129,10.));
#7682 = ORIENTED_EDGE('',*,*,#7683,.F.);
#7683 = EDGE_CURVE('',#7684,#7657,#7686,.T.);
#7684 = VERTEX_POINT('',#7685);
#7685 = CARTESIAN_POINT('',(21.878041900782,-18.84454583129,0.));
#7686 = LINE('',#7687,#7688);
#7687 = CARTESIAN_POINT('',(21.878041900782,-18.84454583129,0.));
#7688 = VECTOR('',#7689,1.);
#7689 = DIRECTION('',(0.,0.,1.));
#7690 = ORIENTED_EDGE('',*,*,#7691,.F.);
#7691 = EDGE_CURVE('',#7634,#7684,#7692,.T.);
#7692 = B_SPLINE_CURVE_WITH_KNOTS('',3,(#7693,#7694,#7695,#7696,#7697,
    #7698,#7699,#7700,#7701,#7702,#7703,#7704,#7705,#7706,#7707,#7708,
    #7709,#7710,#7711,#7712,#7713,#7714),.UNSPECIFIED.,.F.,.F.,(4,1,1,1,
    1,1,1,1,1,1,1,1,1,1,1,1,1,1,1,4),(0.,0.100531090486,0.207473237636,
    0.320826441453,0.440590701938,0.566766019094,0.699352392922,
    0.838349823423,0.983758310598,1.135577854448,1.293808454975,
    1.458450112178,1.629502826059,1.806966596619,1.990841423856,
    2.181127307773,2.37782424837,2.580932245646,2.790451299603,
    3.00638141024),.UNSPECIFIED.);
#7693 = CARTESIAN_POINT('',(19.058925284306,-17.83163949296,0.));
#7694 = CARTESIAN_POINT('',(19.088084612976,-17.84815387841,0.));
#7695 = CARTESIAN_POINT('',(19.148538681997,-17.88174595877,0.));
#7696 = CARTESIAN_POINT('',(19.242837899608,-17.93219686957,0.));
#7697 = CARTESIAN_POINT('',(19.343626092305,-17.98407897811,0.));
#7698 = CARTESIAN_POINT('',(19.450972177626,-18.03719685278,0.));
#7699 = CARTESIAN_POINT('',(19.564939156345,-18.09135473775,0.));
#7700 = CARTESIAN_POINT('',(19.685585840027,-18.14635477771,0.));
#7701 = CARTESIAN_POINT('',(19.812966299729,-18.20199765906,0.));
#7702 = CARTESIAN_POINT('',(19.947129980055,-18.25808254933,0.));
#7703 = CARTESIAN_POINT('',(20.088121622981,-18.31440724062,0.));
#7704 = CARTESIAN_POINT('',(20.235981249042,-18.37076823518,0.));
#7705 = CARTESIAN_POINT('',(20.39074412461,-18.42696084833,0.));
#7706 = CARTESIAN_POINT('',(20.552440735419,-18.48277930748,0.));
#7707 = CARTESIAN_POINT('',(20.721096761853,-18.53801685188,0.));
#7708 = CARTESIAN_POINT('',(20.896733052304,-18.59246583717,0.));
#7709 = CARTESIAN_POINT('',(21.079365615325,-18.64591782241,0.));
#7710 = CARTESIAN_POINT('',(21.269005547334,-18.69816372827,0.));
#7711 = CARTESIAN_POINT('',(21.46565922319,-18.74899371868,0.));
#7712 = CARTESIAN_POINT('',(21.66932746713,-18.79819816689,0.));
#7713 = CARTESIAN_POINT('',(21.8076965643,-18.82930687018,0.));
#7714 = CARTESIAN_POINT('',(21.878041900782,-18.84454583129,0.));
#7715 = SURFACE_OF_LINEAR_EXTRUSION('',#7716,#7739);
#7716 = B_SPLINE_CURVE_WITH_KNOTS('',3,(#7717,#7718,#7719,#7720,#7721,
    #7722,#7723,#7724,#7725,#7726,#7727,#7728,#7729,#7730,#7731,#7732,
    #7733,#7734,#7735,#7736,#7737,#7738),.UNSPECIFIED.,.F.,.F.,(4,1,1,1,
    1,1,1,1,1,1,1,1,1,1,1,1,1,1,1,4),(0.,0.100531090486,0.207473237636,
    0.320826441453,0.440590701938,0.566766019094,0.699352392922,
    0.838349823423,0.983758310598,1.135577854448,1.293808454975,
    1.458450112178,1.629502826059,1.806966596619,1.990841423856,
    2.181127307773,2.37782424837,2.580932245646,2.790451299603,
    3.00638141024),.UNSPECIFIED.);
#7717 = CARTESIAN_POINT('',(19.058925284306,-17.83163949296,0.));
#7718 = CARTESIAN_POINT('',(19.088084612976,-17.84815387841,0.));
#7719 = CARTESIAN_POINT('',(19.148538681997,-17.88174595877,0.));
#7720 = CARTESIAN_POINT('',(19.242837899608,-17.93219686957,0.));
#7721 = CARTESIAN_POINT('',(19.343626092305,-17.98407897811,0.));
#7722 = CARTESIAN_POINT('',(19.450972177626,-18.03719685278,0.));
#7723 = CARTESIAN_POINT('',(19.564939156345,-18.09135473775,0.));
#7724 = CARTESIAN_POINT('',(19.685585840027,-18.14635477771,0.));
#7725 = CARTESIAN_POINT('',(19.812966299729,-18.20199765906,0.));
#7726 = CARTESIAN_POINT('',(19.947129980055,-18.25808254933,0.));
#7727 = CARTESIAN_POINT('',(20.088121622981,-18.31440724062,0.));
#7728 = CARTESIAN_POINT('',(20.235981249042,-18.37076823518,0.));
#7729 = CARTESIAN_POINT('',(20.39074412461,-18.42696084833,0.));
#7730 = CARTESIAN_POINT('',(20.552440735419,-18.48277930748,0.));
#7731 = CARTESIAN_POINT('',(20.721096761853,-18.53801685188,0.));
#7732 = CARTESIAN_POINT('',(20.896733052304,-18.59246583717,0.));
#7733 = CARTESIAN_POINT('',(21.079365615325,-18.64591782241,0.));
#7734 = CARTESIAN_POINT('',(21.269005547334,-18.69816372827,0.));
#7735 = CARTESIAN_POINT('',(21.46565922319,-18.74899371868,0.));
#7736 = CARTESIAN_POINT('',(21.66932746713,-18.79819816689,0.));
#7737 = CARTESIAN_POINT('',(21.8076965643,-18.82930687018,0.));
#7738 = CARTESIAN_POINT('',(21.878041900782,-18.84454583129,0.));
#7739 = VECTOR('',#7740,1.);
#7740 = DIRECTION('',(-0.,-0.,-1.));
#7741 = ADVANCED_FACE('',(#7742),#7765,.T.);
#7742 = FACE_BOUND('',#7743,.T.);
#7743 = EDGE_LOOP('',(#7744,#7745,#7752,#7760));
#7744 = ORIENTED_EDGE('',*,*,#7683,.T.);
#7745 = ORIENTED_EDGE('',*,*,#7746,.T.);
#7746 = EDGE_CURVE('',#7657,#7747,#7749,.T.);
#7747 = VERTEX_POINT('',#7748);
#7748 = CARTESIAN_POINT('',(22.357336943641,-18.27334424205,10.));
#7749 = B_SPLINE_CURVE_WITH_KNOTS('',1,(#7750,#7751),.UNSPECIFIED.,.F.,
  .F.,(2,2),(0.,0.745650718271),.PIECEWISE_BEZIER_KNOTS.);
#7750 = CARTESIAN_POINT('',(21.878041900782,-18.84454583129,10.));
#7751 = CARTESIAN_POINT('',(22.357336943641,-18.27334424205,10.));
#7752 = ORIENTED_EDGE('',*,*,#7753,.F.);
#7753 = EDGE_CURVE('',#7754,#7747,#7756,.T.);
#7754 = VERTEX_POINT('',#7755);
#7755 = CARTESIAN_POINT('',(22.357336943641,-18.27334424205,0.));
#7756 = LINE('',#7757,#7758);
#7757 = CARTESIAN_POINT('',(22.357336943641,-18.27334424205,0.));
#7758 = VECTOR('',#7759,1.);
#7759 = DIRECTION('',(0.,0.,1.));
#7760 = ORIENTED_EDGE('',*,*,#7761,.F.);
#7761 = EDGE_CURVE('',#7684,#7754,#7762,.T.);
#7762 = B_SPLINE_CURVE_WITH_KNOTS('',1,(#7763,#7764),.UNSPECIFIED.,.F.,
  .F.,(2,2),(0.,0.745650718271),.PIECEWISE_BEZIER_KNOTS.);
#7763 = CARTESIAN_POINT('',(21.878041900782,-18.84454583129,0.));
#7764 = CARTESIAN_POINT('',(22.357336943641,-18.27334424205,0.));
#7765 = SURFACE_OF_LINEAR_EXTRUSION('',#7766,#7769);
#7766 = B_SPLINE_CURVE_WITH_KNOTS('',1,(#7767,#7768),.UNSPECIFIED.,.F.,
  .F.,(2,2),(0.,0.745650718271),.PIECEWISE_BEZIER_KNOTS.);
#7767 = CARTESIAN_POINT('',(21.878041900782,-18.84454583129,0.));
#7768 = CARTESIAN_POINT('',(22.357336943641,-18.27334424205,0.));
#7769 = VECTOR('',#7770,1.);
#7770 = DIRECTION('',(-0.,-0.,-1.));
#7771 = ADVANCED_FACE('',(#7772),#7835,.T.);
#7772 = FACE_BOUND('',#7773,.T.);
#7773 = EDGE_LOOP('',(#7774,#7775,#7802,#7810));
#7774 = ORIENTED_EDGE('',*,*,#7753,.T.);
#7775 = ORIENTED_EDGE('',*,*,#7776,.T.);
#7776 = EDGE_CURVE('',#7747,#7777,#7779,.T.);
#7777 = VERTEX_POINT('',#7778);
#7778 = CARTESIAN_POINT('',(20.870284465505,-15.67294568129,10.));
#7779 = B_SPLINE_CURVE_WITH_KNOTS('',3,(#7780,#7781,#7782,#7783,#7784,
    #7785,#7786,#7787,#7788,#7789,#7790,#7791,#7792,#7793,#7794,#7795,
    #7796,#7797,#7798,#7799,#7800,#7801),.UNSPECIFIED.,.F.,.F.,(4,1,1,1,
    1,1,1,1,1,1,1,1,1,1,1,1,1,1,1,4),(0.,0.215930110637,0.425449164594,
    0.62855716187,0.825254102467,1.015539986384,1.199414813622,
    1.376878584181,1.547931298062,1.712572955265,1.870803555792,
    2.022623099642,2.168031586817,2.307029017318,2.439615391146,
    2.565790708302,2.685554968787,2.798908172604,2.905850319754,
    3.00638141024),.UNSPECIFIED.);
#7780 = CARTESIAN_POINT('',(22.357336943641,-18.27334424205,10.));
#7781 = CARTESIAN_POINT('',(22.330114157104,-18.20671382712,10.));
#7782 = CARTESIAN_POINT('',(22.275450523356,-18.07584883708,10.));
#7783 = CARTESIAN_POINT('',(22.191626981863,-17.88381903417,10.));
#7784 = CARTESIAN_POINT('',(22.107420660778,-17.69897950474,10.));
#7785 = CARTESIAN_POINT('',(22.023037859022,-17.52129303576,10.));
#7786 = CARTESIAN_POINT('',(21.938684117785,-17.35071691157,10.));
#7787 = CARTESIAN_POINT('',(21.854563413165,-17.1872038981,10.));
#7788 = CARTESIAN_POINT('',(21.770878239535,-17.0307020346,10.));
#7789 = CARTESIAN_POINT('',(21.687829466408,-16.88115473235,10.));
#7790 = CARTESIAN_POINT('',(21.605616254001,-16.73850079748,10.));
#7791 = CARTESIAN_POINT('',(21.524435954973,-16.60267447537,10.));
#7792 = CARTESIAN_POINT('',(21.444484020442,-16.47360549231,10.));
#7793 = CARTESIAN_POINT('',(21.365953907084,-16.35121909874,10.));
#7794 = CARTESIAN_POINT('',(21.289036981426,-16.23543611939,10.));
#7795 = CARTESIAN_POINT('',(21.213922438903,-16.12617298664,10.));
#7796 = CARTESIAN_POINT('',(21.140797175721,-16.02334184044,10.));
#7797 = CARTESIAN_POINT('',(21.069845828832,-15.9268504055,10.));
#7798 = CARTESIAN_POINT('',(21.001250240109,-15.83660264552,10.));
#7799 = CARTESIAN_POINT('',(20.935190904714,-15.75249675364,10.));
#7800 = CARTESIAN_POINT('',(20.891611424615,-15.6987943213,10.));
#7801 = CARTESIAN_POINT('',(20.870284465505,-15.67294568129,10.));
#7802 = ORIENTED_EDGE('',*,*,#7803,.F.);
#7803 = EDGE_CURVE('',#7804,#7777,#7806,.T.);
#7804 = VERTEX_POINT('',#7805);
#7805 = CARTESIAN_POINT('',(20.870284465505,-15.67294568129,0.));
#7806 = LINE('',#7807,#7808);
#7807 = CARTESIAN_POINT('',(20.870284465505,-15.67294568129,0.));
#7808 = VECTOR('',#7809,1.);
#7809 = DIRECTION('',(0.,0.,1.));
#7810 = ORIENTED_EDGE('',*,*,#7811,.F.);
#7811 = EDGE_CURVE('',#7754,#7804,#7812,.T.);
#7812 = B_SPLINE_CURVE_WITH_KNOTS('',3,(#7813,#7814,#7815,#7816,#7817,
    #7818,#7819,#7820,#7821,#7822,#7823,#7824,#7825,#7826,#7827,#7828,
    #7829,#7830,#7831,#7832,#7833,#7834),.UNSPECIFIED.,.F.,.F.,(4,1,1,1,
    1,1,1,1,1,1,1,1,1,1,1,1,1,1,1,4),(0.,0.215930110637,0.425449164594,
    0.62855716187,0.825254102467,1.015539986384,1.199414813622,
    1.376878584181,1.547931298062,1.712572955265,1.870803555792,
    2.022623099642,2.168031586817,2.307029017318,2.439615391146,
    2.565790708302,2.685554968787,2.798908172604,2.905850319754,
    3.00638141024),.UNSPECIFIED.);
#7813 = CARTESIAN_POINT('',(22.357336943641,-18.27334424205,0.));
#7814 = CARTESIAN_POINT('',(22.330114157104,-18.20671382712,0.));
#7815 = CARTESIAN_POINT('',(22.275450523356,-18.07584883708,0.));
#7816 = CARTESIAN_POINT('',(22.191626981863,-17.88381903417,0.));
#7817 = CARTESIAN_POINT('',(22.107420660778,-17.69897950474,0.));
#7818 = CARTESIAN_POINT('',(22.023037859022,-17.52129303576,0.));
#7819 = CARTESIAN_POINT('',(21.938684117785,-17.35071691157,0.));
#7820 = CARTESIAN_POINT('',(21.854563413165,-17.1872038981,0.));
#7821 = CARTESIAN_POINT('',(21.770878239535,-17.0307020346,0.));
#7822 = CARTESIAN_POINT('',(21.687829466408,-16.88115473235,0.));
#7823 = CARTESIAN_POINT('',(21.605616254001,-16.73850079748,0.));
#7824 = CARTESIAN_POINT('',(21.524435954973,-16.60267447537,0.));
#7825 = CARTESIAN_POINT('',(21.444484020442,-16.47360549231,0.));
#7826 = CARTESIAN_POINT('',(21.365953907084,-16.35121909874,0.));
#7827 = CARTESIAN_POINT('',(21.289036981426,-16.23543611939,0.));
#7828 = CARTESIAN_POINT('',(21.213922438903,-16.12617298664,0.));
#7829 = CARTESIAN_POINT('',(21.140797175721,-16.02334184044,0.));
#7830 = CARTESIAN_POINT('',(21.069845828832,-15.9268504055,0.));
#7831 = CARTESIAN_POINT('',(21.001250240109,-15.83660264552,0.));
#7832 = CARTESIAN_POINT('',(20.935190904714,-15.75249675364,0.));
#7833 = CARTESIAN_POINT('',(20.891611424615,-15.6987943213,0.));
#7834 = CARTESIAN_POINT('',(20.870284465505,-15.67294568129,0.));
#7835 = SURFACE_OF_LINEAR_EXTRUSION('',#7836,#7859);
#7836 = B_SPLINE_CURVE_WITH_KNOTS('',3,(#7837,#7838,#7839,#7840,#7841,
    #7842,#7843,#7844,#7845,#7846,#7847,#7848,#7849,#7850,#7851,#7852,
    #7853,#7854,#7855,#7856,#7857,#7858),.UNSPECIFIED.,.F.,.F.,(4,1,1,1,
    1,1,1,1,1,1,1,1,1,1,1,1,1,1,1,4),(0.,0.215930110637,0.425449164594,
    0.62855716187,0.825254102467,1.015539986384,1.199414813622,
    1.376878584181,1.547931298062,1.712572955265,1.870803555792,
    2.022623099642,2.168031586817,2.307029017318,2.439615391146,
    2.565790708302,2.685554968787,2.798908172604,2.905850319754,
    3.00638141024),.UNSPECIFIED.);
#7837 = CARTESIAN_POINT('',(22.357336943641,-18.27334424205,0.));
#7838 = CARTESIAN_POINT('',(22.330114157104,-18.20671382712,0.));
#7839 = CARTESIAN_POINT('',(22.275450523356,-18.07584883708,0.));
#7840 = CARTESIAN_POINT('',(22.191626981863,-17.88381903417,0.));
#7841 = CARTESIAN_POINT('',(22.107420660778,-17.69897950474,0.));
#7842 = CARTESIAN_POINT('',(22.023037859022,-17.52129303576,0.));
#7843 = CARTESIAN_POINT('',(21.938684117785,-17.35071691157,0.));
#7844 = CARTESIAN_POINT('',(21.854563413165,-17.1872038981,0.));
#7845 = CARTESIAN_POINT('',(21.770878239535,-17.0307020346,0.));
#7846 = CARTESIAN_POINT('',(21.687829466408,-16.88115473235,0.));
#7847 = CARTESIAN_POINT('',(21.605616254001,-16.73850079748,0.));
#7848 = CARTESIAN_POINT('',(21.524435954973,-16.60267447537,0.));
#7849 = CARTESIAN_POINT('',(21.444484020442,-16.47360549231,0.));
#7850 = CARTESIAN_POINT('',(21.365953907084,-16.35121909874,0.));
#7851 = CARTESIAN_POINT('',(21.289036981426,-16.23543611939,0.));
#7852 = CARTESIAN_POINT('',(21.213922438903,-16.12617298664,0.));
#7853 = CARTESIAN_POINT('',(21.140797175721,-16.02334184044,0.));
#7854 = CARTESIAN_POINT('',(21.069845828832,-15.9268504055,0.));
#7855 = CARTESIAN_POINT('',(21.001250240109,-15.83660264552,0.));
#7856 = CARTESIAN_POINT('',(20.935190904714,-15.75249675364,0.));
#7857 = CARTESIAN_POINT('',(20.891611424615,-15.6987943213,0.));
#7858 = CARTESIAN_POINT('',(20.870284465505,-15.67294568129,0.));
#7859 = VECTOR('',#7860,1.);
#7860 = DIRECTION('',(-0.,-0.,-1.));
#7861 = ADVANCED_FACE('',(#7862),#7885,.T.);
#7862 = FACE_BOUND('',#7863,.T.);
#7863 = EDGE_LOOP('',(#7864,#7865,#7872,#7880));
#7864 = ORIENTED_EDGE('',*,*,#7803,.T.);
#7865 = ORIENTED_EDGE('',*,*,#7866,.T.);
#7866 = EDGE_CURVE('',#7777,#7867,#7869,.T.);
#7867 = VERTEX_POINT('',#7868);
#7868 = CARTESIAN_POINT('',(21.865809086833,-14.25118917768,10.));
#7869 = B_SPLINE_CURVE_WITH_KNOTS('',1,(#7870,#7871),.UNSPECIFIED.,.F.,
  .F.,(2,2),(0.,1.735644211017),.PIECEWISE_BEZIER_KNOTS.);
#7870 = CARTESIAN_POINT('',(20.870284465505,-15.67294568129,10.));
#7871 = CARTESIAN_POINT('',(21.865809086833,-14.25118917768,10.));
#7872 = ORIENTED_EDGE('',*,*,#7873,.F.);
#7873 = EDGE_CURVE('',#7874,#7867,#7876,.T.);
#7874 = VERTEX_POINT('',#7875);
#7875 = CARTESIAN_POINT('',(21.865809086833,-14.25118917768,0.));
#7876 = LINE('',#7877,#7878);
#7877 = CARTESIAN_POINT('',(21.865809086833,-14.25118917768,0.));
#7878 = VECTOR('',#7879,1.);
#7879 = DIRECTION('',(0.,0.,1.));
#7880 = ORIENTED_EDGE('',*,*,#7881,.F.);
#7881 = EDGE_CURVE('',#7804,#7874,#7882,.T.);
#7882 = B_SPLINE_CURVE_WITH_KNOTS('',1,(#7883,#7884),.UNSPECIFIED.,.F.,
  .F.,(2,2),(0.,1.735644211017),.PIECEWISE_BEZIER_KNOTS.);
#7883 = CARTESIAN_POINT('',(20.870284465505,-15.67294568129,0.));
#7884 = CARTESIAN_POINT('',(21.865809086833,-14.25118917768,0.));
#7885 = SURFACE_OF_LINEAR_EXTRUSION('',#7886,#7889);
#7886 = B_SPLINE_CURVE_WITH_KNOTS('',1,(#7887,#7888),.UNSPECIFIED.,.F.,
  .F.,(2,2),(0.,1.735644211017),.PIECEWISE_BEZIER_KNOTS.);
#7887 = CARTESIAN_POINT('',(20.870284465505,-15.67294568129,0.));
#7888 = CARTESIAN_POINT('',(21.865809086833,-14.25118917768,0.));
#7889 = VECTOR('',#7890,1.);
#7890 = DIRECTION('',(-0.,-0.,-1.));
#7891 = ADVANCED_FACE('',(#7892),#7955,.T.);
#7892 = FACE_BOUND('',#7893,.T.);
#7893 = EDGE_LOOP('',(#7894,#7895,#7922,#7930));
#7894 = ORIENTED_EDGE('',*,*,#7873,.T.);
#7895 = ORIENTED_EDGE('',*,*,#7896,.T.);
#7896 = EDGE_CURVE('',#7867,#7897,#7899,.T.);
#7897 = VERTEX_POINT('',#7898);
#7898 = CARTESIAN_POINT('',(24.817986327181,-14.75917272965,10.));
#7899 = B_SPLINE_CURVE_WITH_KNOTS('',3,(#7900,#7901,#7902,#7903,#7904,
    #7905,#7906,#7907,#7908,#7909,#7910,#7911,#7912,#7913,#7914,#7915,
    #7916,#7917,#7918,#7919,#7920,#7921),.UNSPECIFIED.,.F.,.F.,(4,1,1,1,
    1,1,1,1,1,1,1,1,1,1,1,1,1,1,1,4),(0.,0.100531090486,0.207473237636,
    0.320826441453,0.440590701938,0.566766019094,0.699352392922,
    0.838349823423,0.983758310598,1.135577854448,1.293808454975,
    1.458450112178,1.629502826059,1.806966596619,1.990841423856,
    2.181127307773,2.37782424837,2.580932245646,2.790451299603,
    3.00638141024),.UNSPECIFIED.);
#7900 = CARTESIAN_POINT('',(21.865809086833,-14.25118917768,10.));
#7901 = CARTESIAN_POINT('',(21.897393112718,-14.26238920822,10.));
#7902 = CARTESIAN_POINT('',(21.96276195213,-14.28497321048,10.));
#7903 = CARTESIAN_POINT('',(22.064389261458,-14.31828277129,10.));
#7904 = CARTESIAN_POINT('',(22.172655488639,-14.35187498803,10.));
#7905 = CARTESIAN_POINT('',(22.287594567856,-14.38554543073,10.));
#7906 = CARTESIAN_POINT('',(22.409234550119,-14.41909037757,10.));
#7907 = CARTESIAN_POINT('',(22.537598996293,-14.45230476657,10.));
#7908 = CARTESIAN_POINT('',(22.672706545538,-14.48498292283,10.));
#7909 = CARTESIAN_POINT('',(22.814571017085,-14.51691847899,10.));
#7910 = CARTESIAN_POINT('',(22.963201360148,-14.5479045298,10.));
#7911 = CARTESIAN_POINT('',(23.118601650248,-14.5777337196,10.));
#7912 = CARTESIAN_POINT('',(23.280771074858,-14.60619834938,10.));
#7913 = CARTESIAN_POINT('',(23.449703924529,-14.6330904789,10.));
#7914 = CARTESIAN_POINT('',(23.625389585878,-14.65820202925,10.));
#7915 = CARTESIAN_POINT('',(23.807812533494,-14.68132489033,10.));
#7916 = CARTESIAN_POINT('',(23.996952337341,-14.70225100806,10.));
#7917 = CARTESIAN_POINT('',(24.192783619007,-14.72077255261,10.));
#7918 = CARTESIAN_POINT('',(24.395276218854,-14.73668176881,10.));
#7919 = CARTESIAN_POINT('',(24.604394547293,-14.74977207148,10.));
#7920 = CARTESIAN_POINT('',(24.746063476599,-14.75638062209,10.));
#7921 = CARTESIAN_POINT('',(24.817986327181,-14.75917272965,10.));
#7922 = ORIENTED_EDGE('',*,*,#7923,.F.);
#7923 = EDGE_CURVE('',#7924,#7897,#7926,.T.);
#7924 = VERTEX_POINT('',#7925);
#7925 = CARTESIAN_POINT('',(24.817986327181,-14.75917272965,0.));
#7926 = LINE('',#7927,#7928);
#7927 = CARTESIAN_POINT('',(24.817986327181,-14.75917272965,0.));
#7928 = VECTOR('',#7929,1.);
#7929 = DIRECTION('',(0.,0.,1.));
#7930 = ORIENTED_EDGE('',*,*,#7931,.F.);
#7931 = EDGE_CURVE('',#7874,#7924,#7932,.T.);
#7932 = B_SPLINE_CURVE_WITH_KNOTS('',3,(#7933,#7934,#7935,#7936,#7937,
    #7938,#7939,#7940,#7941,#7942,#7943,#7944,#7945,#7946,#7947,#7948,
    #7949,#7950,#7951,#7952,#7953,#7954),.UNSPECIFIED.,.F.,.F.,(4,1,1,1,
    1,1,1,1,1,1,1,1,1,1,1,1,1,1,1,4),(0.,0.100531090486,0.207473237636,
    0.320826441453,0.440590701938,0.566766019094,0.699352392922,
    0.838349823423,0.983758310598,1.135577854448,1.293808454975,
    1.458450112178,1.629502826059,1.806966596619,1.990841423856,
    2.181127307773,2.37782424837,2.580932245646,2.790451299603,
    3.00638141024),.UNSPECIFIED.);
#7933 = CARTESIAN_POINT('',(21.865809086833,-14.25118917768,0.));
#7934 = CARTESIAN_POINT('',(21.897393112718,-14.26238920822,0.));
#7935 = CARTESIAN_POINT('',(21.96276195213,-14.28497321048,0.));
#7936 = CARTESIAN_POINT('',(22.064389261458,-14.31828277129,0.));
#7937 = CARTESIAN_POINT('',(22.172655488639,-14.35187498803,0.));
#7938 = CARTESIAN_POINT('',(22.287594567856,-14.38554543073,0.));
#7939 = CARTESIAN_POINT('',(22.409234550119,-14.41909037757,0.));
#7940 = CARTESIAN_POINT('',(22.537598996293,-14.45230476657,0.));
#7941 = CARTESIAN_POINT('',(22.672706545538,-14.48498292283,0.));
#7942 = CARTESIAN_POINT('',(22.814571017085,-14.51691847899,0.));
#7943 = CARTESIAN_POINT('',(22.963201360148,-14.5479045298,0.));
#7944 = CARTESIAN_POINT('',(23.118601650248,-14.5777337196,0.));
#7945 = CARTESIAN_POINT('',(23.280771074858,-14.60619834938,0.));
#7946 = CARTESIAN_POINT('',(23.449703924529,-14.6330904789,0.));
#7947 = CARTESIAN_POINT('',(23.625389585878,-14.65820202925,0.));
#7948 = CARTESIAN_POINT('',(23.807812533494,-14.68132489033,0.));
#7949 = CARTESIAN_POINT('',(23.996952337341,-14.70225100806,0.));
#7950 = CARTESIAN_POINT('',(24.192783619007,-14.72077255261,0.));
#7951 = CARTESIAN_POINT('',(24.395276218854,-14.73668176881,0.));
#7952 = CARTESIAN_POINT('',(24.604394547293,-14.74977207148,0.));
#7953 = CARTESIAN_POINT('',(24.746063476599,-14.75638062209,0.));
#7954 = CARTESIAN_POINT('',(24.817986327181,-14.75917272965,0.));
#7955 = SURFACE_OF_LINEAR_EXTRUSION('',#7956,#7979);
#7956 = B_SPLINE_CURVE_WITH_KNOTS('',3,(#7957,#7958,#7959,#7960,#7961,
    #7962,#7963,#7964,#7965,#7966,#7967,#7968,#7969,#7970,#7971,#7972,
    #7973,#7974,#7975,#7976,#7977,#7978),.UNSPECIFIED.,.F.,.F.,(4,1,1,1,
    1,1,1,1,1,1,1,1,1,1,1,1,1,1,1,4),(0.,0.100531090486,0.207473237636,
    0.320826441453,0.440590701938,0.566766019094,0.699352392922,
    0.838349823423,0.983758310598,1.135577854448,1.293808454975,
    1.458450112178,1.629502826059,1.806966596619,1.990841423856,
    2.181127307773,2.37782424837,2.580932245646,2.790451299603,
    3.00638141024),.UNSPECIFIED.);
#7957 = CARTESIAN_POINT('',(21.865809086833,-14.25118917768,0.));
#7958 = CARTESIAN_POINT('',(21.897393112718,-14.26238920822,0.));
#7959 = CARTESIAN_POINT('',(21.96276195213,-14.28497321048,0.));
#7960 = CARTESIAN_POINT('',(22.064389261458,-14.31828277129,0.));
#7961 = CARTESIAN_POINT('',(22.172655488639,-14.35187498803,0.));
#7962 = CARTESIAN_POINT('',(22.287594567856,-14.38554543073,0.));
#7963 = CARTESIAN_POINT('',(22.409234550119,-14.41909037757,0.));
#7964 = CARTESIAN_POINT('',(22.537598996293,-14.45230476657,0.));
#7965 = CARTESIAN_POINT('',(22.672706545538,-14.48498292283,0.));
#7966 = CARTESIAN_POINT('',(22.814571017085,-14.51691847899,0.));
#7967 = CARTESIAN_POINT('',(22.963201360148,-14.5479045298,0.));
#7968 = CARTESIAN_POINT('',(23.118601650248,-14.5777337196,0.));
#7969 = CARTESIAN_POINT('',(23.280771074858,-14.60619834938,0.));
#7970 = CARTESIAN_POINT('',(23.449703924529,-14.6330904789,0.));
#7971 = CARTESIAN_POINT('',(23.625389585878,-14.65820202925,0.));
#7972 = CARTESIAN_POINT('',(23.807812533494,-14.68132489033,0.));
#7973 = CARTESIAN_POINT('',(23.996952337341,-14.70225100806,0.));
#7974 = CARTESIAN_POINT('',(24.192783619007,-14.72077255261,0.));
#7975 = CARTESIAN_POINT('',(24.395276218854,-14.73668176881,0.));
#7976 = CARTESIAN_POINT('',(24.604394547293,-14.74977207148,0.));
#7977 = CARTESIAN_POINT('',(24.746063476599,-14.75638062209,0.));
#7978 = CARTESIAN_POINT('',(24.817986327181,-14.75917272965,0.));
#7979 = VECTOR('',#7980,1.);
#7980 = DIRECTION('',(-0.,-0.,-1.));
#7981 = ADVANCED_FACE('',(#7982),#8005,.T.);
#7982 = FACE_BOUND('',#7983,.T.);
#7983 = EDGE_LOOP('',(#7984,#7985,#7992,#8000));
#7984 = ORIENTED_EDGE('',*,*,#7923,.T.);
#7985 = ORIENTED_EDGE('',*,*,#7986,.T.);
#7986 = EDGE_CURVE('',#7897,#7987,#7989,.T.);
#7987 = VERTEX_POINT('',#7988);
#7988 = CARTESIAN_POINT('',(25.190811686316,-14.11342026528,10.));
#7989 = B_SPLINE_CURVE_WITH_KNOTS('',1,(#7990,#7991),.UNSPECIFIED.,.F.,
  .F.,(2,2),(0.,0.745650718271),.PIECEWISE_BEZIER_KNOTS.);
#7990 = CARTESIAN_POINT('',(24.817986327181,-14.75917272965,10.));
#7991 = CARTESIAN_POINT('',(25.190811686316,-14.11342026528,10.));
#7992 = ORIENTED_EDGE('',*,*,#7993,.F.);
#7993 = EDGE_CURVE('',#7994,#7987,#7996,.T.);
#7994 = VERTEX_POINT('',#7995);
#7995 = CARTESIAN_POINT('',(25.190811686316,-14.11342026528,0.));
#7996 = LINE('',#7997,#7998);
#7997 = CARTESIAN_POINT('',(25.190811686316,-14.11342026528,0.));
#7998 = VECTOR('',#7999,1.);
#7999 = DIRECTION('',(0.,0.,1.));
#8000 = ORIENTED_EDGE('',*,*,#8001,.F.);
#8001 = EDGE_CURVE('',#7924,#7994,#8002,.T.);
#8002 = B_SPLINE_CURVE_WITH_KNOTS('',1,(#8003,#8004),.UNSPECIFIED.,.F.,
  .F.,(2,2),(0.,0.745650718271),.PIECEWISE_BEZIER_KNOTS.);
#8003 = CARTESIAN_POINT('',(24.817986327181,-14.75917272965,0.));
#8004 = CARTESIAN_POINT('',(25.190811686316,-14.11342026528,0.));
#8005 = SURFACE_OF_LINEAR_EXTRUSION('',#8006,#8009);
#8006 = B_SPLINE_CURVE_WITH_KNOTS('',1,(#8007,#8008),.UNSPECIFIED.,.F.,
  .F.,(2,2),(0.,0.745650718271),.PIECEWISE_BEZIER_KNOTS.);
#8007 = CARTESIAN_POINT('',(24.817986327181,-14.75917272965,0.));
#8008 = CARTESIAN_POINT('',(25.190811686316,-14.11342026528,0.));
#8009 = VECTOR('',#8010,1.);
#8010 = DIRECTION('',(-0.,-0.,-1.));
#8011 = ADVANCED_FACE('',(#8012),#8075,.T.);
#8012 = FACE_BOUND('',#8013,.T.);
#8013 = EDGE_LOOP('',(#8014,#8015,#8042,#8050));
#8014 = ORIENTED_EDGE('',*,*,#7993,.T.);
#8015 = ORIENTED_EDGE('',*,*,#8016,.T.);
#8016 = EDGE_CURVE('',#7987,#8017,#8019,.T.);
#8017 = VERTEX_POINT('',#8018);
#8018 = CARTESIAN_POINT('',(23.27479640543,-11.81075155465,10.));
#8019 = B_SPLINE_CURVE_WITH_KNOTS('',3,(#8020,#8021,#8022,#8023,#8024,
    #8025,#8026,#8027,#8028,#8029,#8030,#8031,#8032,#8033,#8034,#8035,
    #8036,#8037,#8038,#8039,#8040,#8041),.UNSPECIFIED.,.F.,.F.,(4,1,1,1,
    1,1,1,1,1,1,1,1,1,1,1,1,1,1,1,4),(0.,0.215930110637,0.425449164594,
    0.62855716187,0.825254102467,1.015539986384,1.199414813622,
    1.376878584181,1.547931298062,1.712572955265,1.870803555792,
    2.022623099642,2.168031586817,2.307029017318,2.439615391146,
    2.565790708302,2.685554968787,2.798908172604,2.905850319754,
    3.00638141024),.UNSPECIFIED.);
#8020 = CARTESIAN_POINT('',(25.190811686316,-14.11342026528,10.));
#8021 = CARTESIAN_POINT('',(25.152432224947,-14.05252930334,10.));
#8022 = CARTESIAN_POINT('',(25.075874587583,-13.93314468694,10.));
#8023 = CARTESIAN_POINT('',(24.959978888703,-13.75858805346,10.));
#8024 = CARTESIAN_POINT('',(24.8449548034,-13.59117892601,10.));
#8025 = CARTESIAN_POINT('',(24.730999034474,-13.4308448335,10.));
#8026 = CARTESIAN_POINT('',(24.61830658299,-13.27750801737,10.));
#8027 = CARTESIAN_POINT('',(24.507070124077,-13.13108654104,10.));
#8028 = CARTESIAN_POINT('',(24.397480052876,-12.99149407041,10.));
#8029 = CARTESIAN_POINT('',(24.289724360711,-12.85863999582,10.));
#8030 = CARTESIAN_POINT('',(24.183988555906,-12.73242946928,10.));
#8031 = CARTESIAN_POINT('',(24.080455574719,-12.6127634652,10.));
#8032 = CARTESIAN_POINT('',(23.979305696022,-12.49953883774,10.));
#8033 = CARTESIAN_POINT('',(23.880716457328,-12.39264837956,10.));
#8034 = CARTESIAN_POINT('',(23.784862569233,-12.29198088781,10.));
#8035 = CARTESIAN_POINT('',(23.691915841503,-12.19742121097,10.));
#8036 = CARTESIAN_POINT('',(23.602045074236,-12.10885036964,10.));
#8037 = CARTESIAN_POINT('',(23.515416075895,-12.0261454285,10.));
#8038 = CARTESIAN_POINT('',(23.432191249239,-11.94918023376,10.));
#8039 = CARTESIAN_POINT('',(23.352530668727,-11.87782318257,10.));
#8040 = CARTESIAN_POINT('',(23.300287929342,-11.83250410815,10.));
#8041 = CARTESIAN_POINT('',(23.27479640543,-11.81075155465,10.));
#8042 = ORIENTED_EDGE('',*,*,#8043,.F.);
#8043 = EDGE_CURVE('',#8044,#8017,#8046,.T.);
#8044 = VERTEX_POINT('',#8045);
#8045 = CARTESIAN_POINT('',(23.27479640543,-11.81075155465,0.));
#8046 = LINE('',#8047,#8048);
#8047 = CARTESIAN_POINT('',(23.27479640543,-11.81075155465,0.));
#8048 = VECTOR('',#8049,1.);
#8049 = DIRECTION('',(0.,0.,1.));
#8050 = ORIENTED_EDGE('',*,*,#8051,.F.);
#8051 = EDGE_CURVE('',#7994,#8044,#8052,.T.);
#8052 = B_SPLINE_CURVE_WITH_KNOTS('',3,(#8053,#8054,#8055,#8056,#8057,
    #8058,#8059,#8060,#8061,#8062,#8063,#8064,#8065,#8066,#8067,#8068,
    #8069,#8070,#8071,#8072,#8073,#8074),.UNSPECIFIED.,.F.,.F.,(4,1,1,1,
    1,1,1,1,1,1,1,1,1,1,1,1,1,1,1,4),(0.,0.215930110637,0.425449164594,
    0.62855716187,0.825254102467,1.015539986384,1.199414813622,
    1.376878584181,1.547931298062,1.712572955265,1.870803555792,
    2.022623099642,2.168031586817,2.307029017318,2.439615391146,
    2.565790708302,2.685554968787,2.798908172604,2.905850319754,
    3.00638141024),.UNSPECIFIED.);
#8053 = CARTESIAN_POINT('',(25.190811686316,-14.11342026528,0.));
#8054 = CARTESIAN_POINT('',(25.152432224947,-14.05252930334,0.));
#8055 = CARTESIAN_POINT('',(25.075874587583,-13.93314468694,0.));
#8056 = CARTESIAN_POINT('',(24.959978888703,-13.75858805346,0.));
#8057 = CARTESIAN_POINT('',(24.8449548034,-13.59117892601,0.));
#8058 = CARTESIAN_POINT('',(24.730999034474,-13.4308448335,0.));
#8059 = CARTESIAN_POINT('',(24.61830658299,-13.27750801737,0.));
#8060 = CARTESIAN_POINT('',(24.507070124077,-13.13108654104,0.));
#8061 = CARTESIAN_POINT('',(24.397480052876,-12.99149407041,0.));
#8062 = CARTESIAN_POINT('',(24.289724360711,-12.85863999582,0.));
#8063 = CARTESIAN_POINT('',(24.183988555906,-12.73242946928,0.));
#8064 = CARTESIAN_POINT('',(24.080455574719,-12.6127634652,0.));
#8065 = CARTESIAN_POINT('',(23.979305696022,-12.49953883774,0.));
#8066 = CARTESIAN_POINT('',(23.880716457328,-12.39264837956,0.));
#8067 = CARTESIAN_POINT('',(23.784862569233,-12.29198088781,0.));
#8068 = CARTESIAN_POINT('',(23.691915841503,-12.19742121097,0.));
#8069 = CARTESIAN_POINT('',(23.602045074236,-12.10885036964,0.));
#8070 = CARTESIAN_POINT('',(23.515416075895,-12.0261454285,0.));
#8071 = CARTESIAN_POINT('',(23.432191249239,-11.94918023376,0.));
#8072 = CARTESIAN_POINT('',(23.352530668727,-11.87782318257,0.));
#8073 = CARTESIAN_POINT('',(23.300287929342,-11.83250410815,0.));
#8074 = CARTESIAN_POINT('',(23.27479640543,-11.81075155465,0.));
#8075 = SURFACE_OF_LINEAR_EXTRUSION('',#8076,#8099);
#8076 = B_SPLINE_CURVE_WITH_KNOTS('',3,(#8077,#8078,#8079,#8080,#8081,
    #8082,#8083,#8084,#8085,#8086,#8087,#8088,#8089,#8090,#8091,#8092,
    #8093,#8094,#8095,#8096,#8097,#8098),.UNSPECIFIED.,.F.,.F.,(4,1,1,1,
    1,1,1,1,1,1,1,1,1,1,1,1,1,1,1,4),(0.,0.215930110637,0.425449164594,
    0.62855716187,0.825254102467,1.015539986384,1.199414813622,
    1.376878584181,1.547931298062,1.712572955265,1.870803555792,
    2.022623099642,2.168031586817,2.307029017318,2.439615391146,
    2.565790708302,2.685554968787,2.798908172604,2.905850319754,
    3.00638141024),.UNSPECIFIED.);
#8077 = CARTESIAN_POINT('',(25.190811686316,-14.11342026528,0.));
#8078 = CARTESIAN_POINT('',(25.152432224947,-14.05252930334,0.));
#8079 = CARTESIAN_POINT('',(25.075874587583,-13.93314468694,0.));
#8080 = CARTESIAN_POINT('',(24.959978888703,-13.75858805346,0.));
#8081 = CARTESIAN_POINT('',(24.8449548034,-13.59117892601,0.));
#8082 = CARTESIAN_POINT('',(24.730999034474,-13.4308448335,0.));
#8083 = CARTESIAN_POINT('',(24.61830658299,-13.27750801737,0.));
#8084 = CARTESIAN_POINT('',(24.507070124077,-13.13108654104,0.));
#8085 = CARTESIAN_POINT('',(24.397480052876,-12.99149407041,0.));
#8086 = CARTESIAN_POINT('',(24.289724360711,-12.85863999582,0.));
#8087 = CARTESIAN_POINT('',(24.183988555906,-12.73242946928,0.));
#8088 = CARTESIAN_POINT('',(24.080455574719,-12.6127634652,0.));
#8089 = CARTESIAN_POINT('',(23.979305696022,-12.49953883774,0.));
#8090 = CARTESIAN_POINT('',(23.880716457328,-12.39264837956,0.));
#8091 = CARTESIAN_POINT('',(23.784862569233,-12.29198088781,0.));
#8092 = CARTESIAN_POINT('',(23.691915841503,-12.19742121097,0.));
#8093 = CARTESIAN_POINT('',(23.602045074236,-12.10885036964,0.));
#8094 = CARTESIAN_POINT('',(23.515416075895,-12.0261454285,0.));
#8095 = CARTESIAN_POINT('',(23.432191249239,-11.94918023376,0.));
#8096 = CARTESIAN_POINT('',(23.352530668727,-11.87782318257,0.));
#8097 = CARTESIAN_POINT('',(23.300287929342,-11.83250410815,0.));
#8098 = CARTESIAN_POINT('',(23.27479640543,-11.81075155465,0.));
#8099 = VECTOR('',#8100,1.);
#8100 = DIRECTION('',(-0.,-0.,-1.));
#8101 = ADVANCED_FACE('',(#8102),#8125,.T.);
#8102 = FACE_BOUND('',#8103,.T.);
#8103 = EDGE_LOOP('',(#8104,#8105,#8112,#8120));
#8104 = ORIENTED_EDGE('',*,*,#8043,.T.);
#8105 = ORIENTED_EDGE('',*,*,#8106,.T.);
#8106 = EDGE_CURVE('',#8017,#8107,#8109,.T.);
#8107 = VERTEX_POINT('',#8108);
#8108 = CARTESIAN_POINT('',(24.00831134489,-10.23772369068,10.));
#8109 = B_SPLINE_CURVE_WITH_KNOTS('',1,(#8110,#8111),.UNSPECIFIED.,.F.,
  .F.,(2,2),(0.,1.735644211017),.PIECEWISE_BEZIER_KNOTS.);
#8110 = CARTESIAN_POINT('',(23.27479640543,-11.81075155465,10.));
#8111 = CARTESIAN_POINT('',(24.00831134489,-10.23772369068,10.));
#8112 = ORIENTED_EDGE('',*,*,#8113,.F.);
#8113 = EDGE_CURVE('',#8114,#8107,#8116,.T.);
#8114 = VERTEX_POINT('',#8115);
#8115 = CARTESIAN_POINT('',(24.00831134489,-10.23772369068,0.));
#8116 = LINE('',#8117,#8118);
#8117 = CARTESIAN_POINT('',(24.00831134489,-10.23772369068,0.));
#8118 = VECTOR('',#8119,1.);
#8119 = DIRECTION('',(0.,0.,1.));
#8120 = ORIENTED_EDGE('',*,*,#8121,.F.);
#8121 = EDGE_CURVE('',#8044,#8114,#8122,.T.);
#8122 = B_SPLINE_CURVE_WITH_KNOTS('',1,(#8123,#8124),.UNSPECIFIED.,.F.,
  .F.,(2,2),(0.,1.735644211017),.PIECEWISE_BEZIER_KNOTS.);
#8123 = CARTESIAN_POINT('',(23.27479640543,-11.81075155465,0.));
#8124 = CARTESIAN_POINT('',(24.00831134489,-10.23772369068,0.));
#8125 = SURFACE_OF_LINEAR_EXTRUSION('',#8126,#8129);
#8126 = B_SPLINE_CURVE_WITH_KNOTS('',1,(#8127,#8128),.UNSPECIFIED.,.F.,
  .F.,(2,2),(0.,1.735644211017),.PIECEWISE_BEZIER_KNOTS.);
#8127 = CARTESIAN_POINT('',(23.27479640543,-11.81075155465,0.));
#8128 = CARTESIAN_POINT('',(24.00831134489,-10.23772369068,0.));
#8129 = VECTOR('',#8130,1.);
#8130 = DIRECTION('',(-0.,-0.,-1.));
#8131 = ADVANCED_FACE('',(#8132),#8195,.T.);
#8132 = FACE_BOUND('',#8133,.T.);
#8133 = EDGE_LOOP('',(#8134,#8135,#8162,#8170));
#8134 = ORIENTED_EDGE('',*,*,#8113,.T.);
#8135 = ORIENTED_EDGE('',*,*,#8136,.T.);
#8136 = EDGE_CURVE('',#8107,#8137,#8139,.T.);
#8137 = VERTEX_POINT('',#8138);
#8138 = CARTESIAN_POINT('',(27.003848797535,-10.22534963313,10.));
#8139 = B_SPLINE_CURVE_WITH_KNOTS('',3,(#8140,#8141,#8142,#8143,#8144,
    #8145,#8146,#8147,#8148,#8149,#8150,#8151,#8152,#8153,#8154,#8155,
    #8156,#8157,#8158,#8159,#8160,#8161),.UNSPECIFIED.,.F.,.F.,(4,1,1,1,
    1,1,1,1,1,1,1,1,1,1,1,1,1,1,1,4),(0.,0.100531090486,0.207473237636,
    0.320826441453,0.440590701938,0.566766019094,0.699352392922,
    0.838349823423,0.983758310598,1.135577854448,1.293808454975,
    1.458450112178,1.629502826059,1.806966596619,1.990841423856,
    2.181127307773,2.37782424837,2.580932245646,2.790451299603,
    3.00638141024),.UNSPECIFIED.);
#8140 = CARTESIAN_POINT('',(24.00831134489,-10.23772369068,10.));
#8141 = CARTESIAN_POINT('',(24.041360403345,-10.24326905905,10.));
#8142 = CARTESIAN_POINT('',(24.109657814041,-10.25415877974,10.));
#8143 = CARTESIAN_POINT('',(24.215525320718,-10.2693148964,10.));
#8144 = CARTESIAN_POINT('',(24.327979967856,-10.28359653883,10.));
#8145 = CARTESIAN_POINT('',(24.447019675209,-10.2967964902,10.));
#8146 = CARTESIAN_POINT('',(24.572636691707,-10.30870925268,10.));
#8147 = CARTESIAN_POINT('',(24.704818611632,-10.31912878832,10.));
#8148 = CARTESIAN_POINT('',(24.843548075903,-10.32784931024,10.));
#8149 = CARTESIAN_POINT('',(24.98880285849,-10.33466518659,10.));
#8150 = CARTESIAN_POINT('',(25.140555843928,-10.33937110144,10.));
#8151 = CARTESIAN_POINT('',(25.298775038888,-10.34176214164,10.));
#8152 = CARTESIAN_POINT('',(25.463423576635,-10.34163390467,10.));
#8153 = CARTESIAN_POINT('',(25.634459726014,-10.33878260083,10.));
#8154 = CARTESIAN_POINT('',(25.81183690236,-10.33300515536,10.));
#8155 = CARTESIAN_POINT('',(25.995503678189,-10.32409931581,10.));
#8156 = CARTESIAN_POINT('',(26.185403805631,-10.31186373653,10.));
#8157 = CARTESIAN_POINT('',(26.381476202556,-10.29609815201,10.));
#8158 = CARTESIAN_POINT('',(26.583655091213,-10.27660320051,10.));
#8159 = CARTESIAN_POINT('',(26.791869549562,-10.25318161542,10.));
#8160 = CARTESIAN_POINT('',(26.932533772273,-10.23508921589,10.));
#8161 = CARTESIAN_POINT('',(27.003848797535,-10.22534963313,10.));
#8162 = ORIENTED_EDGE('',*,*,#8163,.F.);
#8163 = EDGE_CURVE('',#8164,#8137,#8166,.T.);
#8164 = VERTEX_POINT('',#8165);
#8165 = CARTESIAN_POINT('',(27.003848797535,-10.22534963313,0.));
#8166 = LINE('',#8167,#8168);
#8167 = CARTESIAN_POINT('',(27.003848797535,-10.22534963313,0.));
#8168 = VECTOR('',#8169,1.);
#8169 = DIRECTION('',(0.,0.,1.));
#8170 = ORIENTED_EDGE('',*,*,#8171,.F.);
#8171 = EDGE_CURVE('',#8114,#8164,#8172,.T.);
#8172 = B_SPLINE_CURVE_WITH_KNOTS('',3,(#8173,#8174,#8175,#8176,#8177,
    #8178,#8179,#8180,#8181,#8182,#8183,#8184,#8185,#8186,#8187,#8188,
    #8189,#8190,#8191,#8192,#8193,#8194),.UNSPECIFIED.,.F.,.F.,(4,1,1,1,
    1,1,1,1,1,1,1,1,1,1,1,1,1,1,1,4),(0.,0.100531090486,0.207473237636,
    0.320826441453,0.440590701938,0.566766019094,0.699352392922,
    0.838349823423,0.983758310598,1.135577854448,1.293808454975,
    1.458450112178,1.629502826059,1.806966596619,1.990841423856,
    2.181127307773,2.37782424837,2.580932245646,2.790451299603,
    3.00638141024),.UNSPECIFIED.);
#8173 = CARTESIAN_POINT('',(24.00831134489,-10.23772369068,0.));
#8174 = CARTESIAN_POINT('',(24.041360403345,-10.24326905905,0.));
#8175 = CARTESIAN_POINT('',(24.109657814041,-10.25415877974,0.));
#8176 = CARTESIAN_POINT('',(24.215525320718,-10.2693148964,0.));
#8177 = CARTESIAN_POINT('',(24.327979967856,-10.28359653883,0.));
#8178 = CARTESIAN_POINT('',(24.447019675209,-10.2967964902,0.));
#8179 = CARTESIAN_POINT('',(24.572636691707,-10.30870925268,0.));
#8180 = CARTESIAN_POINT('',(24.704818611632,-10.31912878832,0.));
#8181 = CARTESIAN_POINT('',(24.843548075903,-10.32784931024,0.));
#8182 = CARTESIAN_POINT('',(24.98880285849,-10.33466518659,0.));
#8183 = CARTESIAN_POINT('',(25.140555843928,-10.33937110144,0.));
#8184 = CARTESIAN_POINT('',(25.298775038888,-10.34176214164,0.));
#8185 = CARTESIAN_POINT('',(25.463423576635,-10.34163390467,0.));
#8186 = CARTESIAN_POINT('',(25.634459726014,-10.33878260083,0.));
#8187 = CARTESIAN_POINT('',(25.81183690236,-10.33300515536,0.));
#8188 = CARTESIAN_POINT('',(25.995503678189,-10.32409931581,0.));
#8189 = CARTESIAN_POINT('',(26.185403805631,-10.31186373653,0.));
#8190 = CARTESIAN_POINT('',(26.381476202556,-10.29609815201,0.));
#8191 = CARTESIAN_POINT('',(26.583655091213,-10.27660320051,0.));
#8192 = CARTESIAN_POINT('',(26.791869549562,-10.25318161542,0.));
#8193 = CARTESIAN_POINT('',(26.932533772273,-10.23508921589,0.));
#8194 = CARTESIAN_POINT('',(27.003848797535,-10.22534963313,0.));
#8195 = SURFACE_OF_LINEAR_EXTRUSION('',#8196,#8219);
#8196 = B_SPLINE_CURVE_WITH_KNOTS('',3,(#8197,#8198,#8199,#8200,#8201,
    #8202,#8203,#8204,#8205,#8206,#8207,#8208,#8209,#8210,#8211,#8212,
    #8213,#8214,#8215,#8216,#8217,#8218),.UNSPECIFIED.,.F.,.F.,(4,1,1,1,
    1,1,1,1,1,1,1,1,1,1,1,1,1,1,1,4),(0.,0.100531090486,0.207473237636,
    0.320826441453,0.440590701938,0.566766019094,0.699352392922,
    0.838349823423,0.983758310598,1.135577854448,1.293808454975,
    1.458450112178,1.629502826059,1.806966596619,1.990841423856,
    2.181127307773,2.37782424837,2.580932245646,2.790451299603,
    3.00638141024),.UNSPECIFIED.);
#8197 = CARTESIAN_POINT('',(24.00831134489,-10.23772369068,0.));
#8198 = CARTESIAN_POINT('',(24.041360403345,-10.24326905905,0.));
#8199 = CARTESIAN_POINT('',(24.109657814041,-10.25415877974,0.));
#8200 = CARTESIAN_POINT('',(24.215525320718,-10.2693148964,0.));
#8201 = CARTESIAN_POINT('',(24.327979967856,-10.28359653883,0.));
#8202 = CARTESIAN_POINT('',(24.447019675209,-10.2967964902,0.));
#8203 = CARTESIAN_POINT('',(24.572636691707,-10.30870925268,0.));
#8204 = CARTESIAN_POINT('',(24.704818611632,-10.31912878832,0.));
#8205 = CARTESIAN_POINT('',(24.843548075903,-10.32784931024,0.));
#8206 = CARTESIAN_POINT('',(24.98880285849,-10.33466518659,0.));
#8207 = CARTESIAN_POINT('',(25.140555843928,-10.33937110144,0.));
#8208 = CARTESIAN_POINT('',(25.298775038888,-10.34176214164,0.));
#8209 = CARTESIAN_POINT('',(25.463423576635,-10.34163390467,0.));
#8210 = CARTESIAN_POINT('',(25.634459726014,-10.33878260083,0.));
#8211 = CARTESIAN_POINT('',(25.81183690236,-10.33300515536,0.));
#8212 = CARTESIAN_POINT('',(25.995503678189,-10.32409931581,0.));
#8213 = CARTESIAN_POINT('',(26.185403805631,-10.31186373653,0.));
#8214 = CARTESIAN_POINT('',(26.381476202556,-10.29609815201,0.));
#8215 = CARTESIAN_POINT('',(26.583655091213,-10.27660320051,0.));
#8216 = CARTESIAN_POINT('',(26.791869549562,-10.25318161542,0.));
#8217 = CARTESIAN_POINT('',(26.932533772273,-10.23508921589,0.));
#8218 = CARTESIAN_POINT('',(27.003848797535,-10.22534963313,0.));
#8219 = VECTOR('',#8220,1.);
#8220 = DIRECTION('',(-0.,-0.,-1.));
#8221 = ADVANCED_FACE('',(#8222),#8245,.T.);
#8222 = FACE_BOUND('',#8223,.T.);
#8223 = EDGE_LOOP('',(#8224,#8225,#8232,#8240));
#8224 = ORIENTED_EDGE('',*,*,#8163,.T.);
#8225 = ORIENTED_EDGE('',*,*,#8226,.T.);
#8226 = EDGE_CURVE('',#8137,#8227,#8229,.T.);
#8227 = VERTEX_POINT('',#8228);
#8228 = CARTESIAN_POINT('',(27.258876363069,-9.524667155492,10.));
#8229 = B_SPLINE_CURVE_WITH_KNOTS('',1,(#8230,#8231),.UNSPECIFIED.,.F.,
  .F.,(2,2),(0.,0.745650718271),.PIECEWISE_BEZIER_KNOTS.);
#8230 = CARTESIAN_POINT('',(27.003848797535,-10.22534963313,10.));
#8231 = CARTESIAN_POINT('',(27.258876363069,-9.524667155492,10.));
#8232 = ORIENTED_EDGE('',*,*,#8233,.F.);
#8233 = EDGE_CURVE('',#8234,#8227,#8236,.T.);
#8234 = VERTEX_POINT('',#8235);
#8235 = CARTESIAN_POINT('',(27.258876363069,-9.524667155492,0.));
#8236 = LINE('',#8237,#8238);
#8237 = CARTESIAN_POINT('',(27.258876363069,-9.524667155492,0.));
#8238 = VECTOR('',#8239,1.);
#8239 = DIRECTION('',(0.,0.,1.));
#8240 = ORIENTED_EDGE('',*,*,#8241,.F.);
#8241 = EDGE_CURVE('',#8164,#8234,#8242,.T.);
#8242 = B_SPLINE_CURVE_WITH_KNOTS('',1,(#8243,#8244),.UNSPECIFIED.,.F.,
  .F.,(2,2),(0.,0.745650718271),.PIECEWISE_BEZIER_KNOTS.);
#8243 = CARTESIAN_POINT('',(27.003848797535,-10.22534963313,0.));
#8244 = CARTESIAN_POINT('',(27.258876363069,-9.524667155492,0.));
#8245 = SURFACE_OF_LINEAR_EXTRUSION('',#8246,#8249);
#8246 = B_SPLINE_CURVE_WITH_KNOTS('',1,(#8247,#8248),.UNSPECIFIED.,.F.,
  .F.,(2,2),(0.,0.745650718271),.PIECEWISE_BEZIER_KNOTS.);
#8247 = CARTESIAN_POINT('',(27.003848797535,-10.22534963313,0.));
#8248 = CARTESIAN_POINT('',(27.258876363069,-9.524667155492,0.));
#8249 = VECTOR('',#8250,1.);
#8250 = DIRECTION('',(-0.,-0.,-1.));
#8251 = ADVANCED_FACE('',(#8252),#8315,.T.);
#8252 = FACE_BOUND('',#8253,.T.);
#8253 = EDGE_LOOP('',(#8254,#8255,#8282,#8290));
#8254 = ORIENTED_EDGE('',*,*,#8233,.T.);
#8255 = ORIENTED_EDGE('',*,*,#8256,.T.);
#8256 = EDGE_CURVE('',#8227,#8257,#8259,.T.);
#8257 = VERTEX_POINT('',#8258);
#8258 = CARTESIAN_POINT('',(24.972115434191,-7.589693718554,10.));
#8259 = B_SPLINE_CURVE_WITH_KNOTS('',3,(#8260,#8261,#8262,#8263,#8264,
    #8265,#8266,#8267,#8268,#8269,#8270,#8271,#8272,#8273,#8274,#8275,
    #8276,#8277,#8278,#8279,#8280,#8281),.UNSPECIFIED.,.F.,.F.,(4,1,1,1,
    1,1,1,1,1,1,1,1,1,1,1,1,1,1,1,4),(0.,0.215930110637,0.425449164594,
    0.62855716187,0.825254102467,1.015539986384,1.199414813622,
    1.376878584181,1.547931298062,1.712572955265,1.870803555792,
    2.022623099642,2.168031586817,2.307029017318,2.439615391146,
    2.565790708302,2.685554968787,2.798908172604,2.905850319754,
    3.00638141024),.UNSPECIFIED.);
#8260 = CARTESIAN_POINT('',(27.258876363069,-9.524667155492,10.));
#8261 = CARTESIAN_POINT('',(27.210506367379,-9.471365787616,10.));
#8262 = CARTESIAN_POINT('',(27.114380891472,-9.36708898601,10.));
#8263 = CARTESIAN_POINT('',(26.96993446737,-9.215309336921,10.));
#8264 = CARTESIAN_POINT('',(26.827587566473,-9.070417253087,10.));
#8265 = CARTESIAN_POINT('',(26.687521318753,-8.932307207322,10.));
#8266 = CARTESIAN_POINT('',(26.549914260135,-8.800868760812,10.));
#8267 = CARTESIAN_POINT('',(26.414941910445,-8.675987764097,10.));
#8268 = CARTESIAN_POINT('',(26.28277678053,-8.557546132905,10.));
#8269 = CARTESIAN_POINT('',(26.153588271508,-8.445421989811,10.));
#8270 = CARTESIAN_POINT('',(26.027542603229,-8.339489714583,10.));
#8271 = CARTESIAN_POINT('',(25.904802737125,-8.2396200195,10.));
#8272 = CARTESIAN_POINT('',(25.785528302143,-8.145680020652,10.));
#8273 = CARTESIAN_POINT('',(25.669875522242,-8.057533310357,10.));
#8274 = CARTESIAN_POINT('',(25.557997143596,-7.975040036988,10.));
#8275 = CARTESIAN_POINT('',(25.450042369948,-7.898056964012,10.));
#8276 = CARTESIAN_POINT('',(25.346156776382,-7.826437607738,10.));
#8277 = CARTESIAN_POINT('',(25.246482304867,-7.760032108185,10.));
#8278 = CARTESIAN_POINT('',(25.151156984522,-7.698688027178,10.));
#8279 = CARTESIAN_POINT('',(25.060315605321,-7.642247964569,10.));
#8280 = CARTESIAN_POINT('',(25.00099697585,-7.606689245216,10.));
#8281 = CARTESIAN_POINT('',(24.972115434191,-7.589693718554,10.));
#8282 = ORIENTED_EDGE('',*,*,#8283,.F.);
#8283 = EDGE_CURVE('',#8284,#8257,#8286,.T.);
#8284 = VERTEX_POINT('',#8285);
#8285 = CARTESIAN_POINT('',(24.972115434191,-7.589693718554,0.));
#8286 = LINE('',#8287,#8288);
#8287 = CARTESIAN_POINT('',(24.972115434191,-7.589693718554,0.));
#8288 = VECTOR('',#8289,1.);
#8289 = DIRECTION('',(0.,0.,1.));
#8290 = ORIENTED_EDGE('',*,*,#8291,.F.);
#8291 = EDGE_CURVE('',#8234,#8284,#8292,.T.);
#8292 = B_SPLINE_CURVE_WITH_KNOTS('',3,(#8293,#8294,#8295,#8296,#8297,
    #8298,#8299,#8300,#8301,#8302,#8303,#8304,#8305,#8306,#8307,#8308,
    #8309,#8310,#8311,#8312,#8313,#8314),.UNSPECIFIED.,.F.,.F.,(4,1,1,1,
    1,1,1,1,1,1,1,1,1,1,1,1,1,1,1,4),(0.,0.215930110637,0.425449164594,
    0.62855716187,0.825254102467,1.015539986384,1.199414813622,
    1.376878584181,1.547931298062,1.712572955265,1.870803555792,
    2.022623099642,2.168031586817,2.307029017318,2.439615391146,
    2.565790708302,2.685554968787,2.798908172604,2.905850319754,
    3.00638141024),.UNSPECIFIED.);
#8293 = CARTESIAN_POINT('',(27.258876363069,-9.524667155492,0.));
#8294 = CARTESIAN_POINT('',(27.210506367379,-9.471365787616,0.));
#8295 = CARTESIAN_POINT('',(27.114380891472,-9.36708898601,0.));
#8296 = CARTESIAN_POINT('',(26.96993446737,-9.215309336921,0.));
#8297 = CARTESIAN_POINT('',(26.827587566473,-9.070417253087,0.));
#8298 = CARTESIAN_POINT('',(26.687521318753,-8.932307207322,0.));
#8299 = CARTESIAN_POINT('',(26.549914260135,-8.800868760812,0.));
#8300 = CARTESIAN_POINT('',(26.414941910445,-8.675987764097,0.));
#8301 = CARTESIAN_POINT('',(26.28277678053,-8.557546132905,0.));
#8302 = CARTESIAN_POINT('',(26.153588271508,-8.445421989811,0.));
#8303 = CARTESIAN_POINT('',(26.027542603229,-8.339489714583,0.));
#8304 = CARTESIAN_POINT('',(25.904802737125,-8.2396200195,0.));
#8305 = CARTESIAN_POINT('',(25.785528302143,-8.145680020652,0.));
#8306 = CARTESIAN_POINT('',(25.669875522242,-8.057533310357,0.));
#8307 = CARTESIAN_POINT('',(25.557997143596,-7.975040036988,0.));
#8308 = CARTESIAN_POINT('',(25.450042369948,-7.898056964012,0.));
#8309 = CARTESIAN_POINT('',(25.346156776382,-7.826437607738,0.));
#8310 = CARTESIAN_POINT('',(25.246482304867,-7.760032108185,0.));
#8311 = CARTESIAN_POINT('',(25.151156984522,-7.698688027178,0.));
#8312 = CARTESIAN_POINT('',(25.060315605321,-7.642247964569,0.));
#8313 = CARTESIAN_POINT('',(25.00099697585,-7.606689245216,0.));
#8314 = CARTESIAN_POINT('',(24.972115434191,-7.589693718554,0.));
#8315 = SURFACE_OF_LINEAR_EXTRUSION('',#8316,#8339);
#8316 = B_SPLINE_CURVE_WITH_KNOTS('',3,(#8317,#8318,#8319,#8320,#8321,
    #8322,#8323,#8324,#8325,#8326,#8327,#8328,#8329,#8330,#8331,#8332,
    #8333,#8334,#8335,#8336,#8337,#8338),.UNSPECIFIED.,.F.,.F.,(4,1,1,1,
    1,1,1,1,1,1,1,1,1,1,1,1,1,1,1,4),(0.,0.215930110637,0.425449164594,
    0.62855716187,0.825254102467,1.015539986384,1.199414813622,
    1.376878584181,1.547931298062,1.712572955265,1.870803555792,
    2.022623099642,2.168031586817,2.307029017318,2.439615391146,
    2.565790708302,2.685554968787,2.798908172604,2.905850319754,
    3.00638141024),.UNSPECIFIED.);
#8317 = CARTESIAN_POINT('',(27.258876363069,-9.524667155492,0.));
#8318 = CARTESIAN_POINT('',(27.210506367379,-9.471365787616,0.));
#8319 = CARTESIAN_POINT('',(27.114380891472,-9.36708898601,0.));
#8320 = CARTESIAN_POINT('',(26.96993446737,-9.215309336921,0.));
#8321 = CARTESIAN_POINT('',(26.827587566473,-9.070417253087,0.));
#8322 = CARTESIAN_POINT('',(26.687521318753,-8.932307207322,0.));
#8323 = CARTESIAN_POINT('',(26.549914260135,-8.800868760812,0.));
#8324 = CARTESIAN_POINT('',(26.414941910445,-8.675987764097,0.));
#8325 = CARTESIAN_POINT('',(26.28277678053,-8.557546132905,0.));
#8326 = CARTESIAN_POINT('',(26.153588271508,-8.445421989811,0.));
#8327 = CARTESIAN_POINT('',(26.027542603229,-8.339489714583,0.));
#8328 = CARTESIAN_POINT('',(25.904802737125,-8.2396200195,0.));
#8329 = CARTESIAN_POINT('',(25.785528302143,-8.145680020652,0.));
#8330 = CARTESIAN_POINT('',(25.669875522242,-8.057533310357,0.));
#8331 = CARTESIAN_POINT('',(25.557997143596,-7.975040036988,0.));
#8332 = CARTESIAN_POINT('',(25.450042369948,-7.898056964012,0.));
#8333 = CARTESIAN_POINT('',(25.346156776382,-7.826437607738,0.));
#8334 = CARTESIAN_POINT('',(25.246482304867,-7.760032108185,0.));
#8335 = CARTESIAN_POINT('',(25.151156984522,-7.698688027178,0.));
#8336 = CARTESIAN_POINT('',(25.060315605321,-7.642247964569,0.));
#8337 = CARTESIAN_POINT('',(25.00099697585,-7.606689245216,0.));
#8338 = CARTESIAN_POINT('',(24.972115434191,-7.589693718554,0.));
#8339 = VECTOR('',#8340,1.);
#8340 = DIRECTION('',(-0.,-0.,-1.));
#8341 = ADVANCED_FACE('',(#8342),#8365,.T.);
#8342 = FACE_BOUND('',#8343,.T.);
#8343 = EDGE_LOOP('',(#8344,#8345,#8352,#8360));
#8344 = ORIENTED_EDGE('',*,*,#8283,.T.);
#8345 = ORIENTED_EDGE('',*,*,#8346,.T.);
#8346 = EDGE_CURVE('',#8257,#8347,#8349,.T.);
#8347 = VERTEX_POINT('',#8348);
#8348 = CARTESIAN_POINT('',(25.421333211524,-5.913190149884,10.));
#8349 = B_SPLINE_CURVE_WITH_KNOTS('',1,(#8350,#8351),.UNSPECIFIED.,.F.,
  .F.,(2,2),(0.,1.735644211017),.PIECEWISE_BEZIER_KNOTS.);
#8350 = CARTESIAN_POINT('',(24.972115434191,-7.589693718554,10.));
#8351 = CARTESIAN_POINT('',(25.421333211524,-5.913190149884,10.));
#8352 = ORIENTED_EDGE('',*,*,#8353,.F.);
#8353 = EDGE_CURVE('',#8354,#8347,#8356,.T.);
#8354 = VERTEX_POINT('',#8355);
#8355 = CARTESIAN_POINT('',(25.421333211524,-5.913190149884,0.));
#8356 = LINE('',#8357,#8358);
#8357 = CARTESIAN_POINT('',(25.421333211524,-5.913190149884,0.));
#8358 = VECTOR('',#8359,1.);
#8359 = DIRECTION('',(0.,0.,1.));
#8360 = ORIENTED_EDGE('',*,*,#8361,.F.);
#8361 = EDGE_CURVE('',#8284,#8354,#8362,.T.);
#8362 = B_SPLINE_CURVE_WITH_KNOTS('',1,(#8363,#8364),.UNSPECIFIED.,.F.,
  .F.,(2,2),(0.,1.735644211017),.PIECEWISE_BEZIER_KNOTS.);
#8363 = CARTESIAN_POINT('',(24.972115434191,-7.589693718554,0.));
#8364 = CARTESIAN_POINT('',(25.421333211524,-5.913190149884,0.));
#8365 = SURFACE_OF_LINEAR_EXTRUSION('',#8366,#8369);
#8366 = B_SPLINE_CURVE_WITH_KNOTS('',1,(#8367,#8368),.UNSPECIFIED.,.F.,
  .F.,(2,2),(0.,1.735644211017),.PIECEWISE_BEZIER_KNOTS.);
#8367 = CARTESIAN_POINT('',(24.972115434191,-7.589693718554,0.));
#8368 = CARTESIAN_POINT('',(25.421333211524,-5.913190149884,0.));
#8369 = VECTOR('',#8370,1.);
#8370 = DIRECTION('',(-0.,-0.,-1.));
#8371 = ADVANCED_FACE('',(#8372),#8435,.T.);
#8372 = FACE_BOUND('',#8373,.T.);
#8373 = EDGE_LOOP('',(#8374,#8375,#8402,#8410));
#8374 = ORIENTED_EDGE('',*,*,#8353,.T.);
#8375 = ORIENTED_EDGE('',*,*,#8376,.T.);
#8376 = EDGE_CURVE('',#8347,#8377,#8379,.T.);
#8377 = VERTEX_POINT('',#8378);
#8378 = CARTESIAN_POINT('',(28.369212986783,-5.380834462287,10.));
#8379 = B_SPLINE_CURVE_WITH_KNOTS('',3,(#8380,#8381,#8382,#8383,#8384,
    #8385,#8386,#8387,#8388,#8389,#8390,#8391,#8392,#8393,#8394,#8395,
    #8396,#8397,#8398,#8399,#8400,#8401),.UNSPECIFIED.,.F.,.F.,(4,1,1,1,
    1,1,1,1,1,1,1,1,1,1,1,1,1,1,1,4),(0.,0.100531090486,0.207473237636,
    0.320826441453,0.440590701938,0.566766019094,0.699352392922,
    0.838349823423,0.983758310598,1.135577854448,1.293808454975,
    1.458450112178,1.629502826059,1.806966596619,1.990841423856,
    2.181127307773,2.37782424837,2.580932245646,2.790451299603,
    3.00638141024),.UNSPECIFIED.);
#8380 = CARTESIAN_POINT('',(25.421333211524,-5.913190149884,10.));
#8381 = CARTESIAN_POINT('',(25.454843123632,-5.912912362874,10.));
#8382 = CARTESIAN_POINT('',(25.523993923348,-5.911776923324,10.));
#8383 = CARTESIAN_POINT('',(25.630884896755,-5.908319084914,10.));
#8384 = CARTESIAN_POINT('',(25.744111086302,-5.902856212562,10.));
#8385 = CARTESIAN_POINT('',(25.863634460519,-5.895184598756,10.));
#8386 = CARTESIAN_POINT('',(25.989411701771,-5.885103213602,10.));
#8387 = CARTESIAN_POINT('',(26.121394814698,-5.872411303568,10.));
#8388 = CARTESIAN_POINT('',(26.259530969424,-5.856909222513,10.));
#8389 = CARTESIAN_POINT('',(26.403762569985,-5.838398322088,10.));
#8390 = CARTESIAN_POINT('',(26.554027260125,-5.816681114144,10.));
#8391 = CARTESIAN_POINT('',(26.71025794977,-5.791561354187,10.));
#8392 = CARTESIAN_POINT('',(26.87238283815,-5.762844146898,10.));
#8393 = CARTESIAN_POINT('',(27.040325440388,-5.730336045112,10.));
#8394 = CARTESIAN_POINT('',(27.214004615984,-5.693845148591,10.));
#8395 = CARTESIAN_POINT('',(27.393334597982,-5.653181207832,10.));
#8396 = CARTESIAN_POINT('',(27.57822502974,-5.608155703429,10.));
#8397 = CARTESIAN_POINT('',(27.768580981361,-5.558582019139,10.));
#8398 = CARTESIAN_POINT('',(27.964303055604,-5.504275244179,10.));
#8399 = CARTESIAN_POINT('',(28.165287152907,-5.445053424342,10.));
#8400 = CARTESIAN_POINT('',(28.300672657797,-5.402809803079,10.));
#8401 = CARTESIAN_POINT('',(28.369212986783,-5.380834462287,10.));
#8402 = ORIENTED_EDGE('',*,*,#8403,.F.);
#8403 = EDGE_CURVE('',#8404,#8377,#8406,.T.);
#8404 = VERTEX_POINT('',#8405);
#8405 = CARTESIAN_POINT('',(28.369212986783,-5.380834462287,0.));
#8406 = LINE('',#8407,#8408);
#8407 = CARTESIAN_POINT('',(28.369212986783,-5.380834462287,0.));
#8408 = VECTOR('',#8409,1.);
#8409 = DIRECTION('',(0.,0.,1.));
#8410 = ORIENTED_EDGE('',*,*,#8411,.F.);
#8411 = EDGE_CURVE('',#8354,#8404,#8412,.T.);
#8412 = B_SPLINE_CURVE_WITH_KNOTS('',3,(#8413,#8414,#8415,#8416,#8417,
    #8418,#8419,#8420,#8421,#8422,#8423,#8424,#8425,#8426,#8427,#8428,
    #8429,#8430,#8431,#8432,#8433,#8434),.UNSPECIFIED.,.F.,.F.,(4,1,1,1,
    1,1,1,1,1,1,1,1,1,1,1,1,1,1,1,4),(0.,0.100531090486,0.207473237636,
    0.320826441453,0.440590701938,0.566766019094,0.699352392922,
    0.838349823423,0.983758310598,1.135577854448,1.293808454975,
    1.458450112178,1.629502826059,1.806966596619,1.990841423856,
    2.181127307773,2.37782424837,2.580932245646,2.790451299603,
    3.00638141024),.UNSPECIFIED.);
#8413 = CARTESIAN_POINT('',(25.421333211524,-5.913190149884,0.));
#8414 = CARTESIAN_POINT('',(25.454843123632,-5.912912362874,0.));
#8415 = CARTESIAN_POINT('',(25.523993923348,-5.911776923324,0.));
#8416 = CARTESIAN_POINT('',(25.630884896755,-5.908319084914,0.));
#8417 = CARTESIAN_POINT('',(25.744111086302,-5.902856212562,0.));
#8418 = CARTESIAN_POINT('',(25.863634460519,-5.895184598756,0.));
#8419 = CARTESIAN_POINT('',(25.989411701771,-5.885103213602,0.));
#8420 = CARTESIAN_POINT('',(26.121394814698,-5.872411303568,0.));
#8421 = CARTESIAN_POINT('',(26.259530969424,-5.856909222513,0.));
#8422 = CARTESIAN_POINT('',(26.403762569985,-5.838398322088,0.));
#8423 = CARTESIAN_POINT('',(26.554027260125,-5.816681114144,0.));
#8424 = CARTESIAN_POINT('',(26.71025794977,-5.791561354187,0.));
#8425 = CARTESIAN_POINT('',(26.87238283815,-5.762844146898,0.));
#8426 = CARTESIAN_POINT('',(27.040325440388,-5.730336045112,0.));
#8427 = CARTESIAN_POINT('',(27.214004615984,-5.693845148591,0.));
#8428 = CARTESIAN_POINT('',(27.393334597982,-5.653181207832,0.));
#8429 = CARTESIAN_POINT('',(27.57822502974,-5.608155703429,0.));
#8430 = CARTESIAN_POINT('',(27.768580981361,-5.558582019139,0.));
#8431 = CARTESIAN_POINT('',(27.964303055604,-5.504275244179,0.));
#8432 = CARTESIAN_POINT('',(28.165287152907,-5.445053424342,0.));
#8433 = CARTESIAN_POINT('',(28.300672657797,-5.402809803079,0.));
#8434 = CARTESIAN_POINT('',(28.369212986783,-5.380834462287,0.));
#8435 = SURFACE_OF_LINEAR_EXTRUSION('',#8436,#8459);
#8436 = B_SPLINE_CURVE_WITH_KNOTS('',3,(#8437,#8438,#8439,#8440,#8441,
    #8442,#8443,#8444,#8445,#8446,#8447,#8448,#8449,#8450,#8451,#8452,
    #8453,#8454,#8455,#8456,#8457,#8458),.UNSPECIFIED.,.F.,.F.,(4,1,1,1,
    1,1,1,1,1,1,1,1,1,1,1,1,1,1,1,4),(0.,0.100531090486,0.207473237636,
    0.320826441453,0.440590701938,0.566766019094,0.699352392922,
    0.838349823423,0.983758310598,1.135577854448,1.293808454975,
    1.458450112178,1.629502826059,1.806966596619,1.990841423856,
    2.181127307773,2.37782424837,2.580932245646,2.790451299603,
    3.00638141024),.UNSPECIFIED.);
#8437 = CARTESIAN_POINT('',(25.421333211524,-5.913190149884,0.));
#8438 = CARTESIAN_POINT('',(25.454843123632,-5.912912362874,0.));
#8439 = CARTESIAN_POINT('',(25.523993923348,-5.911776923324,0.));
#8440 = CARTESIAN_POINT('',(25.630884896755,-5.908319084914,0.));
#8441 = CARTESIAN_POINT('',(25.744111086302,-5.902856212562,0.));
#8442 = CARTESIAN_POINT('',(25.863634460519,-5.895184598756,0.));
#8443 = CARTESIAN_POINT('',(25.989411701771,-5.885103213602,0.));
#8444 = CARTESIAN_POINT('',(26.121394814698,-5.872411303568,0.));
#8445 = CARTESIAN_POINT('',(26.259530969424,-5.856909222513,0.));
#8446 = CARTESIAN_POINT('',(26.403762569985,-5.838398322088,0.));
#8447 = CARTESIAN_POINT('',(26.554027260125,-5.816681114144,0.));
#8448 = CARTESIAN_POINT('',(26.71025794977,-5.791561354187,0.));
#8449 = CARTESIAN_POINT('',(26.87238283815,-5.762844146898,0.));
#8450 = CARTESIAN_POINT('',(27.040325440388,-5.730336045112,0.));
#8451 = CARTESIAN_POINT('',(27.214004615984,-5.693845148591,0.));
#8452 = CARTESIAN_POINT('',(27.393334597982,-5.653181207832,0.));
#8453 = CARTESIAN_POINT('',(27.57822502974,-5.608155703429,0.));
#8454 = CARTESIAN_POINT('',(27.768580981361,-5.558582019139,0.));
#8455 = CARTESIAN_POINT('',(27.964303055604,-5.504275244179,0.));
#8456 = CARTESIAN_POINT('',(28.165287152907,-5.445053424342,0.));
#8457 = CARTESIAN_POINT('',(28.300672657797,-5.402809803079,0.));
#8458 = CARTESIAN_POINT('',(28.369212986783,-5.380834462287,0.));
#8459 = VECTOR('',#8460,1.);
#8460 = DIRECTION('',(-0.,-0.,-1.));
#8461 = ADVANCED_FACE('',(#8462),#8485,.T.);
#8462 = FACE_BOUND('',#8463,.T.);
#8463 = EDGE_LOOP('',(#8464,#8465,#8472,#8480));
#8464 = ORIENTED_EDGE('',*,*,#8403,.T.);
#8465 = ORIENTED_EDGE('',*,*,#8466,.T.);
#8466 = EDGE_CURVE('',#8377,#8467,#8469,.T.);
#8467 = VERTEX_POINT('',#8468);
#8468 = CARTESIAN_POINT('',(28.498693875187,-4.646511853894,10.));
#8469 = B_SPLINE_CURVE_WITH_KNOTS('',1,(#8470,#8471),.UNSPECIFIED.,.F.,
  .F.,(2,2),(0.,0.745650718271),.PIECEWISE_BEZIER_KNOTS.);
#8470 = CARTESIAN_POINT('',(28.369212986783,-5.380834462287,10.));
#8471 = CARTESIAN_POINT('',(28.498693875187,-4.646511853894,10.));
#8472 = ORIENTED_EDGE('',*,*,#8473,.F.);
#8473 = EDGE_CURVE('',#8474,#8467,#8476,.T.);
#8474 = VERTEX_POINT('',#8475);
#8475 = CARTESIAN_POINT('',(28.498693875187,-4.646511853894,0.));
#8476 = LINE('',#8477,#8478);
#8477 = CARTESIAN_POINT('',(28.498693875187,-4.646511853894,0.));
#8478 = VECTOR('',#8479,1.);
#8479 = DIRECTION('',(0.,0.,1.));
#8480 = ORIENTED_EDGE('',*,*,#8481,.F.);
#8481 = EDGE_CURVE('',#8404,#8474,#8482,.T.);
#8482 = B_SPLINE_CURVE_WITH_KNOTS('',1,(#8483,#8484),.UNSPECIFIED.,.F.,
  .F.,(2,2),(0.,0.745650718271),.PIECEWISE_BEZIER_KNOTS.);
#8483 = CARTESIAN_POINT('',(28.369212986783,-5.380834462287,0.));
#8484 = CARTESIAN_POINT('',(28.498693875187,-4.646511853894,0.));
#8485 = SURFACE_OF_LINEAR_EXTRUSION('',#8486,#8489);
#8486 = B_SPLINE_CURVE_WITH_KNOTS('',1,(#8487,#8488),.UNSPECIFIED.,.F.,
  .F.,(2,2),(0.,0.745650718271),.PIECEWISE_BEZIER_KNOTS.);
#8487 = CARTESIAN_POINT('',(28.369212986783,-5.380834462287,0.));
#8488 = CARTESIAN_POINT('',(28.498693875187,-4.646511853894,0.));
#8489 = VECTOR('',#8490,1.);
#8490 = DIRECTION('',(-0.,-0.,-1.));
#8491 = ADVANCED_FACE('',(#8492),#8555,.T.);
#8492 = FACE_BOUND('',#8493,.T.);
#8493 = EDGE_LOOP('',(#8494,#8495,#8522,#8530));
#8494 = ORIENTED_EDGE('',*,*,#8473,.T.);
#8495 = ORIENTED_EDGE('',*,*,#8496,.T.);
#8496 = EDGE_CURVE('',#8467,#8497,#8499,.T.);
#8497 = VERTEX_POINT('',#8498);
#8498 = CARTESIAN_POINT('',(25.910669371984,-3.138026879385,10.));
#8499 = B_SPLINE_CURVE_WITH_KNOTS('',3,(#8500,#8501,#8502,#8503,#8504,
    #8505,#8506,#8507,#8508,#8509,#8510,#8511,#8512,#8513,#8514,#8515,
    #8516,#8517,#8518,#8519,#8520,#8521),.UNSPECIFIED.,.F.,.F.,(4,1,1,1,
    1,1,1,1,1,1,1,1,1,1,1,1,1,1,1,4),(0.,0.215930110637,0.425449164594,
    0.62855716187,0.825254102467,1.015539986384,1.199414813622,
    1.376878584181,1.547931298062,1.712572955265,1.870803555792,
    2.022623099642,2.168031586817,2.307029017318,2.439615391146,
    2.565790708302,2.685554968787,2.798908172604,2.905850319754,
    3.00638141024),.UNSPECIFIED.);
#8500 = CARTESIAN_POINT('',(28.498693875187,-4.646511853894,10.));
#8501 = CARTESIAN_POINT('',(28.44180304302,-4.602419615169,10.));
#8502 = CARTESIAN_POINT('',(28.329030452512,-4.516419026206,10.));
#8503 = CARTESIAN_POINT('',(28.16042223469,-4.39202810935,10.));
#8504 = CARTESIAN_POINT('',(27.995077656754,-4.274055541777,10.));
#8505 = CARTESIAN_POINT('',(27.833156772299,-4.162365946609,10.));
#8506 = CARTESIAN_POINT('',(27.674816227392,-4.056819560404,10.));
#8507 = CARTESIAN_POINT('',(27.520209053469,-3.957273489195,10.));
#8508 = CARTESIAN_POINT('',(27.369484635435,-3.863581486479,10.));
#8509 = CARTESIAN_POINT('',(27.222788637029,-3.775594110228,10.));
#8510 = CARTESIAN_POINT('',(27.080262939125,-3.693158784888,10.));
#8511 = CARTESIAN_POINT('',(26.942045576827,-3.616119888956,10.));
#8512 = CARTESIAN_POINT('',(26.808270678911,-3.544318838048,10.));
#8513 = CARTESIAN_POINT('',(26.679068408996,-3.477594168819,10.));
#8514 = CARTESIAN_POINT('',(26.554564907721,-3.415781630207,10.));
#8515 = CARTESIAN_POINT('',(26.434882239324,-3.358714252804,10.));
#8516 = CARTESIAN_POINT('',(26.320138330652,-3.306222499488,10.));
#8517 = CARTESIAN_POINT('',(26.210446944342,-3.258134139024,10.));
#8518 = CARTESIAN_POINT('',(26.10591754193,-3.21427508061,10.));
#8519 = CARTESIAN_POINT('',(26.006655533379,-3.174466909327,10.));
#8520 = CARTESIAN_POINT('',(25.942063380362,-3.14974897873,10.));
#8521 = CARTESIAN_POINT('',(25.910669371984,-3.138026879385,10.));
#8522 = ORIENTED_EDGE('',*,*,#8523,.F.);
#8523 = EDGE_CURVE('',#8524,#8497,#8526,.T.);
#8524 = VERTEX_POINT('',#8525);
#8525 = CARTESIAN_POINT('',(25.910669371984,-3.138026879385,0.));
#8526 = LINE('',#8527,#8528);
#8527 = CARTESIAN_POINT('',(25.910669371984,-3.138026879385,0.));
#8528 = VECTOR('',#8529,1.);
#8529 = DIRECTION('',(0.,0.,1.));
#8530 = ORIENTED_EDGE('',*,*,#8531,.F.);
#8531 = EDGE_CURVE('',#8474,#8524,#8532,.T.);
#8532 = B_SPLINE_CURVE_WITH_KNOTS('',3,(#8533,#8534,#8535,#8536,#8537,
    #8538,#8539,#8540,#8541,#8542,#8543,#8544,#8545,#8546,#8547,#8548,
    #8549,#8550,#8551,#8552,#8553,#8554),.UNSPECIFIED.,.F.,.F.,(4,1,1,1,
    1,1,1,1,1,1,1,1,1,1,1,1,1,1,1,4),(0.,0.215930110637,0.425449164594,
    0.62855716187,0.825254102467,1.015539986384,1.199414813622,
    1.376878584181,1.547931298062,1.712572955265,1.870803555792,
    2.022623099642,2.168031586817,2.307029017318,2.439615391146,
    2.565790708302,2.685554968787,2.798908172604,2.905850319754,
    3.00638141024),.UNSPECIFIED.);
#8533 = CARTESIAN_POINT('',(28.498693875187,-4.646511853894,0.));
#8534 = CARTESIAN_POINT('',(28.44180304302,-4.602419615169,0.));
#8535 = CARTESIAN_POINT('',(28.329030452512,-4.516419026206,0.));
#8536 = CARTESIAN_POINT('',(28.16042223469,-4.39202810935,0.));
#8537 = CARTESIAN_POINT('',(27.995077656754,-4.274055541777,0.));
#8538 = CARTESIAN_POINT('',(27.833156772299,-4.162365946609,0.));
#8539 = CARTESIAN_POINT('',(27.674816227392,-4.056819560404,0.));
#8540 = CARTESIAN_POINT('',(27.520209053469,-3.957273489195,0.));
#8541 = CARTESIAN_POINT('',(27.369484635435,-3.863581486479,0.));
#8542 = CARTESIAN_POINT('',(27.222788637029,-3.775594110228,0.));
#8543 = CARTESIAN_POINT('',(27.080262939125,-3.693158784888,0.));
#8544 = CARTESIAN_POINT('',(26.942045576827,-3.616119888956,0.));
#8545 = CARTESIAN_POINT('',(26.808270678911,-3.544318838048,0.));
#8546 = CARTESIAN_POINT('',(26.679068408996,-3.477594168819,0.));
#8547 = CARTESIAN_POINT('',(26.554564907721,-3.415781630207,0.));
#8548 = CARTESIAN_POINT('',(26.434882239324,-3.358714252804,0.));
#8549 = CARTESIAN_POINT('',(26.320138330652,-3.306222499488,0.));
#8550 = CARTESIAN_POINT('',(26.210446944342,-3.258134139024,0.));
#8551 = CARTESIAN_POINT('',(26.10591754193,-3.21427508061,0.));
#8552 = CARTESIAN_POINT('',(26.006655533379,-3.174466909327,0.));
#8553 = CARTESIAN_POINT('',(25.942063380362,-3.14974897873,0.));
#8554 = CARTESIAN_POINT('',(25.910669371984,-3.138026879385,0.));
#8555 = SURFACE_OF_LINEAR_EXTRUSION('',#8556,#8579);
#8556 = B_SPLINE_CURVE_WITH_KNOTS('',3,(#8557,#8558,#8559,#8560,#8561,
    #8562,#8563,#8564,#8565,#8566,#8567,#8568,#8569,#8570,#8571,#8572,
    #8573,#8574,#8575,#8576,#8577,#8578),.UNSPECIFIED.,.F.,.F.,(4,1,1,1,
    1,1,1,1,1,1,1,1,1,1,1,1,1,1,1,4),(0.,0.215930110637,0.425449164594,
    0.62855716187,0.825254102467,1.015539986384,1.199414813622,
    1.376878584181,1.547931298062,1.712572955265,1.870803555792,
    2.022623099642,2.168031586817,2.307029017318,2.439615391146,
    2.565790708302,2.685554968787,2.798908172604,2.905850319754,
    3.00638141024),.UNSPECIFIED.);
#8557 = CARTESIAN_POINT('',(28.498693875187,-4.646511853894,0.));
#8558 = CARTESIAN_POINT('',(28.44180304302,-4.602419615169,0.));
#8559 = CARTESIAN_POINT('',(28.329030452512,-4.516419026206,0.));
#8560 = CARTESIAN_POINT('',(28.16042223469,-4.39202810935,0.));
#8561 = CARTESIAN_POINT('',(27.995077656754,-4.274055541777,0.));
#8562 = CARTESIAN_POINT('',(27.833156772299,-4.162365946609,0.));
#8563 = CARTESIAN_POINT('',(27.674816227392,-4.056819560404,0.));
#8564 = CARTESIAN_POINT('',(27.520209053469,-3.957273489195,0.));
#8565 = CARTESIAN_POINT('',(27.369484635435,-3.863581486479,0.));
#8566 = CARTESIAN_POINT('',(27.222788637029,-3.775594110228,0.));
#8567 = CARTESIAN_POINT('',(27.080262939125,-3.693158784888,0.));
#8568 = CARTESIAN_POINT('',(26.942045576827,-3.616119888956,0.));
#8569 = CARTESIAN_POINT('',(26.808270678911,-3.544318838048,0.));
#8570 = CARTESIAN_POINT('',(26.679068408996,-3.477594168819,0.));
#8571 = CARTESIAN_POINT('',(26.554564907721,-3.415781630207,0.));
#8572 = CARTESIAN_POINT('',(26.434882239324,-3.358714252804,0.));
#8573 = CARTESIAN_POINT('',(26.320138330652,-3.306222499488,0.));
#8574 = CARTESIAN_POINT('',(26.210446944342,-3.258134139024,0.));
#8575 = CARTESIAN_POINT('',(26.10591754193,-3.21427508061,0.));
#8576 = CARTESIAN_POINT('',(26.006655533379,-3.174466909327,0.));
#8577 = CARTESIAN_POINT('',(25.942063380362,-3.14974897873,0.));
#8578 = CARTESIAN_POINT('',(25.910669371984,-3.138026879385,0.));
#8579 = VECTOR('',#8580,1.);
#8580 = DIRECTION('',(-0.,-0.,-1.));
#8581 = ADVANCED_FACE('',(#8582),#8605,.T.);
#8582 = FACE_BOUND('',#8583,.T.);
#8583 = EDGE_LOOP('',(#8584,#8585,#8592,#8600));
#8584 = ORIENTED_EDGE('',*,*,#8523,.T.);
#8585 = ORIENTED_EDGE('',*,*,#8586,.T.);
#8586 = EDGE_CURVE('',#8497,#8587,#8589,.T.);
#8587 = VERTEX_POINT('',#8588);
#8588 = CARTESIAN_POINT('',(26.061940732341,-1.408987318597,10.));
#8589 = B_SPLINE_CURVE_WITH_KNOTS('',1,(#8590,#8591),.UNSPECIFIED.,.F.,
  .F.,(2,2),(0.,1.735644211017),.PIECEWISE_BEZIER_KNOTS.);
#8590 = CARTESIAN_POINT('',(25.910669371984,-3.138026879385,10.));
#8591 = CARTESIAN_POINT('',(26.061940732341,-1.408987318597,10.));
#8592 = ORIENTED_EDGE('',*,*,#8593,.F.);
#8593 = EDGE_CURVE('',#8594,#8587,#8596,.T.);
#8594 = VERTEX_POINT('',#8595);
#8595 = CARTESIAN_POINT('',(26.061940732341,-1.408987318597,0.));
#8596 = LINE('',#8597,#8598);
#8597 = CARTESIAN_POINT('',(26.061940732341,-1.408987318597,0.));
#8598 = VECTOR('',#8599,1.);
#8599 = DIRECTION('',(0.,0.,1.));
#8600 = ORIENTED_EDGE('',*,*,#8601,.F.);
#8601 = EDGE_CURVE('',#8524,#8594,#8602,.T.);
#8602 = B_SPLINE_CURVE_WITH_KNOTS('',1,(#8603,#8604),.UNSPECIFIED.,.F.,
  .F.,(2,2),(0.,1.735644211017),.PIECEWISE_BEZIER_KNOTS.);
#8603 = CARTESIAN_POINT('',(25.910669371984,-3.138026879385,0.));
#8604 = CARTESIAN_POINT('',(26.061940732341,-1.408987318597,0.));
#8605 = SURFACE_OF_LINEAR_EXTRUSION('',#8606,#8609);
#8606 = B_SPLINE_CURVE_WITH_KNOTS('',1,(#8607,#8608),.UNSPECIFIED.,.F.,
  .F.,(2,2),(0.,1.735644211017),.PIECEWISE_BEZIER_KNOTS.);
#8607 = CARTESIAN_POINT('',(25.910669371984,-3.138026879385,0.));
#8608 = CARTESIAN_POINT('',(26.061940732341,-1.408987318597,0.));
#8609 = VECTOR('',#8610,1.);
#8610 = DIRECTION('',(-0.,-0.,-1.));
#8611 = ADVANCED_FACE('',(#8612),#8666,.T.);
#8612 = FACE_BOUND('',#8613,.T.);
#8613 = EDGE_LOOP('',(#8614,#8615,#8640,#8641));
#8614 = ORIENTED_EDGE('',*,*,#8593,.T.);
#8615 = ORIENTED_EDGE('',*,*,#8616,.T.);
#8616 = EDGE_CURVE('',#8587,#57,#8617,.T.);
#8617 = B_SPLINE_CURVE_WITH_KNOTS('',3,(#8618,#8619,#8620,#8621,#8622,
    #8623,#8624,#8625,#8626,#8627,#8628,#8629,#8630,#8631,#8632,#8633,
    #8634,#8635,#8636,#8637,#8638,#8639),.UNSPECIFIED.,.F.,.F.,(4,1,1,1,
    1,1,1,1,1,1,1,1,1,1,1,1,1,1,1,4),(0.,0.100531090486,0.207473237636,
    0.320826441453,0.440590701938,0.566766019094,0.699352392922,
    0.838349823423,0.983758310598,1.135577854448,1.293808454975,
    1.458450112178,1.629502826059,1.806966596619,1.990841423856,
    2.181127307773,2.37782424837,2.580932245646,2.790451299603,
    3.00638141024),.UNSPECIFIED.);
#8618 = CARTESIAN_POINT('',(26.061940732341,-1.408987318597,10.));
#8619 = CARTESIAN_POINT('',(26.09489331638,-1.402894816624,10.));
#8620 = CARTESIAN_POINT('',(26.162796393058,-1.389768716597,10.));
#8621 = CARTESIAN_POINT('',(26.267463005058,-1.367801987781,10.));
#8622 = CARTESIAN_POINT('',(26.378020416539,-1.342760587256,10.));
#8623 = CARTESIAN_POINT('',(26.494395800377,-1.31445050638,10.));
#8624 = CARTESIAN_POINT('',(26.616511588554,-1.282681291385,10.));
#8625 = CARTESIAN_POINT('',(26.744285654383,-1.24726357294,10.));
#8626 = CARTESIAN_POINT('',(26.877631302403,-1.208009911791,10.));
#8627 = CARTESIAN_POINT('',(27.016457316739,-1.164734678938,10.));
#8628 = CARTESIAN_POINT('',(27.16066799501,-1.11725421457,10.));
#8629 = CARTESIAN_POINT('',(27.31016318889,-1.065386905658,10.));
#8630 = CARTESIAN_POINT('',(27.46483834521,-1.008953285853,10.));
#8631 = CARTESIAN_POINT('',(27.62458454932,-0.947776128347,10.));
#8632 = CARTESIAN_POINT('',(27.789288570302,-0.881680538198,10.));
#8633 = CARTESIAN_POINT('',(27.958832907711,-0.810494049496,10.));
#8634 = CARTESIAN_POINT('',(28.133095841576,-0.734046697133,10.));
#8635 = CARTESIAN_POINT('',(28.311951478627,-0.652171184392,10.));
#8636 = CARTESIAN_POINT('',(28.495269822271,-0.564702669849,10.));
#8637 = CARTESIAN_POINT('',(28.682916758434,-0.47148004029,10.));
#8638 = CARTESIAN_POINT('',(28.808909925445,-0.406368748348,10.));
#8639 = CARTESIAN_POINT('',(28.872592994942,-0.372825359136,10.));
#8640 = ORIENTED_EDGE('',*,*,#54,.F.);
#8641 = ORIENTED_EDGE('',*,*,#8642,.F.);
#8642 = EDGE_CURVE('',#8594,#55,#8643,.T.);
#8643 = B_SPLINE_CURVE_WITH_KNOTS('',3,(#8644,#8645,#8646,#8647,#8648,
    #8649,#8650,#8651,#8652,#8653,#8654,#8655,#8656,#8657,#8658,#8659,
    #8660,#8661,#8662,#8663,#8664,#8665),.UNSPECIFIED.,.F.,.F.,(4,1,1,1,
    1,1,1,1,1,1,1,1,1,1,1,1,1,1,1,4),(0.,0.100531090486,0.207473237636,
    0.320826441453,0.440590701938,0.566766019094,0.699352392922,
    0.838349823423,0.983758310598,1.135577854448,1.293808454975,
    1.458450112178,1.629502826059,1.806966596619,1.990841423856,
    2.181127307773,2.37782424837,2.580932245646,2.790451299603,
    3.00638141024),.UNSPECIFIED.);
#8644 = CARTESIAN_POINT('',(26.061940732341,-1.408987318597,0.));
#8645 = CARTESIAN_POINT('',(26.09489331638,-1.402894816624,0.));
#8646 = CARTESIAN_POINT('',(26.162796393058,-1.389768716597,0.));
#8647 = CARTESIAN_POINT('',(26.267463005058,-1.367801987781,0.));
#8648 = CARTESIAN_POINT('',(26.378020416539,-1.342760587256,0.));
#8649 = CARTESIAN_POINT('',(26.494395800377,-1.31445050638,0.));
#8650 = CARTESIAN_POINT('',(26.616511588554,-1.282681291385,0.));
#8651 = CARTESIAN_POINT('',(26.744285654383,-1.24726357294,0.));
#8652 = CARTESIAN_POINT('',(26.877631302403,-1.208009911791,0.));
#8653 = CARTESIAN_POINT('',(27.016457316739,-1.164734678938,0.));
#8654 = CARTESIAN_POINT('',(27.16066799501,-1.11725421457,0.));
#8655 = CARTESIAN_POINT('',(27.31016318889,-1.065386905658,0.));
#8656 = CARTESIAN_POINT('',(27.46483834521,-1.008953285853,0.));
#8657 = CARTESIAN_POINT('',(27.62458454932,-0.947776128347,0.));
#8658 = CARTESIAN_POINT('',(27.789288570302,-0.881680538198,0.));
#8659 = CARTESIAN_POINT('',(27.958832907711,-0.810494049496,0.));
#8660 = CARTESIAN_POINT('',(28.133095841576,-0.734046697133,0.));
#8661 = CARTESIAN_POINT('',(28.311951478627,-0.652171184392,0.));
#8662 = CARTESIAN_POINT('',(28.495269822271,-0.564702669849,0.));
#8663 = CARTESIAN_POINT('',(28.682916758434,-0.47148004029,0.));
#8664 = CARTESIAN_POINT('',(28.808909925445,-0.406368748348,0.));
#8665 = CARTESIAN_POINT('',(28.872592994942,-0.372825359136,0.));
#8666 = SURFACE_OF_LINEAR_EXTRUSION('',#8667,#8690);
#8667 = B_SPLINE_CURVE_WITH_KNOTS('',3,(#8668,#8669,#8670,#8671,#8672,
    #8673,#8674,#8675,#8676,#8677,#8678,#8679,#8680,#8681,#8682,#8683,
    #8684,#8685,#8686,#8687,#8688,#8689),.UNSPECIFIED.,.F.,.F.,(4,1,1,1,
    1,1,1,1,1,1,1,1,1,1,1,1,1,1,1,4),(0.,0.100531090486,0.207473237636,
    0.320826441453,0.440590701938,0.566766019094,0.699352392922,
    0.838349823423,0.983758310598,1.135577854448,1.293808454975,
    1.458450112178,1.629502826059,1.806966596619,1.990841423856,
    2.181127307773,2.37782424837,2.580932245646,2.790451299603,
    3.00638141024),.UNSPECIFIED.);
#8668 = CARTESIAN_POINT('',(26.061940732341,-1.408987318597,0.));
#8669 = CARTESIAN_POINT('',(26.09489331638,-1.402894816624,0.));
#8670 = CARTESIAN_POINT('',(26.162796393058,-1.389768716597,0.));
#8671 = CARTESIAN_POINT('',(26.267463005058,-1.367801987781,0.));
#8672 = CARTESIAN_POINT('',(26.378020416539,-1.342760587256,0.));
#8673 = CARTESIAN_POINT('',(26.494395800377,-1.31445050638,0.));
#8674 = CARTESIAN_POINT('',(26.616511588554,-1.282681291385,0.));
#8675 = CARTESIAN_POINT('',(26.744285654383,-1.24726357294,0.));
#8676 = CARTESIAN_POINT('',(26.877631302403,-1.208009911791,0.));
#8677 = CARTESIAN_POINT('',(27.016457316739,-1.164734678938,0.));
#8678 = CARTESIAN_POINT('',(27.16066799501,-1.11725421457,0.));
#8679 = CARTESIAN_POINT('',(27.31016318889,-1.065386905658,0.));
#8680 = CARTESIAN_POINT('',(27.46483834521,-1.008953285853,0.));
#8681 = CARTESIAN_POINT('',(27.62458454932,-0.947776128347,0.));
#8682 = CARTESIAN_POINT('',(27.789288570302,-0.881680538198,0.));
#8683 = CARTESIAN_POINT('',(27.958832907711,-0.810494049496,0.));
#8684 = CARTESIAN_POINT('',(28.133095841576,-0.734046697133,0.));
#8685 = CARTESIAN_POINT('',(28.311951478627,-0.652171184392,0.));
#8686 = CARTESIAN_POINT('',(28.495269822271,-0.564702669849,0.));
#8687 = CARTESIAN_POINT('',(28.682916758434,-0.47148004029,0.));
#8688 = CARTESIAN_POINT('',(28.808909925445,-0.406368748348,0.));
#8689 = CARTESIAN_POINT('',(28.872592994942,-0.372825359136,0.));
#8690 = VECTOR('',#8691,1.);
#8691 = DIRECTION('',(-0.,-0.,-1.));
#8692 = ADVANCED_FACE('',(#8693,#8696),#8842,.T.);
#8693 = FACE_BOUND('',#8694,.F.);
#8694 = EDGE_LOOP('',(#8695));
#8695 = ORIENTED_EDGE('',*,*,#39,.T.);
#8696 = FACE_BOUND('',#8697,.T.);
#8697 = EDGE_LOOP('',(#8698,#8699,#8700,#8701,#8702,#8703,#8704,#8705,
    #8706,#8707,#8708,#8709,#8710,#8711,#8712,#8713,#8714,#8715,#8716,
    #8717,#8718,#8719,#8720,#8721,#8722,#8723,#8724,#8725,#8726,#8727,
    #8728,#8729,#8730,#8731,#8732,#8733,#8734,#8735,#8736,#8737,#8738,
    #8739,#8740,#8741,#8742,#8743,#8744,#8745,#8746,#8747,#8748,#8749,
    #8750,#8751,#8752,#8753,#8754,#8755,#8756,#8757,#8758,#8759,#8760,
    #8761,#8762,#8763,#8764,#8765,#8766,#8767,#8768,#8769,#8770,#8771,
    #8772,#8773,#8774,#8775,#8776,#8777,#8778,#8779,#8780,#8781,#8782,
    #8783,#8784,#8785,#8786,#8787,#8788,#8789,#8790,#8791,#8792,#8793,
    #8794,#8795,#8796,#8797,#8798,#8799,#8800,#8801,#8802,#8803,#8804,
    #8805,#8806,#8807,#8808,#8809,#8810,#8811,#8812,#8813,#8814,#8815,
    #8816,#8817,#8818,#8819,#8820,#8821,#8822,#8823,#8824,#8825,#8826,
    #8827,#8828,#8829,#8830,#8831,#8832,#8833,#8834,#8835,#8836,#8837,
    #8838,#8839,#8840,#8841));
#8698 = ORIENTED_EDGE('',*,*,#80,.T.);
#8699 = ORIENTED_EDGE('',*,*,#130,.T.);
#8700 = ORIENTED_EDGE('',*,*,#201,.T.);
#8701 = ORIENTED_EDGE('',*,*,#251,.T.);
#8702 = ORIENTED_EDGE('',*,*,#321,.T.);
#8703 = ORIENTED_EDGE('',*,*,#371,.T.);
#8704 = ORIENTED_EDGE('',*,*,#441,.T.);
#8705 = ORIENTED_EDGE('',*,*,#491,.T.);
#8706 = ORIENTED_EDGE('',*,*,#561,.T.);
#8707 = ORIENTED_EDGE('',*,*,#611,.T.);
#8708 = ORIENTED_EDGE('',*,*,#681,.T.);
#8709 = ORIENTED_EDGE('',*,*,#731,.T.);
#8710 = ORIENTED_EDGE('',*,*,#801,.T.);
#8711 = ORIENTED_EDGE('',*,*,#851,.T.);
#8712 = ORIENTED_EDGE('',*,*,#921,.T.);
#8713 = ORIENTED_EDGE('',*,*,#971,.T.);
#8714 = ORIENTED_EDGE('',*,*,#1041,.T.);
#8715 = ORIENTED_EDGE('',*,*,#1091,.T.);
#8716 = ORIENTED_EDGE('',*,*,#1161,.T.);
#8717 = ORIENTED_EDGE('',*,*,#1211,.T.);
#8718 = ORIENTED_EDGE('',*,*,#1281,.T.);
#8719 = ORIENTED_EDGE('',*,*,#1331,.T.);
#8720 = ORIENTED_EDGE('',*,*,#1401,.T.);
#8721 = ORIENTED_EDGE('',*,*,#1451,.T.);
#8722 = ORIENTED_EDGE('',*,*,#1521,.T.);
#8723 = ORIENTED_EDGE('',*,*,#1571,.T.);
#8724 = ORIENTED_EDGE('',*,*,#1641,.T.);
#8725 = ORIENTED_EDGE('',*,*,#1691,.T.);
#8726 = ORIENTED_EDGE('',*,*,#1761,.T.);
#8727 = ORIENTED_EDGE('',*,*,#1811,.T.);
#8728 = ORIENTED_EDGE('',*,*,#1881,.T.);
#8729 = ORIENTED_EDGE('',*,*,#1931,.T.);
#8730 = ORIENTED_EDGE('',*,*,#2001,.T.);
#8731 = ORIENTED_EDGE('',*,*,#2051,.T.);
#8732 = ORIENTED_EDGE('',*,*,#2121,.T.);
#8733 = ORIENTED_EDGE('',*,*,#2171,.T.);
#8734 = ORIENTED_EDGE('',*,*,#2241,.T.);
#8735 = ORIENTED_EDGE('',*,*,#2291,.T.);
#8736 = ORIENTED_EDGE('',*,*,#2361,.T.);
#8737 = ORIENTED_EDGE('',*,*,#2411,.T.);
#8738 = ORIENTED_EDGE('',*,*,#2481,.T.);
#8739 = ORIENTED_EDGE('',*,*,#2531,.T.);
#8740 = ORIENTED_EDGE('',*,*,#2601,.T.);
#8741 = ORIENTED_EDGE('',*,*,#2651,.T.);
#8742 = ORIENTED_EDGE('',*,*,#2721,.T.);
#8743 = ORIENTED_EDGE('',*,*,#2771,.T.);
#8744 = ORIENTED_EDGE('',*,*,#2841,.T.);
#8745 = ORIENTED_EDGE('',*,*,#2891,.T.);
#8746 = ORIENTED_EDGE('',*,*,#2961,.T.);
#8747 = ORIENTED_EDGE('',*,*,#3011,.T.);
#8748 = ORIENTED_EDGE('',*,*,#3081,.T.);
#8749 = ORIENTED_EDGE('',*,*,#3131,.T.);
#8750 = ORIENTED_EDGE('',*,*,#3201,.T.);
#8751 = ORIENTED_EDGE('',*,*,#3251,.T.);
#8752 = ORIENTED_EDGE('',*,*,#3321,.T.);
#8753 = ORIENTED_EDGE('',*,*,#3371,.T.);
#8754 = ORIENTED_EDGE('',*,*,#3441,.T.);
#8755 = ORIENTED_EDGE('',*,*,#3491,.T.);
#8756 = ORIENTED_EDGE('',*,*,#3561,.T.);
#8757 = ORIENTED_EDGE('',*,*,#3611,.T.);
#8758 = ORIENTED_EDGE('',*,*,#3681,.T.);
#8759 = ORIENTED_EDGE('',*,*,#3731,.T.);
#8760 = ORIENTED_EDGE('',*,*,#3801,.T.);
#8761 = ORIENTED_EDGE('',*,*,#3851,.T.);
#8762 = ORIENTED_EDGE('',*,*,#3921,.T.);
#8763 = ORIENTED_EDGE('',*,*,#3971,.T.);
#8764 = ORIENTED_EDGE('',*,*,#4041,.T.);
#8765 = ORIENTED_EDGE('',*,*,#4091,.T.);
#8766 = ORIENTED_EDGE('',*,*,#4161,.T.);
#8767 = ORIENTED_EDGE('',*,*,#4211,.T.);
#8768 = ORIENTED_EDGE('',*,*,#4281,.T.);
#8769 = ORIENTED_EDGE('',*,*,#4331,.T.);
#8770 = ORIENTED_EDGE('',*,*,#4401,.T.);
#8771 = ORIENTED_EDGE('',*,*,#4451,.T.);
#8772 = ORIENTED_EDGE('',*,*,#4521,.T.);
#8773 = ORIENTED_EDGE('',*,*,#4571,.T.);
#8774 = ORIENTED_EDGE('',*,*,#4641,.T.);
#8775 = ORIENTED_EDGE('',*,*,#4691,.T.);
#8776 = ORIENTED_EDGE('',*,*,#4761,.T.);
#8777 = ORIENTED_EDGE('',*,*,#4811,.T.);
#8778 = ORIENTED_EDGE('',*,*,#4881,.T.);
#8779 = ORIENTED_EDGE('',*,*,#4931,.T.);
#8780 = ORIENTED_EDGE('',*,*,#5001,.T.);
#8781 = ORIENTED_EDGE('',*,*,#5051,.T.);
#8782 = ORIENTED_EDGE('',*,*,#5121,.T.);
#8783 = ORIENTED_EDGE('',*,*,#5171,.T.);
#8784 = ORIENTED_EDGE('',*,*,#5241,.T.);
#8785 = ORIENTED_EDGE('',*,*,#5291,.T.);
#8786 = ORIENTED_EDGE('',*,*,#5361,.T.);
#8787 = ORIENTED_EDGE('',*,*,#5411,.T.);
#8788 = ORIENTED_EDGE('',*,*,#5481,.T.);
#8789 = ORIENTED_EDGE('',*,*,#5531,.T.);
#8790 = ORIENTED_EDGE('',*,*,#5601,.T.);
#8791 = ORIENTED_EDGE('',*,*,#5651,.T.);
#8792 = ORIENTED_EDGE('',*,*,#5721,.T.);
#8793 = ORIENTED_EDGE('',*,*,#5771,.T.);
#8794 = ORIENTED_EDGE('',*,*,#5841,.T.);
#8795 = ORIENTED_EDGE('',*,*,#5891,.T.);
#8796 = ORIENTED_EDGE('',*,*,#5961,.T.);
#8797 = ORIENTED_EDGE('',*,*,#6011,.T.);
#8798 = ORIENTED_EDGE('',*,*,#6081,.T.);
#8799 = ORIENTED_EDGE('',*,*,#6131,.T.);
#8800 = ORIENTED_EDGE('',*,*,#6201,.T.);
#8801 = ORIENTED_EDGE('',*,*,#6251,.T.);
#8802 = ORIENTED_EDGE('',*,*,#6321,.T.);
#8803 = ORIENTED_EDGE('',*,*,#6371,.T.);
#8804 = ORIENTED_EDGE('',*,*,#6441,.T.);
#8805 = ORIENTED_EDGE('',*,*,#6491,.T.);
#8806 = ORIENTED_EDGE('',*,*,#6561,.T.);
#8807 = ORIENTED_EDGE('',*,*,#6611,.T.);
#8808 = ORIENTED_EDGE('',*,*,#6681,.T.);
#8809 = ORIENTED_EDGE('',*,*,#6731,.T.);
#8810 = ORIENTED_EDGE('',*,*,#6801,.T.);
#8811 = ORIENTED_EDGE('',*,*,#6851,.T.);
#8812 = ORIENTED_EDGE('',*,*,#6921,.T.);
#8813 = ORIENTED_EDGE('',*,*,#6971,.T.);
#8814 = ORIENTED_EDGE('',*,*,#7041,.T.);
#8815 = ORIENTED_EDGE('',*,*,#7091,.T.);
#8816 = ORIENTED_EDGE('',*,*,#7161,.T.);
#8817 = ORIENTED_EDGE('',*,*,#7211,.T.);
#8818 = ORIENTED_EDGE('',*,*,#7281,.T.);
#8819 = ORIENTED_EDGE('',*,*,#7331,.T.);
#8820 = ORIENTED_EDGE('',*,*,#7401,.T.);
#8821 = ORIENTED_EDGE('',*,*,#7451,.T.);
#8822 = ORIENTED_EDGE('',*,*,#7521,.T.);
#8823 = ORIENTED_EDGE('',*,*,#7571,.T.);
#8824 = ORIENTED_EDGE('',*,*,#7641,.T.);
#8825 = ORIENTED_EDGE('',*,*,#7691,.T.);
#8826 = ORIENTED_EDGE('',*,*,#7761,.T.);
#8827 = ORIENTED_EDGE('',*,*,#7811,.T.);
#8828 = ORIENTED_EDGE('',*,*,#7881,.T.);
#8829 = ORIENTED_EDGE('',*,*,#7931,.T.);
#8830 = ORIENTED_EDGE('',*,*,#8001,.T.);
#8831 = ORIENTED_EDGE('',*,*,#8051,.T.);
#8832 = ORIENTED_EDGE('',*,*,#8121,.T.);
#8833 = ORIENTED_EDGE('',*,*,#8171,.T.);
#8834 = ORIENTED_EDGE('',*,*,#8241,.T.);
#8835 = ORIENTED_EDGE('',*,*,#8291,.T.);
#8836 = ORIENTED_EDGE('',*,*,#8361,.T.);
#8837 = ORIENTED_EDGE('',*,*,#8411,.T.);
#8838 = ORIENTED_EDGE('',*,*,#8481,.T.);
#8839 = ORIENTED_EDGE('',*,*,#8531,.T.);
#8840 = ORIENTED_EDGE('',*,*,#8601,.T.);
#8841 = ORIENTED_EDGE('',*,*,#8642,.T.);
#8842 = PLANE('',#8843);
#8843 = AXIS2_PLACEMENT_3D('',#8844,#8845,#8846);
#8844 = CARTESIAN_POINT('',(-2.365301850879E-15,8.549041319306E-16,0.));
#8845 = DIRECTION('',(-0.,-0.,-1.));
#8846 = DIRECTION('',(-1.,0.,0.));
#8847 = ADVANCED_FACE('',(#8848,#8851),#8997,.F.);
#8848 = FACE_BOUND('',#8849,.T.);
#8849 = EDGE_LOOP('',(#8850));
#8850 = ORIENTED_EDGE('',*,*,#31,.T.);
#8851 = FACE_BOUND('',#8852,.F.);
#8852 = EDGE_LOOP('',(#8853,#8854,#8855,#8856,#8857,#8858,#8859,#8860,
    #8861,#8862,#8863,#8864,#8865,#8866,#8867,#8868,#8869,#8870,#8871,
    #8872,#8873,#8874,#8875,#8876,#8877,#8878,#8879,#8880,#8881,#8882,
    #8883,#8884,#8885,#8886,#8887,#8888,#8889,#8890,#8891,#8892,#8893,
    #8894,#8895,#8896,#8897,#8898,#8899,#8900,#8901,#8902,#8903,#8904,
    #8905,#8906,#8907,#8908,#8909,#8910,#8911,#8912,#8913,#8914,#8915,
    #8916,#8917,#8918,#8919,#8920,#8921,#8922,#8923,#8924,#8925,#8926,
    #8927,#8928,#8929,#8930,#8931,#8932,#8933,#8934,#8935,#8936,#8937,
    #8938,#8939,#8940,#8941,#8942,#8943,#8944,#8945,#8946,#8947,#8948,
    #8949,#8950,#8951,#8952,#8953,#8954,#8955,#8956,#8957,#8958,#8959,
    #8960,#8961,#8962,#8963,#8964,#8965,#8966,#8967,#8968,#8969,#8970,
    #8971,#8972,#8973,#8974,#8975,#8976,#8977,#8978,#8979,#8980,#8981,
    #8982,#8983,#8984,#8985,#8986,#8987,#8988,#8989,#8990,#8991,#8992,
    #8993,#8994,#8995,#8996));
#8853 = ORIENTED_EDGE('',*,*,#64,.T.);
#8854 = ORIENTED_EDGE('',*,*,#95,.T.);
#8855 = ORIENTED_EDGE('',*,*,#185,.T.);
#8856 = ORIENTED_EDGE('',*,*,#216,.T.);
#8857 = ORIENTED_EDGE('',*,*,#306,.T.);
#8858 = ORIENTED_EDGE('',*,*,#336,.T.);
#8859 = ORIENTED_EDGE('',*,*,#426,.T.);
#8860 = ORIENTED_EDGE('',*,*,#456,.T.);
#8861 = ORIENTED_EDGE('',*,*,#546,.T.);
#8862 = ORIENTED_EDGE('',*,*,#576,.T.);
#8863 = ORIENTED_EDGE('',*,*,#666,.T.);
#8864 = ORIENTED_EDGE('',*,*,#696,.T.);
#8865 = ORIENTED_EDGE('',*,*,#786,.T.);
#8866 = ORIENTED_EDGE('',*,*,#816,.T.);
#8867 = ORIENTED_EDGE('',*,*,#906,.T.);
#8868 = ORIENTED_EDGE('',*,*,#936,.T.);
#8869 = ORIENTED_EDGE('',*,*,#1026,.T.);
#8870 = ORIENTED_EDGE('',*,*,#1056,.T.);
#8871 = ORIENTED_EDGE('',*,*,#1146,.T.);
#8872 = ORIENTED_EDGE('',*,*,#1176,.T.);
#8873 = ORIENTED_EDGE('',*,*,#1266,.T.);
#8874 = ORIENTED_EDGE('',*,*,#1296,.T.);
#8875 = ORIENTED_EDGE('',*,*,#1386,.T.);
#8876 = ORIENTED_EDGE('',*,*,#1416,.T.);
#8877 = ORIENTED_EDGE('',*,*,#1506,.T.);
#8878 = ORIENTED_EDGE('',*,*,#1536,.T.);
#8879 = ORIENTED_EDGE('',*,*,#1626,.T.);
#8880 = ORIENTED_EDGE('',*,*,#1656,.T.);
#8881 = ORIENTED_EDGE('',*,*,#1746,.T.);
#8882 = ORIENTED_EDGE('',*,*,#1776,.T.);
#8883 = ORIENTED_EDGE('',*,*,#1866,.T.);
#8884 = ORIENTED_EDGE('',*,*,#1896,.T.);
#8885 = ORIENTED_EDGE('',*,*,#1986,.T.);
#8886 = ORIENTED_EDGE('',*,*,#2016,.T.);
#8887 = ORIENTED_EDGE('',*,*,#2106,.T.);
#8888 = ORIENTED_EDGE('',*,*,#2136,.T.);
#8889 = ORIENTED_EDGE('',*,*,#2226,.T.);
#8890 = ORIENTED_EDGE('',*,*,#2256,.T.);
#8891 = ORIENTED_EDGE('',*,*,#2346,.T.);
#8892 = ORIENTED_EDGE('',*,*,#2376,.T.);
#8893 = ORIENTED_EDGE('',*,*,#2466,.T.);
#8894 = ORIENTED_EDGE('',*,*,#2496,.T.);
#8895 = ORIENTED_EDGE('',*,*,#2586,.T.);
#8896 = ORIENTED_EDGE('',*,*,#2616,.T.);
#8897 = ORIENTED_EDGE('',*,*,#2706,.T.);
#8898 = ORIENTED_EDGE('',*,*,#2736,.T.);
#8899 = ORIENTED_EDGE('',*,*,#2826,.T.);
#8900 = ORIENTED_EDGE('',*,*,#2856,.T.);
#8901 = ORIENTED_EDGE('',*,*,#2946,.T.);
#8902 = ORIENTED_EDGE('',*,*,#2976,.T.);
#8903 = ORIENTED_EDGE('',*,*,#3066,.T.);
#8904 = ORIENTED_EDGE('',*,*,#3096,.T.);
#8905 = ORIENTED_EDGE('',*,*,#3186,.T.);
#8906 = ORIENTED_EDGE('',*,*,#3216,.T.);
#8907 = ORIENTED_EDGE('',*,*,#3306,.T.);
#8908 = ORIENTED_EDGE('',*,*,#3336,.T.);
#8909 = ORIENTED_EDGE('',*,*,#3426,.T.);
#8910 = ORIENTED_EDGE('',*,*,#3456,.T.);
#8911 = ORIENTED_EDGE('',*,*,#3546,.T.);
#8912 = ORIENTED_EDGE('',*,*,#3576,.T.);
#8913 = ORIENTED_EDGE('',*,*,#3666,.T.);
#8914 = ORIENTED_EDGE('',*,*,#3696,.T.);
#8915 = ORIENTED_EDGE('',*,*,#3786,.T.);
#8916 = ORIENTED_EDGE('',*,*,#3816,.T.);
#8917 = ORIENTED_EDGE('',*,*,#3906,.T.);
#8918 = ORIENTED_EDGE('',*,*,#3936,.T.);
#8919 = ORIENTED_EDGE('',*,*,#4026,.T.);
#8920 = ORIENTED_EDGE('',*,*,#4056,.T.);
#8921 = ORIENTED_EDGE('',*,*,#4146,.T.);
#8922 = ORIENTED_EDGE('',*,*,#4176,.T.);
#8923 = ORIENTED_EDGE('',*,*,#4266,.T.);
#8924 = ORIENTED_EDGE('',*,*,#4296,.T.);
#8925 = ORIENTED_EDGE('',*,*,#4386,.T.);
#8926 = ORIENTED_EDGE('',*,*,#4416,.T.);
#8927 = ORIENTED_EDGE('',*,*,#4506,.T.);
#8928 = ORIENTED_EDGE('',*,*,#4536,.T.);
#8929 = ORIENTED_EDGE('',*,*,#4626,.T.);
#8930 = ORIENTED_EDGE('',*,*,#4656,.T.);
#8931 = ORIENTED_EDGE('',*,*,#4746,.T.);
#8932 = ORIENTED_EDGE('',*,*,#4776,.T.);
#8933 = ORIENTED_EDGE('',*,*,#4866,.T.);
#8934 = ORIENTED_EDGE('',*,*,#4896,.T.);
#8935 = ORIENTED_EDGE('',*,*,#4986,.T.);
#8936 = ORIENTED_EDGE('',*,*,#5016,.T.);
#8937 = ORIENTED_EDGE('',*,*,#5106,.T.);
#8938 = ORIENTED_EDGE('',*,*,#5136,.T.);
#8939 = ORIENTED_EDGE('',*,*,#5226,.T.);
#8940 = ORIENTED_EDGE('',*,*,#5256,.T.);
#8941 = ORIENTED_EDGE('',*,*,#5346,.T.);
#8942 = ORIENTED_EDGE('',*,*,#5376,.T.);
#8943 = ORIENTED_EDGE('',*,*,#5466,.T.);
#8944 = ORIENTED_EDGE('',*,*,#5496,.T.);
#8945 = ORIENTED_EDGE('',*,*,#5586,.T.);
#8946 = ORIENTED_EDGE('',*,*,#5616,.T.);
#8947 = ORIENTED_EDGE('',*,*,#5706,.T.);
#8948 = ORIENTED_EDGE('',*,*,#5736,.T.);
#8949 = ORIENTED_EDGE('',*,*,#5826,.T.);
#8950 = ORIENTED_EDGE('',*,*,#5856,.T.);
#8951 = ORIENTED_EDGE('',*,*,#5946,.T.);
#8952 = ORIENTED_EDGE('',*,*,#5976,.T.);
#8953 = ORIENTED_EDGE('',*,*,#6066,.T.);
#8954 = ORIENTED_EDGE('',*,*,#6096,.T.);
#8955 = ORIENTED_EDGE('',*,*,#6186,.T.);
#8956 = ORIENTED_EDGE('',*,*,#6216,.T.);
#8957 = ORIENTED_EDGE('',*,*,#6306,.T.);
#8958 = ORIENTED_EDGE('',*,*,#6336,.T.);
#8959 = ORIENTED_EDGE('',*,*,#6426,.T.);
#8960 = ORIENTED_EDGE('',*,*,#6456,.T.);
#8961 = ORIENTED_EDGE('',*,*,#6546,.T.);
#8962 = ORIENTED_EDGE('',*,*,#6576,.T.);
#8963 = ORIENTED_EDGE('',*,*,#6666,.T.);
#8964 = ORIENTED_EDGE('',*,*,#6696,.T.);
#8965 = ORIENTED_EDGE('',*,*,#6786,.T.);
#8966 = ORIENTED_EDGE('',*,*,#6816,.T.);
#8967 = ORIENTED_EDGE('',*,*,#6906,.T.);
#8968 = ORIENTED_EDGE('',*,*,#6936,.T.);
#8969 = ORIENTED_EDGE('',*,*,#7026,.T.);
#8970 = ORIENTED_EDGE('',*,*,#7056,.T.);
#8971 = ORIENTED_EDGE('',*,*,#7146,.T.);
#8972 = ORIENTED_EDGE('',*,*,#7176,.T.);
#8973 = ORIENTED_EDGE('',*,*,#7266,.T.);
#8974 = ORIENTED_EDGE('',*,*,#7296,.T.);
#8975 = ORIENTED_EDGE('',*,*,#7386,.T.);
#8976 = ORIENTED_EDGE('',*,*,#7416,.T.);
#8977 = ORIENTED_EDGE('',*,*,#7506,.T.);
#8978 = ORIENTED_EDGE('',*,*,#7536,.T.);
#8979 = ORIENTED_EDGE('',*,*,#7626,.T.);
#8980 = ORIENTED_EDGE('',*,*,#7656,.T.);
#8981 = ORIENTED_EDGE('',*,*,#7746,.T.);
#8982 = ORIENTED_EDGE('',*,*,#7776,.T.);
#8983 = ORIENTED_EDGE('',*,*,#7866,.T.);
#8984 = ORIENTED_EDGE('',*,*,#7896,.T.);
#8985 = ORIENTED_EDGE('',*,*,#7986,.T.);
#8986 = ORIENTED_EDGE('',*,*,#8016,.T.);
#8987 = ORIENTED_EDGE('',*,*,#8106,.T.);
#8988 = ORIENTED_EDGE('',*,*,#8136,.T.);
#8989 = ORIENTED_EDGE('',*,*,#8226,.T.);
#8990 = ORIENTED_EDGE('',*,*,#8256,.T.);
#8991 = ORIENTED_EDGE('',*,*,#8346,.T.);
#8992 = ORIENTED_EDGE('',*,*,#8376,.T.);
#8993 = ORIENTED_EDGE('',*,*,#8466,.T.);
#8994 = ORIENTED_EDGE('',*,*,#8496,.T.);
#8995 = ORIENTED_EDGE('',*,*,#8586,.T.);
#8996 = ORIENTED_EDGE('',*,*,#8616,.T.);
#8997 = PLANE('',#8998);
#8998 = AXIS2_PLACEMENT_3D('',#8999,#9000,#9001);
#8999 = CARTESIAN_POINT('',(-2.365301850879E-15,8.549041319306E-16,10.)
  );
#9000 = DIRECTION('',(-0.,-0.,-1.));
#9001 = DIRECTION('',(-1.,0.,0.));
#9002 = ( GEOMETRIC_REPRESENTATION_CONTEXT(3) 
GLOBAL_UNCERTAINTY_ASSIGNED_CONTEXT((#9006)) 
GLOBAL_UNIT_ASSIGNED_CONTEXT((#9003,#9004,#9005)) REPRESENTATION_CONTEXT
('Context #1','3D Context with UNIT and UNCERTAINTY') );
#9003 = ( LENGTH_UNIT() NAMED_UNIT(*) SI_UNIT(.MILLI.,.METRE.) );
#9004 = ( NAMED_UNIT(*) PLANE_ANGLE_UNIT() SI_UNIT($,.RADIAN.) );
#9005 = ( NAMED_UNIT(*) SI_UNIT($,.STERADIAN.) SOLID_ANGLE_UNIT() );
#9006 = UNCERTAINTY_MEASURE_WITH_UNIT(LENGTH_MEASURE(1.E-07),#9003,
  'distance_accuracy_value','confusion accuracy');
#9007 = PRODUCT_RELATED_PRODUCT_CATEGORY('part',$,(#7));
#9008 = MECHANICAL_DESIGN_GEOMETRIC_PRESENTATION_REPRESENTATION('',(
    #9009),#9002);
#9009 = STYLED_ITEM('color',(#9010),#15);
#9010 = PRESENTATION_STYLE_ASSIGNMENT((#9011,#9017));
#9011 = SURFACE_STYLE_USAGE(.BOTH.,#9012);
#9012 = SURFACE_SIDE_STYLE('',(#9013));
#9013 = SURFACE_STYLE_FILL_AREA(#9014);
#9014 = FILL_AREA_STYLE('',(#9015));
#9015 = FILL_AREA_STYLE_COLOUR('',#9016);
#9016 = COLOUR_RGB('',0.678431390124,0.709803936702,0.741176476869);
#9017 = CURVE_STYLE('',#9018,POSITIVE_LENGTH_MEASURE(0.1),#9019);
#9018 = DRAUGHTING_PRE_DEFINED_CURVE_FONT('continuous');
#9019 = COLOUR_RGB('',9.803921802644E-02,9.803921802644E-02,
  9.803921802644E-02);
ENDSEC;
END-ISO-10303-21;
