ISO-10303-21;
HEADER;
FILE_DESCRIPTION(('FreeCAD Model'),'2;1');
FILE_NAME('Open CASCADE Shape Model','2026-02-12T01:20:18',('Author'),(
    ''),'Open CASCADE STEP processor 7.8','FreeCAD','Unknown');
FILE_SCHEMA(('AUTOMOTIVE_DESIGN { 1 0 10303 214 1 1 1 1 }'));
ENDSEC;
DATA;
#1 = APPLICATION_PROTOCOL_DEFINITION('international standard',
  'automotive_design',2000,#2);
#2 = APPLICATION_CONTEXT(
  'core data for automotive mechanical design processes');
#3 = SHAPE_DEFINITION_REPRESENTATION(#4,#10);
#4 = PRODUCT_DEFINITION_SHAPE('','',#5);
#5 = PRODUCT_DEFINITION('design','',#6,#9);
#6 = PRODUCT_DEFINITION_FORMATION('','',#7);
#7 = PRODUCT('Body','Body','',(#8));
#8 = PRODUCT_CONTEXT('',#2,'mechanical');
#9 = PRODUCT_DEFINITION_CONTEXT('part definition',#2,'design');
#10 = ADVANCED_BREP_SHAPE_REPRESENTATION('',(#11,#15),#3255);
#11 = AXIS2_PLACEMENT_3D('',#12,#13,#14);
#12 = CARTESIAN_POINT('',(0.,0.,0.));
#13 = DIRECTION('',(0.,0.,1.));
#14 = DIRECTION('',(1.,0.,-0.));
#15 = MANIFOLD_SOLID_BREP('',#16);
#16 = CLOSED_SHELL('',(#17,#57,#93,#129,#162,#198,#234,#265,#298,#331,
    #364,#395,#431,#467,#500,#536,#572,#603,#636,#669,#702,#733,#769,
    #805,#838,#874,#910,#941,#974,#1007,#1040,#1071,#1107,#1143,#1176,
    #1212,#1248,#1279,#1312,#1345,#1378,#1409,#1445,#1481,#1514,#1550,
    #1586,#1617,#1650,#1683,#1716,#1747,#1783,#1819,#1852,#1888,#1924,
    #1955,#1988,#2021,#2054,#2085,#2121,#2157,#2190,#2226,#2262,#2293,
    #2326,#2359,#2392,#2423,#2459,#2495,#2528,#2564,#2600,#2631,#2664,
    #2697,#2730,#2761,#2797,#2833,#2866,#2902,#2938,#2969,#3002,#3035,
    #3059,#3157));
#17 = ADVANCED_FACE('',(#18),#52,.F.);
#18 = FACE_BOUND('',#19,.F.);
#19 = EDGE_LOOP('',(#20,#30,#38,#46));
#20 = ORIENTED_EDGE('',*,*,#21,.T.);
#21 = EDGE_CURVE('',#22,#24,#26,.T.);
#22 = VERTEX_POINT('',#23);
#23 = CARTESIAN_POINT('',(5.347590849422,-1.02532780474,0.));
#24 = VERTEX_POINT('',#25);
#25 = CARTESIAN_POINT('',(5.347590849422,-1.02532780474,10.));
#26 = LINE('',#27,#28);
#27 = CARTESIAN_POINT('',(5.347590849422,-1.02532780474,0.));
#28 = VECTOR('',#29,1.);
#29 = DIRECTION('',(0.,0.,1.));
#30 = ORIENTED_EDGE('',*,*,#31,.T.);
#31 = EDGE_CURVE('',#24,#32,#34,.T.);
#32 = VERTEX_POINT('',#33);
#33 = CARTESIAN_POINT('',(6.252482361476,-1.197444518365,10.));
#34 = LINE('',#35,#36);
#35 = CARTESIAN_POINT('',(5.347590849422,-1.02532780474,10.));
#36 = VECTOR('',#37,1.);
#37 = DIRECTION('',(0.982387138269,-0.186856925382,0.));
#38 = ORIENTED_EDGE('',*,*,#39,.F.);
#39 = EDGE_CURVE('',#40,#32,#42,.T.);
#40 = VERTEX_POINT('',#41);
#41 = CARTESIAN_POINT('',(6.252482361476,-1.197444518365,0.));
#42 = LINE('',#43,#44);
#43 = CARTESIAN_POINT('',(6.252482361476,-1.197444518365,0.));
#44 = VECTOR('',#45,1.);
#45 = DIRECTION('',(0.,0.,1.));
#46 = ORIENTED_EDGE('',*,*,#47,.F.);
#47 = EDGE_CURVE('',#22,#40,#48,.T.);
#48 = LINE('',#49,#50);
#49 = CARTESIAN_POINT('',(5.347590849422,-1.02532780474,0.));
#50 = VECTOR('',#51,1.);
#51 = DIRECTION('',(0.982387138269,-0.186856925382,0.));
#52 = PLANE('',#53);
#53 = AXIS2_PLACEMENT_3D('',#54,#55,#56);
#54 = CARTESIAN_POINT('',(5.347590849422,-1.02532780474,0.));
#55 = DIRECTION('',(0.186856925382,0.982387138269,0.));
#56 = DIRECTION('',(0.982387138269,-0.186856925382,0.));
#57 = ADVANCED_FACE('',(#58),#85,.F.);
#58 = FACE_BOUND('',#59,.F.);
#59 = EDGE_LOOP('',(#60,#61,#70,#78));
#60 = ORIENTED_EDGE('',*,*,#39,.T.);
#61 = ORIENTED_EDGE('',*,*,#62,.T.);
#62 = EDGE_CURVE('',#32,#63,#65,.T.);
#63 = VERTEX_POINT('',#64);
#64 = CARTESIAN_POINT('',(6.790473977033,-1.142805957667,10.));
#65 = B_SPLINE_CURVE_WITH_KNOTS('',3,(#66,#67,#68,#69),.UNSPECIFIED.,.F.
  ,.F.,(4,4),(0.,1.),.PIECEWISE_BEZIER_KNOTS.);
#66 = CARTESIAN_POINT('',(6.252482361476,-1.197444518365,10.));
#67 = CARTESIAN_POINT('',(6.311743797148,-1.203667491393,10.));
#68 = CARTESIAN_POINT('',(6.489332912231,-1.212455422902,10.));
#69 = CARTESIAN_POINT('',(6.790473977033,-1.142805957667,10.));
#70 = ORIENTED_EDGE('',*,*,#71,.F.);
#71 = EDGE_CURVE('',#72,#63,#74,.T.);
#72 = VERTEX_POINT('',#73);
#73 = CARTESIAN_POINT('',(6.790473977033,-1.142805957667,0.));
#74 = LINE('',#75,#76);
#75 = CARTESIAN_POINT('',(6.790473977033,-1.142805957667,0.));
#76 = VECTOR('',#77,1.);
#77 = DIRECTION('',(0.,0.,1.));
#78 = ORIENTED_EDGE('',*,*,#79,.F.);
#79 = EDGE_CURVE('',#40,#72,#80,.T.);
#80 = B_SPLINE_CURVE_WITH_KNOTS('',3,(#81,#82,#83,#84),.UNSPECIFIED.,.F.
  ,.F.,(4,4),(0.,1.),.PIECEWISE_BEZIER_KNOTS.);
#81 = CARTESIAN_POINT('',(6.252482361476,-1.197444518365,0.));
#82 = CARTESIAN_POINT('',(6.311743797148,-1.203667491393,0.));
#83 = CARTESIAN_POINT('',(6.489332912231,-1.212455422902,0.));
#84 = CARTESIAN_POINT('',(6.790473977033,-1.142805957667,0.));
#85 = SURFACE_OF_LINEAR_EXTRUSION('',#86,#91);
#86 = B_SPLINE_CURVE_WITH_KNOTS('',3,(#87,#88,#89,#90),.UNSPECIFIED.,.F.
  ,.F.,(4,4),(0.,1.),.PIECEWISE_BEZIER_KNOTS.);
#87 = CARTESIAN_POINT('',(6.252482361476,-1.197444518365,0.));
#88 = CARTESIAN_POINT('',(6.311743797148,-1.203667491393,0.));
#89 = CARTESIAN_POINT('',(6.489332912231,-1.212455422902,0.));
#90 = CARTESIAN_POINT('',(6.790473977033,-1.142805957667,0.));
#91 = VECTOR('',#92,1.);
#92 = DIRECTION('',(-0.,-0.,-1.));
#93 = ADVANCED_FACE('',(#94),#121,.F.);
#94 = FACE_BOUND('',#95,.F.);
#95 = EDGE_LOOP('',(#96,#97,#106,#114));
#96 = ORIENTED_EDGE('',*,*,#71,.T.);
#97 = ORIENTED_EDGE('',*,*,#98,.T.);
#98 = EDGE_CURVE('',#63,#99,#101,.T.);
#99 = VERTEX_POINT('',#100);
#100 = CARTESIAN_POINT('',(8.24158893677,-0.423630637368,10.));
#101 = B_SPLINE_CURVE_WITH_KNOTS('',3,(#102,#103,#104,#105),
  .UNSPECIFIED.,.F.,.F.,(4,4),(0.,1.),.PIECEWISE_BEZIER_KNOTS.);
#102 = CARTESIAN_POINT('',(6.790473977033,-1.142805957667,10.));
#103 = CARTESIAN_POINT('',(7.147393167162,-1.05724594641,10.));
#104 = CARTESIAN_POINT('',(7.651445437118,-0.861705445022,10.));
#105 = CARTESIAN_POINT('',(8.24158893677,-0.423630637368,10.));
#106 = ORIENTED_EDGE('',*,*,#107,.F.);
#107 = EDGE_CURVE('',#108,#99,#110,.T.);
#108 = VERTEX_POINT('',#109);
#109 = CARTESIAN_POINT('',(8.24158893677,-0.423630637368,0.));
#110 = LINE('',#111,#112);
#111 = CARTESIAN_POINT('',(8.24158893677,-0.423630637368,0.));
#112 = VECTOR('',#113,1.);
#113 = DIRECTION('',(0.,0.,1.));
#114 = ORIENTED_EDGE('',*,*,#115,.F.);
#115 = EDGE_CURVE('',#72,#108,#116,.T.);
#116 = B_SPLINE_CURVE_WITH_KNOTS('',3,(#117,#118,#119,#120),
  .UNSPECIFIED.,.F.,.F.,(4,4),(0.,1.),.PIECEWISE_BEZIER_KNOTS.);
#117 = CARTESIAN_POINT('',(6.790473977033,-1.142805957667,0.));
#118 = CARTESIAN_POINT('',(7.147393167162,-1.05724594641,0.));
#119 = CARTESIAN_POINT('',(7.651445437118,-0.861705445022,0.));
#120 = CARTESIAN_POINT('',(8.24158893677,-0.423630637368,0.));
#121 = SURFACE_OF_LINEAR_EXTRUSION('',#122,#127);
#122 = B_SPLINE_CURVE_WITH_KNOTS('',3,(#123,#124,#125,#126),
  .UNSPECIFIED.,.F.,.F.,(4,4),(0.,1.),.PIECEWISE_BEZIER_KNOTS.);
#123 = CARTESIAN_POINT('',(6.790473977033,-1.142805957667,0.));
#124 = CARTESIAN_POINT('',(7.147393167162,-1.05724594641,0.));
#125 = CARTESIAN_POINT('',(7.651445437118,-0.861705445022,0.));
#126 = CARTESIAN_POINT('',(8.24158893677,-0.423630637368,0.));
#127 = VECTOR('',#128,1.);
#128 = DIRECTION('',(-0.,-0.,-1.));
#129 = ADVANCED_FACE('',(#130),#157,.T.);
#130 = FACE_BOUND('',#131,.F.);
#131 = EDGE_LOOP('',(#132,#133,#142,#150));
#132 = ORIENTED_EDGE('',*,*,#107,.T.);
#133 = ORIENTED_EDGE('',*,*,#134,.T.);
#134 = EDGE_CURVE('',#99,#135,#137,.T.);
#135 = VERTEX_POINT('',#136);
#136 = CARTESIAN_POINT('',(8.239056852075,0.42478487293,10.));
#137 = CIRCLE('',#138,8.250000000001);
#138 = AXIS2_PLACEMENT_3D('',#139,#140,#141);
#139 = CARTESIAN_POINT('',(1.273098341113E-03,-2.401221566694E-02,10.));
#140 = DIRECTION('',(-0.,0.,1.));
#141 = DIRECTION('',(0.998826162234,-4.843859656985E-02,0.));
#142 = ORIENTED_EDGE('',*,*,#143,.F.);
#143 = EDGE_CURVE('',#144,#135,#146,.T.);
#144 = VERTEX_POINT('',#145);
#145 = CARTESIAN_POINT('',(8.239056852075,0.42478487293,0.));
#146 = LINE('',#147,#148);
#147 = CARTESIAN_POINT('',(8.239056852075,0.42478487293,0.));
#148 = VECTOR('',#149,1.);
#149 = DIRECTION('',(0.,0.,1.));
#150 = ORIENTED_EDGE('',*,*,#151,.F.);
#151 = EDGE_CURVE('',#108,#144,#152,.T.);
#152 = CIRCLE('',#153,8.250000000001);
#153 = AXIS2_PLACEMENT_3D('',#154,#155,#156);
#154 = CARTESIAN_POINT('',(1.273098341113E-03,-2.401221566694E-02,0.));
#155 = DIRECTION('',(-0.,0.,1.));
#156 = DIRECTION('',(0.998826162234,-4.843859656985E-02,0.));
#157 = CYLINDRICAL_SURFACE('',#158,8.250000000001);
#158 = AXIS2_PLACEMENT_3D('',#159,#160,#161);
#159 = CARTESIAN_POINT('',(1.273098341113E-03,-2.401221566694E-02,0.));
#160 = DIRECTION('',(0.,0.,-1.));
#161 = DIRECTION('',(0.998826162234,-4.843859656985E-02,0.));
#162 = ADVANCED_FACE('',(#163),#190,.F.);
#163 = FACE_BOUND('',#164,.F.);
#164 = EDGE_LOOP('',(#165,#166,#175,#183));
#165 = ORIENTED_EDGE('',*,*,#143,.T.);
#166 = ORIENTED_EDGE('',*,*,#167,.T.);
#167 = EDGE_CURVE('',#135,#168,#170,.T.);
#168 = VERTEX_POINT('',#169);
#169 = CARTESIAN_POINT('',(6.790473977033,1.142805957667,10.));
#170 = B_SPLINE_CURVE_WITH_KNOTS('',3,(#171,#172,#173,#174),
  .UNSPECIFIED.,.F.,.F.,(4,4),(0.,1.),.PIECEWISE_BEZIER_KNOTS.);
#171 = CARTESIAN_POINT('',(8.239056852075,0.42478487293,10.));
#172 = CARTESIAN_POINT('',(7.651445437118,0.861705445022,10.));
#173 = CARTESIAN_POINT('',(7.147393167162,1.05724594641,10.));
#174 = CARTESIAN_POINT('',(6.790473977033,1.142805957667,10.));
#175 = ORIENTED_EDGE('',*,*,#176,.F.);
#176 = EDGE_CURVE('',#177,#168,#179,.T.);
#177 = VERTEX_POINT('',#178);
#178 = CARTESIAN_POINT('',(6.790473977033,1.142805957667,0.));
#179 = LINE('',#180,#181);
#180 = CARTESIAN_POINT('',(6.790473977033,1.142805957667,0.));
#181 = VECTOR('',#182,1.);
#182 = DIRECTION('',(0.,0.,1.));
#183 = ORIENTED_EDGE('',*,*,#184,.F.);
#184 = EDGE_CURVE('',#144,#177,#185,.T.);
#185 = B_SPLINE_CURVE_WITH_KNOTS('',3,(#186,#187,#188,#189),
  .UNSPECIFIED.,.F.,.F.,(4,4),(0.,1.),.PIECEWISE_BEZIER_KNOTS.);
#186 = CARTESIAN_POINT('',(8.239056852075,0.42478487293,0.));
#187 = CARTESIAN_POINT('',(7.651445437118,0.861705445022,0.));
#188 = CARTESIAN_POINT('',(7.147393167162,1.05724594641,0.));
#189 = CARTESIAN_POINT('',(6.790473977033,1.142805957667,0.));
#190 = SURFACE_OF_LINEAR_EXTRUSION('',#191,#196);
#191 = B_SPLINE_CURVE_WITH_KNOTS('',3,(#192,#193,#194,#195),
  .UNSPECIFIED.,.F.,.F.,(4,4),(0.,1.),.PIECEWISE_BEZIER_KNOTS.);
#192 = CARTESIAN_POINT('',(8.239056852075,0.42478487293,0.));
#193 = CARTESIAN_POINT('',(7.651445437118,0.861705445022,0.));
#194 = CARTESIAN_POINT('',(7.147393167162,1.05724594641,0.));
#195 = CARTESIAN_POINT('',(6.790473977033,1.142805957667,0.));
#196 = VECTOR('',#197,1.);
#197 = DIRECTION('',(-0.,-0.,-1.));
#198 = ADVANCED_FACE('',(#199),#226,.F.);
#199 = FACE_BOUND('',#200,.F.);
#200 = EDGE_LOOP('',(#201,#202,#211,#219));
#201 = ORIENTED_EDGE('',*,*,#176,.T.);
#202 = ORIENTED_EDGE('',*,*,#203,.T.);
#203 = EDGE_CURVE('',#168,#204,#206,.T.);
#204 = VERTEX_POINT('',#205);
#205 = CARTESIAN_POINT('',(6.252482361476,1.197444518365,10.));
#206 = B_SPLINE_CURVE_WITH_KNOTS('',3,(#207,#208,#209,#210),
  .UNSPECIFIED.,.F.,.F.,(4,4),(0.,1.),.PIECEWISE_BEZIER_KNOTS.);
#207 = CARTESIAN_POINT('',(6.790473977033,1.142805957667,10.));
#208 = CARTESIAN_POINT('',(6.489332912231,1.212455422902,10.));
#209 = CARTESIAN_POINT('',(6.311743797148,1.203667491393,10.));
#210 = CARTESIAN_POINT('',(6.252482361476,1.197444518365,10.));
#211 = ORIENTED_EDGE('',*,*,#212,.F.);
#212 = EDGE_CURVE('',#213,#204,#215,.T.);
#213 = VERTEX_POINT('',#214);
#214 = CARTESIAN_POINT('',(6.252482361476,1.197444518365,0.));
#215 = LINE('',#216,#217);
#216 = CARTESIAN_POINT('',(6.252482361476,1.197444518365,0.));
#217 = VECTOR('',#218,1.);
#218 = DIRECTION('',(0.,0.,1.));
#219 = ORIENTED_EDGE('',*,*,#220,.F.);
#220 = EDGE_CURVE('',#177,#213,#221,.T.);
#221 = B_SPLINE_CURVE_WITH_KNOTS('',3,(#222,#223,#224,#225),
  .UNSPECIFIED.,.F.,.F.,(4,4),(0.,1.),.PIECEWISE_BEZIER_KNOTS.);
#222 = CARTESIAN_POINT('',(6.790473977033,1.142805957667,0.));
#223 = CARTESIAN_POINT('',(6.489332912231,1.212455422902,0.));
#224 = CARTESIAN_POINT('',(6.311743797148,1.203667491393,0.));
#225 = CARTESIAN_POINT('',(6.252482361476,1.197444518365,0.));
#226 = SURFACE_OF_LINEAR_EXTRUSION('',#227,#232);
#227 = B_SPLINE_CURVE_WITH_KNOTS('',3,(#228,#229,#230,#231),
  .UNSPECIFIED.,.F.,.F.,(4,4),(0.,1.),.PIECEWISE_BEZIER_KNOTS.);
#228 = CARTESIAN_POINT('',(6.790473977033,1.142805957667,0.));
#229 = CARTESIAN_POINT('',(6.489332912231,1.212455422902,0.));
#230 = CARTESIAN_POINT('',(6.311743797148,1.203667491393,0.));
#231 = CARTESIAN_POINT('',(6.252482361476,1.197444518365,0.));
#232 = VECTOR('',#233,1.);
#233 = DIRECTION('',(-0.,-0.,-1.));
#234 = ADVANCED_FACE('',(#235),#260,.F.);
#235 = FACE_BOUND('',#236,.F.);
#236 = EDGE_LOOP('',(#237,#238,#246,#254));
#237 = ORIENTED_EDGE('',*,*,#212,.T.);
#238 = ORIENTED_EDGE('',*,*,#239,.T.);
#239 = EDGE_CURVE('',#204,#240,#242,.T.);
#240 = VERTEX_POINT('',#241);
#241 = CARTESIAN_POINT('',(5.347590849422,1.02532780474,10.));
#242 = LINE('',#243,#244);
#243 = CARTESIAN_POINT('',(6.252482361476,1.197444518365,10.));
#244 = VECTOR('',#245,1.);
#245 = DIRECTION('',(-0.982387138269,-0.186856925382,0.));
#246 = ORIENTED_EDGE('',*,*,#247,.F.);
#247 = EDGE_CURVE('',#248,#240,#250,.T.);
#248 = VERTEX_POINT('',#249);
#249 = CARTESIAN_POINT('',(5.347590849422,1.02532780474,0.));
#250 = LINE('',#251,#252);
#251 = CARTESIAN_POINT('',(5.347590849422,1.02532780474,0.));
#252 = VECTOR('',#253,1.);
#253 = DIRECTION('',(0.,0.,1.));
#254 = ORIENTED_EDGE('',*,*,#255,.F.);
#255 = EDGE_CURVE('',#213,#248,#256,.T.);
#256 = LINE('',#257,#258);
#257 = CARTESIAN_POINT('',(6.252482361476,1.197444518365,0.));
#258 = VECTOR('',#259,1.);
#259 = DIRECTION('',(-0.982387138269,-0.186856925382,0.));
#260 = PLANE('',#261);
#261 = AXIS2_PLACEMENT_3D('',#262,#263,#264);
#262 = CARTESIAN_POINT('',(6.252482361476,1.197444518365,0.));
#263 = DIRECTION('',(0.186856925382,-0.982387138269,0.));
#264 = DIRECTION('',(-0.982387138269,-0.186856925382,0.));
#265 = ADVANCED_FACE('',(#266),#293,.F.);
#266 = FACE_BOUND('',#267,.F.);
#267 = EDGE_LOOP('',(#268,#269,#278,#286));
#268 = ORIENTED_EDGE('',*,*,#247,.T.);
#269 = ORIENTED_EDGE('',*,*,#270,.T.);
#270 = EDGE_CURVE('',#240,#271,#273,.T.);
#271 = VERTEX_POINT('',#272);
#272 = CARTESIAN_POINT('',(4.666191753957,1.411481319501,10.));
#273 = CIRCLE('',#274,0.57);
#274 = AXIS2_PLACEMENT_3D('',#275,#276,#277);
#275 = CARTESIAN_POINT('',(5.211098267151,1.578744261837,10.));
#276 = DIRECTION('',(0.,0.,-1.));
#277 = DIRECTION('',(0.239460670651,-0.970906065081,0.));
#278 = ORIENTED_EDGE('',*,*,#279,.F.);
#279 = EDGE_CURVE('',#280,#271,#282,.T.);
#280 = VERTEX_POINT('',#281);
#281 = CARTESIAN_POINT('',(4.666191753957,1.411481319501,0.));
#282 = LINE('',#283,#284);
#283 = CARTESIAN_POINT('',(4.666191753957,1.411481319501,0.));
#284 = VECTOR('',#285,1.);
#285 = DIRECTION('',(0.,0.,1.));
#286 = ORIENTED_EDGE('',*,*,#287,.F.);
#287 = EDGE_CURVE('',#248,#280,#288,.T.);
#288 = CIRCLE('',#289,0.57);
#289 = AXIS2_PLACEMENT_3D('',#290,#291,#292);
#290 = CARTESIAN_POINT('',(5.211098267151,1.578744261837,0.));
#291 = DIRECTION('',(0.,0.,-1.));
#292 = DIRECTION('',(0.239460670651,-0.970906065081,0.));
#293 = CYLINDRICAL_SURFACE('',#294,0.57);
#294 = AXIS2_PLACEMENT_3D('',#295,#296,#297);
#295 = CARTESIAN_POINT('',(5.211098267151,1.578744261837,0.));
#296 = DIRECTION('',(0.,0.,-1.));
#297 = DIRECTION('',(0.239460670651,-0.970906065081,0.));
#298 = ADVANCED_FACE('',(#299),#326,.T.);
#299 = FACE_BOUND('',#300,.F.);
#300 = EDGE_LOOP('',(#301,#302,#311,#319));
#301 = ORIENTED_EDGE('',*,*,#279,.T.);
#302 = ORIENTED_EDGE('',*,*,#303,.T.);
#303 = EDGE_CURVE('',#271,#304,#306,.T.);
#304 = VERTEX_POINT('',#305);
#305 = CARTESIAN_POINT('',(4.481792967126,1.918112822495,10.));
#306 = CIRCLE('',#307,4.874999999999);
#307 = AXIS2_PLACEMENT_3D('',#308,#309,#310);
#308 = CARTESIAN_POINT('',(5.515587986338E-13,2.026157019941E-13,10.));
#309 = DIRECTION('',(0.,-0.,1.));
#310 = DIRECTION('',(0.957167539273,0.289534629641,0.));
#311 = ORIENTED_EDGE('',*,*,#312,.F.);
#312 = EDGE_CURVE('',#313,#304,#315,.T.);
#313 = VERTEX_POINT('',#314);
#314 = CARTESIAN_POINT('',(4.481792967126,1.918112822495,0.));
#315 = LINE('',#316,#317);
#316 = CARTESIAN_POINT('',(4.481792967126,1.918112822495,0.));
#317 = VECTOR('',#318,1.);
#318 = DIRECTION('',(0.,0.,1.));
#319 = ORIENTED_EDGE('',*,*,#320,.F.);
#320 = EDGE_CURVE('',#280,#313,#321,.T.);
#321 = CIRCLE('',#322,4.874999999999);
#322 = AXIS2_PLACEMENT_3D('',#323,#324,#325);
#323 = CARTESIAN_POINT('',(5.515587986338E-13,2.026157019941E-13,0.));
#324 = DIRECTION('',(0.,-0.,1.));
#325 = DIRECTION('',(0.957167539273,0.289534629641,0.));
#326 = CYLINDRICAL_SURFACE('',#327,4.874999999999);
#327 = AXIS2_PLACEMENT_3D('',#328,#329,#330);
#328 = CARTESIAN_POINT('',(5.515587986338E-13,2.026157019941E-13,0.));
#329 = DIRECTION('',(0.,0.,-1.));
#330 = DIRECTION('',(0.957167539273,0.289534629641,0.));
#331 = ADVANCED_FACE('',(#332),#359,.F.);
#332 = FACE_BOUND('',#333,.F.);
#333 = EDGE_LOOP('',(#334,#335,#344,#352));
#334 = ORIENTED_EDGE('',*,*,#312,.T.);
#335 = ORIENTED_EDGE('',*,*,#336,.T.);
#336 = EDGE_CURVE('',#304,#337,#339,.T.);
#337 = VERTEX_POINT('',#338);
#338 = CARTESIAN_POINT('',(4.755560263028,2.651918472485,10.));
#339 = CIRCLE('',#340,0.57);
#340 = AXIS2_PLACEMENT_3D('',#341,#342,#343);
#341 = CARTESIAN_POINT('',(5.006730120471,2.140241130098,10.));
#342 = DIRECTION('',(0.,0.,-1.));
#343 = DIRECTION('',(-0.920942374289,-0.389698785268,-0.));
#344 = ORIENTED_EDGE('',*,*,#345,.F.);
#345 = EDGE_CURVE('',#346,#337,#348,.T.);
#346 = VERTEX_POINT('',#347);
#347 = CARTESIAN_POINT('',(4.755560263028,2.651918472485,0.));
#348 = LINE('',#349,#350);
#349 = CARTESIAN_POINT('',(4.755560263028,2.651918472485,0.));
#350 = VECTOR('',#351,1.);
#351 = DIRECTION('',(0.,0.,1.));
#352 = ORIENTED_EDGE('',*,*,#353,.F.);
#353 = EDGE_CURVE('',#313,#346,#354,.T.);
#354 = CIRCLE('',#355,0.57);
#355 = AXIS2_PLACEMENT_3D('',#356,#357,#358);
#356 = CARTESIAN_POINT('',(5.006730120471,2.140241130098,0.));
#357 = DIRECTION('',(0.,0.,-1.));
#358 = DIRECTION('',(-0.920942374289,-0.389698785268,-0.));
#359 = CYLINDRICAL_SURFACE('',#360,0.57);
#360 = AXIS2_PLACEMENT_3D('',#361,#362,#363);
#361 = CARTESIAN_POINT('',(5.006730120471,2.140241130098,0.));
#362 = DIRECTION('',(0.,0.,-1.));
#363 = DIRECTION('',(-0.920942374289,-0.389698785268,-0.));
#364 = ADVANCED_FACE('',(#365),#390,.F.);
#365 = FACE_BOUND('',#366,.F.);
#366 = EDGE_LOOP('',(#367,#368,#376,#384));
#367 = ORIENTED_EDGE('',*,*,#345,.T.);
#368 = ORIENTED_EDGE('',*,*,#369,.T.);
#369 = EDGE_CURVE('',#337,#370,#372,.T.);
#370 = VERTEX_POINT('',#371);
#371 = CARTESIAN_POINT('',(5.5593818684,3.101722472503,10.));
#372 = LINE('',#373,#374);
#373 = CARTESIAN_POINT('',(4.755560263028,2.651918472485,10.));
#374 = VECTOR('',#375,1.);
#375 = DIRECTION('',(0.872661524682,0.488325571048,0.));
#376 = ORIENTED_EDGE('',*,*,#377,.F.);
#377 = EDGE_CURVE('',#378,#370,#380,.T.);
#378 = VERTEX_POINT('',#379);
#379 = CARTESIAN_POINT('',(5.5593818684,3.101722472503,0.));
#380 = LINE('',#381,#382);
#381 = CARTESIAN_POINT('',(5.5593818684,3.101722472503,0.));
#382 = VECTOR('',#383,1.);
#383 = DIRECTION('',(0.,0.,1.));
#384 = ORIENTED_EDGE('',*,*,#385,.F.);
#385 = EDGE_CURVE('',#346,#378,#386,.T.);
#386 = LINE('',#387,#388);
#387 = CARTESIAN_POINT('',(4.755560263028,2.651918472485,0.));
#388 = VECTOR('',#389,1.);
#389 = DIRECTION('',(0.872661524682,0.488325571048,0.));
#390 = PLANE('',#391);
#391 = AXIS2_PLACEMENT_3D('',#392,#393,#394);
#392 = CARTESIAN_POINT('',(4.755560263028,2.651918472485,0.));
#393 = DIRECTION('',(-0.488325571048,0.872661524682,0.));
#394 = DIRECTION('',(0.872661524682,0.488325571048,0.));
#395 = ADVANCED_FACE('',(#396),#423,.F.);
#396 = FACE_BOUND('',#397,.F.);
#397 = EDGE_LOOP('',(#398,#399,#408,#416));
#398 = ORIENTED_EDGE('',*,*,#377,.T.);
#399 = ORIENTED_EDGE('',*,*,#400,.T.);
#400 = EDGE_CURVE('',#370,#401,#403,.T.);
#401 = VERTEX_POINT('',#402);
#402 = CARTESIAN_POINT('',(5.936386366114,3.489392382902,10.));
#403 = B_SPLINE_CURVE_WITH_KNOTS('',3,(#404,#405,#406,#407),
  .UNSPECIFIED.,.F.,.F.,(4,4),(0.,1.),.PIECEWISE_BEZIER_KNOTS.);
#404 = CARTESIAN_POINT('',(5.5593818684,3.101722472503,10.));
#405 = CARTESIAN_POINT('',(5.608778811845,3.135047915178,10.));
#406 = CARTESIAN_POINT('',(5.750468740103,3.242468051869,10.));
#407 = CARTESIAN_POINT('',(5.936386366114,3.489392382902,10.));
#408 = ORIENTED_EDGE('',*,*,#409,.F.);
#409 = EDGE_CURVE('',#410,#401,#412,.T.);
#410 = VERTEX_POINT('',#411);
#411 = CARTESIAN_POINT('',(5.936386366114,3.489392382902,0.));
#412 = LINE('',#413,#414);
#413 = CARTESIAN_POINT('',(5.936386366114,3.489392382902,0.));
#414 = VECTOR('',#415,1.);
#415 = DIRECTION('',(0.,0.,1.));
#416 = ORIENTED_EDGE('',*,*,#417,.F.);
#417 = EDGE_CURVE('',#378,#410,#418,.T.);
#418 = B_SPLINE_CURVE_WITH_KNOTS('',3,(#419,#420,#421,#422),
  .UNSPECIFIED.,.F.,.F.,(4,4),(0.,1.),.PIECEWISE_BEZIER_KNOTS.);
#419 = CARTESIAN_POINT('',(5.5593818684,3.101722472503,0.));
#420 = CARTESIAN_POINT('',(5.608778811845,3.135047915178,0.));
#421 = CARTESIAN_POINT('',(5.750468740103,3.242468051869,0.));
#422 = CARTESIAN_POINT('',(5.936386366114,3.489392382902,0.));
#423 = SURFACE_OF_LINEAR_EXTRUSION('',#424,#429);
#424 = B_SPLINE_CURVE_WITH_KNOTS('',3,(#425,#426,#427,#428),
  .UNSPECIFIED.,.F.,.F.,(4,4),(0.,1.),.PIECEWISE_BEZIER_KNOTS.);
#425 = CARTESIAN_POINT('',(5.5593818684,3.101722472503,0.));
#426 = CARTESIAN_POINT('',(5.608778811845,3.135047915178,0.));
#427 = CARTESIAN_POINT('',(5.750468740103,3.242468051869,0.));
#428 = CARTESIAN_POINT('',(5.936386366114,3.489392382902,0.));
#429 = VECTOR('',#430,1.);
#430 = DIRECTION('',(-0.,-0.,-1.));
#431 = ADVANCED_FACE('',(#432),#459,.F.);
#432 = FACE_BOUND('',#433,.F.);
#433 = EDGE_LOOP('',(#434,#435,#444,#452));
#434 = ORIENTED_EDGE('',*,*,#409,.T.);
#435 = ORIENTED_EDGE('',*,*,#436,.T.);
#436 = EDGE_CURVE('',#401,#437,#439,.T.);
#437 = VERTEX_POINT('',#438);
#438 = CARTESIAN_POINT('',(6.585727932267,4.973071356994,10.));
#439 = B_SPLINE_CURVE_WITH_KNOTS('',3,(#440,#441,#442,#443),
  .UNSPECIFIED.,.F.,.F.,(4,4),(0.,1.),.PIECEWISE_BEZIER_KNOTS.);
#440 = CARTESIAN_POINT('',(5.936386366114,3.489392382902,10.));
#441 = CARTESIAN_POINT('',(6.154805413235,3.784358387152,10.));
#442 = CARTESIAN_POINT('',(6.415240842192,4.258149655408,10.));
#443 = CARTESIAN_POINT('',(6.585727932267,4.973071356994,10.));
#444 = ORIENTED_EDGE('',*,*,#445,.F.);
#445 = EDGE_CURVE('',#446,#437,#448,.T.);
#446 = VERTEX_POINT('',#447);
#447 = CARTESIAN_POINT('',(6.585727932267,4.973071356994,0.));
#448 = LINE('',#449,#450);
#449 = CARTESIAN_POINT('',(6.585727932267,4.973071356994,0.));
#450 = VECTOR('',#451,1.);
#451 = DIRECTION('',(0.,0.,1.));
#452 = ORIENTED_EDGE('',*,*,#453,.F.);
#453 = EDGE_CURVE('',#410,#446,#454,.T.);
#454 = B_SPLINE_CURVE_WITH_KNOTS('',3,(#455,#456,#457,#458),
  .UNSPECIFIED.,.F.,.F.,(4,4),(0.,1.),.PIECEWISE_BEZIER_KNOTS.);
#455 = CARTESIAN_POINT('',(5.936386366114,3.489392382902,0.));
#456 = CARTESIAN_POINT('',(6.154805413235,3.784358387152,0.));
#457 = CARTESIAN_POINT('',(6.415240842192,4.258149655408,0.));
#458 = CARTESIAN_POINT('',(6.585727932267,4.973071356994,0.));
#459 = SURFACE_OF_LINEAR_EXTRUSION('',#460,#465);
#460 = B_SPLINE_CURVE_WITH_KNOTS('',3,(#461,#462,#463,#464),
  .UNSPECIFIED.,.F.,.F.,(4,4),(0.,1.),.PIECEWISE_BEZIER_KNOTS.);
#461 = CARTESIAN_POINT('',(5.936386366114,3.489392382902,0.));
#462 = CARTESIAN_POINT('',(6.154805413235,3.784358387152,0.));
#463 = CARTESIAN_POINT('',(6.415240842192,4.258149655408,0.));
#464 = CARTESIAN_POINT('',(6.585727932267,4.973071356994,0.));
#465 = VECTOR('',#466,1.);
#466 = DIRECTION('',(-0.,-0.,-1.));
#467 = ADVANCED_FACE('',(#468),#495,.T.);
#468 = FACE_BOUND('',#469,.F.);
#469 = EDGE_LOOP('',(#470,#471,#480,#488));
#470 = ORIENTED_EDGE('',*,*,#445,.T.);
#471 = ORIENTED_EDGE('',*,*,#472,.T.);
#472 = EDGE_CURVE('',#437,#473,#475,.T.);
#473 = VERTEX_POINT('',#474);
#474 = CARTESIAN_POINT('',(6.038437264972,5.621367751446,10.));
#475 = CIRCLE('',#476,8.250000000001);
#476 = AXIS2_PLACEMENT_3D('',#477,#478,#479);
#477 = CARTESIAN_POINT('',(1.641000462204E-02,-1.757609253866E-02,10.));
#478 = DIRECTION('',(0.,-0.,1.));
#479 = DIRECTION('',(0.796280960927,0.60492696358,0.));
#480 = ORIENTED_EDGE('',*,*,#481,.F.);
#481 = EDGE_CURVE('',#482,#473,#484,.T.);
#482 = VERTEX_POINT('',#483);
#483 = CARTESIAN_POINT('',(6.038437264972,5.621367751446,0.));
#484 = LINE('',#485,#486);
#485 = CARTESIAN_POINT('',(6.038437264972,5.621367751446,0.));
#486 = VECTOR('',#487,1.);
#487 = DIRECTION('',(0.,0.,1.));
#488 = ORIENTED_EDGE('',*,*,#489,.F.);
#489 = EDGE_CURVE('',#446,#482,#490,.T.);
#490 = CIRCLE('',#491,8.250000000001);
#491 = AXIS2_PLACEMENT_3D('',#492,#493,#494);
#492 = CARTESIAN_POINT('',(1.641000462204E-02,-1.757609253866E-02,0.));
#493 = DIRECTION('',(0.,-0.,1.));
#494 = DIRECTION('',(0.796280960927,0.60492696358,0.));
#495 = CYLINDRICAL_SURFACE('',#496,8.250000000001);
#496 = AXIS2_PLACEMENT_3D('',#497,#498,#499);
#497 = CARTESIAN_POINT('',(1.641000462204E-02,-1.757609253866E-02,0.));
#498 = DIRECTION('',(0.,0.,-1.));
#499 = DIRECTION('',(0.796280960927,0.60492696358,0.));
#500 = ADVANCED_FACE('',(#501),#528,.F.);
#501 = FACE_BOUND('',#502,.F.);
#502 = EDGE_LOOP('',(#503,#504,#513,#521));
#503 = ORIENTED_EDGE('',*,*,#481,.T.);
#504 = ORIENTED_EDGE('',*,*,#505,.T.);
#505 = EDGE_CURVE('',#473,#506,#508,.T.);
#506 = VERTEX_POINT('',#507);
#507 = CARTESIAN_POINT('',(4.467223346386,5.240272689769,10.));
#508 = B_SPLINE_CURVE_WITH_KNOTS('',3,(#509,#510,#511,#512),
  .UNSPECIFIED.,.F.,.F.,(4,4),(0.,1.),.PIECEWISE_BEZIER_KNOTS.);
#509 = CARTESIAN_POINT('',(6.038437264972,5.621367751446,10.));
#510 = CARTESIAN_POINT('',(5.307453675673,5.578358990937,10.));
#511 = CARTESIAN_POINT('',(4.795636223747,5.404153151668,10.));
#512 = CARTESIAN_POINT('',(4.467223346386,5.240272689769,10.));
#513 = ORIENTED_EDGE('',*,*,#514,.F.);
#514 = EDGE_CURVE('',#515,#506,#517,.T.);
#515 = VERTEX_POINT('',#516);
#516 = CARTESIAN_POINT('',(4.467223346386,5.240272689769,0.));
#517 = LINE('',#518,#519);
#518 = CARTESIAN_POINT('',(4.467223346386,5.240272689769,0.));
#519 = VECTOR('',#520,1.);
#520 = DIRECTION('',(0.,0.,1.));
#521 = ORIENTED_EDGE('',*,*,#522,.F.);
#522 = EDGE_CURVE('',#482,#515,#523,.T.);
#523 = B_SPLINE_CURVE_WITH_KNOTS('',3,(#524,#525,#526,#527),
  .UNSPECIFIED.,.F.,.F.,(4,4),(0.,1.),.PIECEWISE_BEZIER_KNOTS.);
#524 = CARTESIAN_POINT('',(6.038437264972,5.621367751446,0.));
#525 = CARTESIAN_POINT('',(5.307453675673,5.578358990937,0.));
#526 = CARTESIAN_POINT('',(4.795636223747,5.404153151668,0.));
#527 = CARTESIAN_POINT('',(4.467223346386,5.240272689769,0.));
#528 = SURFACE_OF_LINEAR_EXTRUSION('',#529,#534);
#529 = B_SPLINE_CURVE_WITH_KNOTS('',3,(#530,#531,#532,#533),
  .UNSPECIFIED.,.F.,.F.,(4,4),(0.,1.),.PIECEWISE_BEZIER_KNOTS.);
#530 = CARTESIAN_POINT('',(6.038437264972,5.621367751446,0.));
#531 = CARTESIAN_POINT('',(5.307453675673,5.578358990937,0.));
#532 = CARTESIAN_POINT('',(4.795636223747,5.404153151668,0.));
#533 = CARTESIAN_POINT('',(4.467223346386,5.240272689769,0.));
#534 = VECTOR('',#535,1.);
#535 = DIRECTION('',(-0.,-0.,-1.));
#536 = ADVANCED_FACE('',(#537),#564,.F.);
#537 = FACE_BOUND('',#538,.F.);
#538 = EDGE_LOOP('',(#539,#540,#549,#557));
#539 = ORIENTED_EDGE('',*,*,#514,.T.);
#540 = ORIENTED_EDGE('',*,*,#541,.T.);
#541 = EDGE_CURVE('',#506,#542,#544,.T.);
#542 = VERTEX_POINT('',#543);
#543 = CARTESIAN_POINT('',(4.019976869016,4.936313910977,10.));
#544 = B_SPLINE_CURVE_WITH_KNOTS('',3,(#545,#546,#547,#548),
  .UNSPECIFIED.,.F.,.F.,(4,4),(0.,1.),.PIECEWISE_BEZIER_KNOTS.);
#545 = CARTESIAN_POINT('',(4.467223346386,5.240272689769,10.));
#546 = CARTESIAN_POINT('',(4.191766093825,5.100057530357,10.));
#547 = CARTESIAN_POINT('',(4.061373712546,4.979173501467,10.));
#548 = CARTESIAN_POINT('',(4.019976869016,4.936313910977,10.));
#549 = ORIENTED_EDGE('',*,*,#550,.F.);
#550 = EDGE_CURVE('',#551,#542,#553,.T.);
#551 = VERTEX_POINT('',#552);
#552 = CARTESIAN_POINT('',(4.019976869016,4.936313910977,0.));
#553 = LINE('',#554,#555);
#554 = CARTESIAN_POINT('',(4.019976869016,4.936313910977,0.));
#555 = VECTOR('',#556,1.);
#556 = DIRECTION('',(0.,0.,1.));
#557 = ORIENTED_EDGE('',*,*,#558,.F.);
#558 = EDGE_CURVE('',#515,#551,#559,.T.);
#559 = B_SPLINE_CURVE_WITH_KNOTS('',3,(#560,#561,#562,#563),
  .UNSPECIFIED.,.F.,.F.,(4,4),(0.,1.),.PIECEWISE_BEZIER_KNOTS.);
#560 = CARTESIAN_POINT('',(4.467223346386,5.240272689769,0.));
#561 = CARTESIAN_POINT('',(4.191766093825,5.100057530357,0.));
#562 = CARTESIAN_POINT('',(4.061373712546,4.979173501467,0.));
#563 = CARTESIAN_POINT('',(4.019976869016,4.936313910977,0.));
#564 = SURFACE_OF_LINEAR_EXTRUSION('',#565,#570);
#565 = B_SPLINE_CURVE_WITH_KNOTS('',3,(#566,#567,#568,#569),
  .UNSPECIFIED.,.F.,.F.,(4,4),(0.,1.),.PIECEWISE_BEZIER_KNOTS.);
#566 = CARTESIAN_POINT('',(4.467223346386,5.240272689769,0.));
#567 = CARTESIAN_POINT('',(4.191766093825,5.100057530357,0.));
#568 = CARTESIAN_POINT('',(4.061373712546,4.979173501467,0.));
#569 = CARTESIAN_POINT('',(4.019976869016,4.936313910977,0.));
#570 = VECTOR('',#571,1.);
#571 = DIRECTION('',(-0.,-0.,-1.));
#572 = ADVANCED_FACE('',(#573),#598,.F.);
#573 = FACE_BOUND('',#574,.F.);
#574 = EDGE_LOOP('',(#575,#576,#584,#592));
#575 = ORIENTED_EDGE('',*,*,#550,.T.);
#576 = ORIENTED_EDGE('',*,*,#577,.T.);
#577 = EDGE_CURVE('',#542,#578,#580,.T.);
#578 = VERTEX_POINT('',#579);
#579 = CARTESIAN_POINT('',(3.43742424552,4.222811806879,10.));
#580 = LINE('',#581,#582);
#581 = CARTESIAN_POINT('',(4.019976869016,4.936313910977,10.));
#582 = VECTOR('',#583,1.);
#583 = DIRECTION('',(-0.632442891843,-0.774606989742,0.));
#584 = ORIENTED_EDGE('',*,*,#585,.F.);
#585 = EDGE_CURVE('',#586,#578,#588,.T.);
#586 = VERTEX_POINT('',#587);
#587 = CARTESIAN_POINT('',(3.43742424552,4.222811806879,0.));
#588 = LINE('',#589,#590);
#589 = CARTESIAN_POINT('',(3.43742424552,4.222811806879,0.));
#590 = VECTOR('',#591,1.);
#591 = DIRECTION('',(0.,0.,1.));
#592 = ORIENTED_EDGE('',*,*,#593,.F.);
#593 = EDGE_CURVE('',#551,#586,#594,.T.);
#594 = LINE('',#595,#596);
#595 = CARTESIAN_POINT('',(4.019976869016,4.936313910977,0.));
#596 = VECTOR('',#597,1.);
#597 = DIRECTION('',(-0.632442891843,-0.774606989742,0.));
#598 = PLANE('',#599);
#599 = AXIS2_PLACEMENT_3D('',#600,#601,#602);
#600 = CARTESIAN_POINT('',(4.019976869016,4.936313910977,0.));
#601 = DIRECTION('',(0.774606989742,-0.632442891843,0.));
#602 = DIRECTION('',(-0.632442891843,-0.774606989742,0.));
#603 = ADVANCED_FACE('',(#604),#631,.F.);
#604 = FACE_BOUND('',#605,.F.);
#605 = EDGE_LOOP('',(#606,#607,#616,#624));
#606 = ORIENTED_EDGE('',*,*,#585,.T.);
#607 = ORIENTED_EDGE('',*,*,#608,.T.);
#608 = EDGE_CURVE('',#578,#609,#611,.T.);
#609 = VERTEX_POINT('',#610);
#610 = CARTESIAN_POINT('',(2.667227560167,4.080627665236,10.));
#611 = CIRCLE('',#612,0.57);
#612 = AXIS2_PLACEMENT_3D('',#613,#614,#615);
#613 = CARTESIAN_POINT('',(2.977135619726,4.55901766787,10.));
#614 = DIRECTION('',(0.,-0.,-1.));
#615 = DIRECTION('',(0.807523904901,-0.589834843844,0.));
#616 = ORIENTED_EDGE('',*,*,#617,.F.);
#617 = EDGE_CURVE('',#618,#609,#620,.T.);
#618 = VERTEX_POINT('',#619);
#619 = CARTESIAN_POINT('',(2.667227560167,4.080627665236,0.));
#620 = LINE('',#621,#622);
#621 = CARTESIAN_POINT('',(2.667227560167,4.080627665236,0.));
#622 = VECTOR('',#623,1.);
#623 = DIRECTION('',(0.,0.,1.));
#624 = ORIENTED_EDGE('',*,*,#625,.F.);
#625 = EDGE_CURVE('',#586,#618,#626,.T.);
#626 = CIRCLE('',#627,0.57);
#627 = AXIS2_PLACEMENT_3D('',#628,#629,#630);
#628 = CARTESIAN_POINT('',(2.977135619726,4.55901766787,0.));
#629 = DIRECTION('',(0.,-0.,-1.));
#630 = DIRECTION('',(0.807523904901,-0.589834843844,0.));
#631 = CYLINDRICAL_SURFACE('',#632,0.57);
#632 = AXIS2_PLACEMENT_3D('',#633,#634,#635);
#633 = CARTESIAN_POINT('',(2.977135619726,4.55901766787,0.));
#634 = DIRECTION('',(0.,0.,-1.));
#635 = DIRECTION('',(0.807523904901,-0.589834843844,0.));
#636 = ADVANCED_FACE('',(#637),#664,.T.);
#637 = FACE_BOUND('',#638,.F.);
#638 = EDGE_LOOP('',(#639,#640,#649,#657));
#639 = ORIENTED_EDGE('',*,*,#617,.T.);
#640 = ORIENTED_EDGE('',*,*,#641,.T.);
#641 = EDGE_CURVE('',#609,#642,#644,.T.);
#642 = VERTEX_POINT('',#643);
#643 = CARTESIAN_POINT('',(2.200313441396,4.350200657396,10.));
#644 = CIRCLE('',#645,4.875);
#645 = AXIS2_PLACEMENT_3D('',#646,#647,#648);
#646 = CARTESIAN_POINT('',(-5.928590951498E-14,-1.079136779936E-13,10.)
  );
#647 = DIRECTION('',(0.,-0.,1.));
#648 = DIRECTION('',(0.547123602086,0.837051828766,0.));
#649 = ORIENTED_EDGE('',*,*,#650,.F.);
#650 = EDGE_CURVE('',#651,#642,#653,.T.);
#651 = VERTEX_POINT('',#652);
#652 = CARTESIAN_POINT('',(2.200313441396,4.350200657396,0.));
#653 = LINE('',#654,#655);
#654 = CARTESIAN_POINT('',(2.200313441396,4.350200657396,0.));
#655 = VECTOR('',#656,1.);
#656 = DIRECTION('',(0.,0.,1.));
#657 = ORIENTED_EDGE('',*,*,#658,.F.);
#658 = EDGE_CURVE('',#618,#651,#659,.T.);
#659 = CIRCLE('',#660,4.875);
#660 = AXIS2_PLACEMENT_3D('',#661,#662,#663);
#661 = CARTESIAN_POINT('',(-5.928590951498E-14,-1.079136779936E-13,0.));
#662 = DIRECTION('',(0.,-0.,1.));
#663 = DIRECTION('',(0.547123602086,0.837051828766,0.));
#664 = CYLINDRICAL_SURFACE('',#665,4.875);
#665 = AXIS2_PLACEMENT_3D('',#666,#667,#668);
#666 = CARTESIAN_POINT('',(-5.928590951498E-14,-1.079136779936E-13,0.));
#667 = DIRECTION('',(0.,0.,-1.));
#668 = DIRECTION('',(0.547123602086,0.837051828766,0.));
#669 = ADVANCED_FACE('',(#670),#697,.F.);
#670 = FACE_BOUND('',#671,.F.);
#671 = EDGE_LOOP('',(#672,#673,#682,#690));
#672 = ORIENTED_EDGE('',*,*,#650,.T.);
#673 = ORIENTED_EDGE('',*,*,#674,.T.);
#674 = EDGE_CURVE('',#642,#675,#677,.T.);
#675 = VERTEX_POINT('',#676);
#676 = CARTESIAN_POINT('',(1.938350177398,5.088302623644,10.));
#677 = CIRCLE('',#678,0.57);
#678 = AXIS2_PLACEMENT_3D('',#679,#680,#681);
#679 = CARTESIAN_POINT('',(2.459657306814,4.857783911129,10.));
#680 = DIRECTION('',(0.,0.,-1.));
#681 = DIRECTION('',(-0.454989237576,-0.890496936373,-0.));
#682 = ORIENTED_EDGE('',*,*,#683,.F.);
#683 = EDGE_CURVE('',#684,#675,#686,.T.);
#684 = VERTEX_POINT('',#685);
#685 = CARTESIAN_POINT('',(1.938350177398,5.088302623644,0.));
#686 = LINE('',#687,#688);
#687 = CARTESIAN_POINT('',(1.938350177398,5.088302623644,0.));
#688 = VECTOR('',#689,1.);
#689 = DIRECTION('',(0.,0.,1.));
#690 = ORIENTED_EDGE('',*,*,#691,.F.);
#691 = EDGE_CURVE('',#651,#684,#692,.T.);
#692 = CIRCLE('',#693,0.57);
#693 = AXIS2_PLACEMENT_3D('',#694,#695,#696);
#694 = CARTESIAN_POINT('',(2.459657306814,4.857783911129,0.));
#695 = DIRECTION('',(0.,0.,-1.));
#696 = DIRECTION('',(-0.454989237576,-0.890496936373,-0.));
#697 = CYLINDRICAL_SURFACE('',#698,0.57);
#698 = AXIS2_PLACEMENT_3D('',#699,#700,#701);
#699 = CARTESIAN_POINT('',(2.459657306814,4.857783911129,0.));
#700 = DIRECTION('',(0.,0.,-1.));
#701 = DIRECTION('',(-0.454989237576,-0.890496936373,-0.));
#702 = ADVANCED_FACE('',(#703),#728,.F.);
#703 = FACE_BOUND('',#704,.F.);
#704 = EDGE_LOOP('',(#705,#706,#714,#722));
#705 = ORIENTED_EDGE('',*,*,#683,.T.);
#706 = ORIENTED_EDGE('',*,*,#707,.T.);
#707 = EDGE_CURVE('',#675,#708,#710,.T.);
#708 = VERTEX_POINT('',#709);
#709 = CARTESIAN_POINT('',(2.264984813453,5.949559046682,10.));
#710 = LINE('',#711,#712);
#711 = CARTESIAN_POINT('',(1.938350177398,5.088302623644,10.));
#712 = VECTOR('',#713,1.);
#713 = DIRECTION('',(0.354607885144,0.93501510565,0.));
#714 = ORIENTED_EDGE('',*,*,#715,.F.);
#715 = EDGE_CURVE('',#716,#708,#718,.T.);
#716 = VERTEX_POINT('',#717);
#717 = CARTESIAN_POINT('',(2.264984813453,5.949559046682,0.));
#718 = LINE('',#719,#720);
#719 = CARTESIAN_POINT('',(2.264984813453,5.949559046682,0.));
#720 = VECTOR('',#721,1.);
#721 = DIRECTION('',(0.,0.,1.));
#722 = ORIENTED_EDGE('',*,*,#723,.F.);
#723 = EDGE_CURVE('',#684,#716,#724,.T.);
#724 = LINE('',#725,#726);
#725 = CARTESIAN_POINT('',(1.938350177398,5.088302623644,0.));
#726 = VECTOR('',#727,1.);
#727 = DIRECTION('',(0.354607885144,0.93501510565,0.));
#728 = PLANE('',#729);
#729 = AXIS2_PLACEMENT_3D('',#730,#731,#732);
#730 = CARTESIAN_POINT('',(1.938350177398,5.088302623644,0.));
#731 = DIRECTION('',(-0.93501510565,0.354607885144,0.));
#732 = DIRECTION('',(0.354607885144,0.93501510565,0.));
#733 = ADVANCED_FACE('',(#734),#761,.F.);
#734 = FACE_BOUND('',#735,.F.);
#735 = EDGE_LOOP('',(#736,#737,#746,#754));
#736 = ORIENTED_EDGE('',*,*,#715,.T.);
#737 = ORIENTED_EDGE('',*,*,#738,.T.);
#738 = EDGE_CURVE('',#708,#739,#741,.T.);
#739 = VERTEX_POINT('',#740);
#740 = CARTESIAN_POINT('',(2.304597598905,6.488865247234,10.));
#741 = B_SPLINE_CURVE_WITH_KNOTS('',3,(#742,#743,#744,#745),
  .UNSPECIFIED.,.F.,.F.,(4,4),(0.,1.),.PIECEWISE_BEZIER_KNOTS.);
#742 = CARTESIAN_POINT('',(2.264984813453,5.949559046682,10.));
#743 = CARTESIAN_POINT('',(2.281403885847,6.006839560061,10.));
#744 = CARTESIAN_POINT('',(2.320896335139,6.180204689153,10.));
#745 = CARTESIAN_POINT('',(2.304597598905,6.488865247234,10.));
#746 = ORIENTED_EDGE('',*,*,#747,.F.);
#747 = EDGE_CURVE('',#748,#739,#750,.T.);
#748 = VERTEX_POINT('',#749);
#749 = CARTESIAN_POINT('',(2.304597598905,6.488865247234,0.));
#750 = LINE('',#751,#752);
#751 = CARTESIAN_POINT('',(2.304597598905,6.488865247234,0.));
#752 = VECTOR('',#753,1.);
#753 = DIRECTION('',(0.,0.,1.));
#754 = ORIENTED_EDGE('',*,*,#755,.F.);
#755 = EDGE_CURVE('',#716,#748,#756,.T.);
#756 = B_SPLINE_CURVE_WITH_KNOTS('',3,(#757,#758,#759,#760),
  .UNSPECIFIED.,.F.,.F.,(4,4),(0.,1.),.PIECEWISE_BEZIER_KNOTS.);
#757 = CARTESIAN_POINT('',(2.264984813453,5.949559046682,0.));
#758 = CARTESIAN_POINT('',(2.281403885847,6.006839560061,0.));
#759 = CARTESIAN_POINT('',(2.320896335139,6.180204689153,0.));
#760 = CARTESIAN_POINT('',(2.304597598905,6.488865247234,0.));
#761 = SURFACE_OF_LINEAR_EXTRUSION('',#762,#767);
#762 = B_SPLINE_CURVE_WITH_KNOTS('',3,(#763,#764,#765,#766),
  .UNSPECIFIED.,.F.,.F.,(4,4),(0.,1.),.PIECEWISE_BEZIER_KNOTS.);
#763 = CARTESIAN_POINT('',(2.264984813453,5.949559046682,0.));
#764 = CARTESIAN_POINT('',(2.281403885847,6.006839560061,0.));
#765 = CARTESIAN_POINT('',(2.320896335139,6.180204689153,0.));
#766 = CARTESIAN_POINT('',(2.304597598905,6.488865247234,0.));
#767 = VECTOR('',#768,1.);
#768 = DIRECTION('',(-0.,-0.,-1.));
#769 = ADVANCED_FACE('',(#770),#797,.F.);
#770 = FACE_BOUND('',#771,.F.);
#771 = EDGE_LOOP('',(#772,#773,#782,#790));
#772 = ORIENTED_EDGE('',*,*,#747,.T.);
#773 = ORIENTED_EDGE('',*,*,#774,.T.);
#774 = EDGE_CURVE('',#739,#775,#777,.T.);
#775 = VERTEX_POINT('',#776);
#776 = CARTESIAN_POINT('',(1.848331636044,8.042817993888,10.));
#777 = B_SPLINE_CURVE_WITH_KNOTS('',3,(#778,#779,#780,#781),
  .UNSPECIFIED.,.F.,.F.,(4,4),(0.,1.),.PIECEWISE_BEZIER_KNOTS.);
#778 = CARTESIAN_POINT('',(2.304597598905,6.488865247234,10.));
#779 = CARTESIAN_POINT('',(2.282315803413,6.855219372908,10.));
#780 = CARTESIAN_POINT('',(2.177273759744,7.38556920801,10.));
#781 = CARTESIAN_POINT('',(1.848331636044,8.042817993888,10.));
#782 = ORIENTED_EDGE('',*,*,#783,.F.);
#783 = EDGE_CURVE('',#784,#775,#786,.T.);
#784 = VERTEX_POINT('',#785);
#785 = CARTESIAN_POINT('',(1.848331636044,8.042817993888,0.));
#786 = LINE('',#787,#788);
#787 = CARTESIAN_POINT('',(1.848331636044,8.042817993888,0.));
#788 = VECTOR('',#789,1.);
#789 = DIRECTION('',(0.,0.,1.));
#790 = ORIENTED_EDGE('',*,*,#791,.F.);
#791 = EDGE_CURVE('',#748,#784,#792,.T.);
#792 = B_SPLINE_CURVE_WITH_KNOTS('',3,(#793,#794,#795,#796),
  .UNSPECIFIED.,.F.,.F.,(4,4),(0.,1.),.PIECEWISE_BEZIER_KNOTS.);
#793 = CARTESIAN_POINT('',(2.304597598905,6.488865247234,0.));
#794 = CARTESIAN_POINT('',(2.282315803413,6.855219372908,0.));
#795 = CARTESIAN_POINT('',(2.177273759744,7.38556920801,0.));
#796 = CARTESIAN_POINT('',(1.848331636044,8.042817993888,0.));
#797 = SURFACE_OF_LINEAR_EXTRUSION('',#798,#803);
#798 = B_SPLINE_CURVE_WITH_KNOTS('',3,(#799,#800,#801,#802),
  .UNSPECIFIED.,.F.,.F.,(4,4),(0.,1.),.PIECEWISE_BEZIER_KNOTS.);
#799 = CARTESIAN_POINT('',(2.304597598905,6.488865247234,0.));
#800 = CARTESIAN_POINT('',(2.282315803413,6.855219372908,0.));
#801 = CARTESIAN_POINT('',(2.177273759744,7.38556920801,0.));
#802 = CARTESIAN_POINT('',(1.848331636044,8.042817993888,0.));
#803 = VECTOR('',#804,1.);
#804 = DIRECTION('',(-0.,-0.,-1.));
#805 = ADVANCED_FACE('',(#806),#833,.T.);
#806 = FACE_BOUND('',#807,.F.);
#807 = EDGE_LOOP('',(#808,#809,#818,#826));
#808 = ORIENTED_EDGE('',*,*,#783,.T.);
#809 = ORIENTED_EDGE('',*,*,#810,.T.);
#810 = EDGE_CURVE('',#775,#811,#813,.T.);
#811 = VERTEX_POINT('',#812);
#812 = CARTESIAN_POINT('',(1.012365771833,8.187650184517,10.));
#813 = CIRCLE('',#814,8.250000000001);
#814 = AXIS2_PLACEMENT_3D('',#815,#816,#817);
#815 = CARTESIAN_POINT('',(2.386848736273E-02,-2.915920375591E-03,10.));
#816 = DIRECTION('',(0.,-0.,1.));
#817 = DIRECTION('',(0.221147048325,0.975240474456,0.));
#818 = ORIENTED_EDGE('',*,*,#819,.F.);
#819 = EDGE_CURVE('',#820,#811,#822,.T.);
#820 = VERTEX_POINT('',#821);
#821 = CARTESIAN_POINT('',(1.012365771833,8.187650184517,0.));
#822 = LINE('',#823,#824);
#823 = CARTESIAN_POINT('',(1.012365771833,8.187650184517,0.));
#824 = VECTOR('',#825,1.);
#825 = DIRECTION('',(0.,0.,1.));
#826 = ORIENTED_EDGE('',*,*,#827,.F.);
#827 = EDGE_CURVE('',#784,#820,#828,.T.);
#828 = CIRCLE('',#829,8.250000000001);
#829 = AXIS2_PLACEMENT_3D('',#830,#831,#832);
#830 = CARTESIAN_POINT('',(2.386848736273E-02,-2.915920375591E-03,0.));
#831 = DIRECTION('',(0.,-0.,1.));
#832 = DIRECTION('',(0.221147048325,0.975240474456,0.));
#833 = CYLINDRICAL_SURFACE('',#834,8.250000000001);
#834 = AXIS2_PLACEMENT_3D('',#835,#836,#837);
#835 = CARTESIAN_POINT('',(2.386848736273E-02,-2.915920375591E-03,0.));
#836 = DIRECTION('',(0.,0.,-1.));
#837 = DIRECTION('',(0.221147048325,0.975240474456,0.));
#838 = ADVANCED_FACE('',(#839),#866,.F.);
#839 = FACE_BOUND('',#840,.F.);
#840 = EDGE_LOOP('',(#841,#842,#851,#859));
#841 = ORIENTED_EDGE('',*,*,#819,.T.);
#842 = ORIENTED_EDGE('',*,*,#843,.T.);
#843 = EDGE_CURVE('',#811,#844,#846,.T.);
#844 = VERTEX_POINT('',#845);
#845 = CARTESIAN_POINT('',(5.3709264308E-02,6.885757591186,10.));
#846 = B_SPLINE_CURVE_WITH_KNOTS('',3,(#847,#848,#849,#850),
  .UNSPECIFIED.,.F.,.F.,(4,4),(0.,1.),.PIECEWISE_BEZIER_KNOTS.);
#847 = CARTESIAN_POINT('',(1.012365771833,8.187650184517,10.));
#848 = CARTESIAN_POINT('',(0.480045353603,7.684836368438,10.));
#849 = CARTESIAN_POINT('',(0.199947793681,7.222397036788,10.));
#850 = CARTESIAN_POINT('',(5.3709264308E-02,6.885757591186,10.));
#851 = ORIENTED_EDGE('',*,*,#852,.F.);
#852 = EDGE_CURVE('',#853,#844,#855,.T.);
#853 = VERTEX_POINT('',#854);
#854 = CARTESIAN_POINT('',(5.3709264308E-02,6.885757591186,0.));
#855 = LINE('',#856,#857);
#856 = CARTESIAN_POINT('',(5.3709264308E-02,6.885757591186,0.));
#857 = VECTOR('',#858,1.);
#858 = DIRECTION('',(0.,0.,1.));
#859 = ORIENTED_EDGE('',*,*,#860,.F.);
#860 = EDGE_CURVE('',#820,#853,#861,.T.);
#861 = B_SPLINE_CURVE_WITH_KNOTS('',3,(#862,#863,#864,#865),
  .UNSPECIFIED.,.F.,.F.,(4,4),(0.,1.),.PIECEWISE_BEZIER_KNOTS.);
#862 = CARTESIAN_POINT('',(1.012365771833,8.187650184517,0.));
#863 = CARTESIAN_POINT('',(0.480045353603,7.684836368438,0.));
#864 = CARTESIAN_POINT('',(0.199947793681,7.222397036788,0.));
#865 = CARTESIAN_POINT('',(5.3709264308E-02,6.885757591186,0.));
#866 = SURFACE_OF_LINEAR_EXTRUSION('',#867,#872);
#867 = B_SPLINE_CURVE_WITH_KNOTS('',3,(#868,#869,#870,#871),
  .UNSPECIFIED.,.F.,.F.,(4,4),(0.,1.),.PIECEWISE_BEZIER_KNOTS.);
#868 = CARTESIAN_POINT('',(1.012365771833,8.187650184517,0.));
#869 = CARTESIAN_POINT('',(0.480045353603,7.684836368438,0.));
#870 = CARTESIAN_POINT('',(0.199947793681,7.222397036788,0.));
#871 = CARTESIAN_POINT('',(5.3709264308E-02,6.885757591186,0.));
#872 = VECTOR('',#873,1.);
#873 = DIRECTION('',(-0.,-0.,-1.));
#874 = ADVANCED_FACE('',(#875),#902,.F.);
#875 = FACE_BOUND('',#876,.F.);
#876 = EDGE_LOOP('',(#877,#878,#887,#895));
#877 = ORIENTED_EDGE('',*,*,#852,.T.);
#878 = ORIENTED_EDGE('',*,*,#879,.T.);
#879 = EDGE_CURVE('',#844,#880,#882,.T.);
#880 = VERTEX_POINT('',#881);
#881 = CARTESIAN_POINT('',(-9.352047752313E-02,6.365427163625,10.));
#882 = B_SPLINE_CURVE_WITH_KNOTS('',3,(#883,#884,#885,#886),
  .UNSPECIFIED.,.F.,.F.,(4,4),(0.,1.),.PIECEWISE_BEZIER_KNOTS.);
#883 = CARTESIAN_POINT('',(5.3709264308E-02,6.885757591186,10.));
#884 = CARTESIAN_POINT('',(-6.717466617298E-02,6.601286038532,10.));
#885 = CARTESIAN_POINT('',(-8.935826929687E-02,6.424868892855,10.));
#886 = CARTESIAN_POINT('',(-9.352047752313E-02,6.365427163625,10.));
#887 = ORIENTED_EDGE('',*,*,#888,.F.);
#888 = EDGE_CURVE('',#889,#880,#891,.T.);
#889 = VERTEX_POINT('',#890);
#890 = CARTESIAN_POINT('',(-9.352047752313E-02,6.365427163625,0.));
#891 = LINE('',#892,#893);
#892 = CARTESIAN_POINT('',(-9.352047752313E-02,6.365427163625,0.));
#893 = VECTOR('',#894,1.);
#894 = DIRECTION('',(0.,0.,1.));
#895 = ORIENTED_EDGE('',*,*,#896,.F.);
#896 = EDGE_CURVE('',#853,#889,#897,.T.);
#897 = B_SPLINE_CURVE_WITH_KNOTS('',3,(#898,#899,#900,#901),
  .UNSPECIFIED.,.F.,.F.,(4,4),(0.,1.),.PIECEWISE_BEZIER_KNOTS.);
#898 = CARTESIAN_POINT('',(5.3709264308E-02,6.885757591186,0.));
#899 = CARTESIAN_POINT('',(-6.717466617298E-02,6.601286038532,0.));
#900 = CARTESIAN_POINT('',(-8.935826929687E-02,6.424868892855,0.));
#901 = CARTESIAN_POINT('',(-9.352047752313E-02,6.365427163625,0.));
#902 = SURFACE_OF_LINEAR_EXTRUSION('',#903,#908);
#903 = B_SPLINE_CURVE_WITH_KNOTS('',3,(#904,#905,#906,#907),
  .UNSPECIFIED.,.F.,.F.,(4,4),(0.,1.),.PIECEWISE_BEZIER_KNOTS.);
#904 = CARTESIAN_POINT('',(5.3709264308E-02,6.885757591186,0.));
#905 = CARTESIAN_POINT('',(-6.717466617298E-02,6.601286038532,0.));
#906 = CARTESIAN_POINT('',(-8.935826929687E-02,6.424868892855,0.));
#907 = CARTESIAN_POINT('',(-9.352047752313E-02,6.365427163625,0.));
#908 = VECTOR('',#909,1.);
#909 = DIRECTION('',(-0.,-0.,-1.));
#910 = ADVANCED_FACE('',(#911),#936,.F.);
#911 = FACE_BOUND('',#912,.F.);
#912 = EDGE_LOOP('',(#913,#914,#922,#930));
#913 = ORIENTED_EDGE('',*,*,#888,.T.);
#914 = ORIENTED_EDGE('',*,*,#915,.T.);
#915 = EDGE_CURVE('',#880,#916,#918,.T.);
#916 = VERTEX_POINT('',#917);
#917 = CARTESIAN_POINT('',(-8.115136557681E-02,5.444395233253,10.));
#918 = LINE('',#919,#920);
#919 = CARTESIAN_POINT('',(-9.352047752313E-02,6.365427163625,10.));
#920 = VECTOR('',#921,1.);
#921 = DIRECTION('',(1.342841249588E-02,-0.999909834804,0.));
#922 = ORIENTED_EDGE('',*,*,#923,.F.);
#923 = EDGE_CURVE('',#924,#916,#926,.T.);
#924 = VERTEX_POINT('',#925);
#925 = CARTESIAN_POINT('',(-8.115136557681E-02,5.444395233253,0.));
#926 = LINE('',#927,#928);
#927 = CARTESIAN_POINT('',(-8.115136557681E-02,5.444395233253,0.));
#928 = VECTOR('',#929,1.);
#929 = DIRECTION('',(0.,0.,1.));
#930 = ORIENTED_EDGE('',*,*,#931,.F.);
#931 = EDGE_CURVE('',#889,#924,#932,.T.);
#932 = LINE('',#933,#934);
#933 = CARTESIAN_POINT('',(-9.352047752313E-02,6.365427163625,0.));
#934 = VECTOR('',#935,1.);
#935 = DIRECTION('',(1.342841249588E-02,-0.999909834804,0.));
#936 = PLANE('',#937);
#937 = AXIS2_PLACEMENT_3D('',#938,#939,#940);
#938 = CARTESIAN_POINT('',(-9.352047752313E-02,6.365427163625,0.));
#939 = DIRECTION('',(0.999909834804,1.342841249588E-02,0.));
#940 = DIRECTION('',(1.342841249588E-02,-0.999909834804,0.));
#941 = ADVANCED_FACE('',(#942),#969,.F.);
#942 = FACE_BOUND('',#943,.F.);
#943 = EDGE_LOOP('',(#944,#945,#954,#962));
#944 = ORIENTED_EDGE('',*,*,#923,.T.);
#945 = ORIENTED_EDGE('',*,*,#946,.T.);
#946 = EDGE_CURVE('',#916,#947,#949,.T.);
#947 = VERTEX_POINT('',#948);
#948 = CARTESIAN_POINT('',(-0.579762051958,4.840402975281,10.));
#949 = CIRCLE('',#950,0.57);
#950 = AXIS2_PLACEMENT_3D('',#951,#952,#953);
#951 = CARTESIAN_POINT('',(-0.649861871346,5.406076039269,10.));
#952 = DIRECTION('',(0.,0.,-1.));
#953 = DIRECTION('',(0.99773772942,6.722665611148E-02,0.));
#954 = ORIENTED_EDGE('',*,*,#955,.F.);
#955 = EDGE_CURVE('',#956,#947,#958,.T.);
#956 = VERTEX_POINT('',#957);
#957 = CARTESIAN_POINT('',(-0.579762051958,4.840402975281,0.));
#958 = LINE('',#959,#960);
#959 = CARTESIAN_POINT('',(-0.579762051958,4.840402975281,0.));
#960 = VECTOR('',#961,1.);
#961 = DIRECTION('',(0.,0.,1.));
#962 = ORIENTED_EDGE('',*,*,#963,.F.);
#963 = EDGE_CURVE('',#924,#956,#964,.T.);
#964 = CIRCLE('',#965,0.57);
#965 = AXIS2_PLACEMENT_3D('',#966,#967,#968);
#966 = CARTESIAN_POINT('',(-0.649861871346,5.406076039269,0.));
#967 = DIRECTION('',(0.,0.,-1.));
#968 = DIRECTION('',(0.99773772942,6.722665611148E-02,0.));
#969 = CYLINDRICAL_SURFACE('',#970,0.57);
#970 = AXIS2_PLACEMENT_3D('',#971,#972,#973);
#971 = CARTESIAN_POINT('',(-0.649861871346,5.406076039269,0.));
#972 = DIRECTION('',(0.,0.,-1.));
#973 = DIRECTION('',(0.99773772942,6.722665611148E-02,0.));
#974 = ADVANCED_FACE('',(#975),#1002,.T.);
#975 = FACE_BOUND('',#976,.F.);
#976 = EDGE_LOOP('',(#977,#978,#987,#995));
#977 = ORIENTED_EDGE('',*,*,#955,.T.);
#978 = ORIENTED_EDGE('',*,*,#979,.T.);
#979 = EDGE_CURVE('',#947,#980,#982,.T.);
#980 = VERTEX_POINT('',#981);
#981 = CARTESIAN_POINT('',(-1.110717197323,4.746781257607,10.));
#982 = CIRCLE('',#983,4.874999999999);
#983 = AXIS2_PLACEMENT_3D('',#984,#985,#986);
#984 = CARTESIAN_POINT('',(-8.304468224196E-14,5.195843755246E-13,10.));
#985 = DIRECTION('',(0.,0.,1.));
#986 = DIRECTION('',(-0.11892554912,0.992903174417,0.));
#987 = ORIENTED_EDGE('',*,*,#988,.F.);
#988 = EDGE_CURVE('',#989,#980,#991,.T.);
#989 = VERTEX_POINT('',#990);
#990 = CARTESIAN_POINT('',(-1.110717197323,4.746781257607,0.));
#991 = LINE('',#992,#993);
#992 = CARTESIAN_POINT('',(-1.110717197323,4.746781257607,0.));
#993 = VECTOR('',#994,1.);
#994 = DIRECTION('',(0.,0.,1.));
#995 = ORIENTED_EDGE('',*,*,#996,.F.);
#996 = EDGE_CURVE('',#956,#989,#997,.T.);
#997 = CIRCLE('',#998,4.874999999999);
#998 = AXIS2_PLACEMENT_3D('',#999,#1000,#1001);
#999 = CARTESIAN_POINT('',(-8.304468224196E-14,5.195843755246E-13,0.));
#1000 = DIRECTION('',(0.,0.,1.));
#1001 = DIRECTION('',(-0.11892554912,0.992903174417,0.));
#1002 = CYLINDRICAL_SURFACE('',#1003,4.874999999999);
#1003 = AXIS2_PLACEMENT_3D('',#1004,#1005,#1006);
#1004 = CARTESIAN_POINT('',(-8.304468224196E-14,5.195843755246E-13,0.));
#1005 = DIRECTION('',(-0.,-0.,-1.));
#1006 = DIRECTION('',(-0.11892554912,0.992903174417,0.));
#1007 = ADVANCED_FACE('',(#1008),#1035,.F.);
#1008 = FACE_BOUND('',#1009,.F.);
#1009 = EDGE_LOOP('',(#1010,#1011,#1020,#1028));
#1010 = ORIENTED_EDGE('',*,*,#988,.T.);
#1011 = ORIENTED_EDGE('',*,*,#1012,.T.);
#1012 = EDGE_CURVE('',#980,#1013,#1015,.T.);
#1013 = VERTEX_POINT('',#1014);
#1014 = CARTESIAN_POINT('',(-1.785835498599,5.143813427015,10.));
#1015 = CIRCLE('',#1016,0.57);
#1016 = AXIS2_PLACEMENT_3D('',#1017,#1018,#1019);
#1017 = CARTESIAN_POINT('',(-1.238316496746,5.302315611888,10.));
#1018 = DIRECTION('',(0.,0.,-1.));
#1019 = DIRECTION('',(0.22385842004,-0.974621674178,0.));
#1020 = ORIENTED_EDGE('',*,*,#1021,.F.);
#1021 = EDGE_CURVE('',#1022,#1013,#1024,.T.);
#1022 = VERTEX_POINT('',#1023);
#1023 = CARTESIAN_POINT('',(-1.785835498599,5.143813427015,0.));
#1024 = LINE('',#1025,#1026);
#1025 = CARTESIAN_POINT('',(-1.785835498599,5.143813427015,0.));
#1026 = VECTOR('',#1027,1.);
#1027 = DIRECTION('',(0.,0.,1.));
#1028 = ORIENTED_EDGE('',*,*,#1029,.F.);
#1029 = EDGE_CURVE('',#989,#1022,#1030,.T.);
#1030 = CIRCLE('',#1031,0.57);
#1031 = AXIS2_PLACEMENT_3D('',#1032,#1033,#1034);
#1032 = CARTESIAN_POINT('',(-1.238316496746,5.302315611888,0.));
#1033 = DIRECTION('',(0.,0.,-1.));
#1034 = DIRECTION('',(0.22385842004,-0.974621674178,0.));
#1035 = CYLINDRICAL_SURFACE('',#1036,0.57);
#1036 = AXIS2_PLACEMENT_3D('',#1037,#1038,#1039);
#1037 = CARTESIAN_POINT('',(-1.238316496746,5.302315611888,0.));
#1038 = DIRECTION('',(0.,0.,-1.));
#1039 = DIRECTION('',(0.22385842004,-0.974621674178,0.));
#1040 = ADVANCED_FACE('',(#1041),#1066,.F.);
#1041 = FACE_BOUND('',#1042,.F.);
#1042 = EDGE_LOOP('',(#1043,#1044,#1052,#1060));
#1043 = ORIENTED_EDGE('',*,*,#1021,.T.);
#1044 = ORIENTED_EDGE('',*,*,#1045,.T.);
#1045 = EDGE_CURVE('',#1013,#1046,#1048,.T.);
#1046 = VERTEX_POINT('',#1047);
#1047 = CARTESIAN_POINT('',(-2.089223808211,6.013530820935,10.));
#1048 = LINE('',#1049,#1050);
#1049 = CARTESIAN_POINT('',(-1.785835498599,5.143813427015,10.));
#1050 = VECTOR('',#1051,1.);
#1051 = DIRECTION('',(-0.329370724881,0.944200680783,0.));
#1052 = ORIENTED_EDGE('',*,*,#1053,.F.);
#1053 = EDGE_CURVE('',#1054,#1046,#1056,.T.);
#1054 = VERTEX_POINT('',#1055);
#1055 = CARTESIAN_POINT('',(-2.089223808211,6.013530820935,0.));
#1056 = LINE('',#1057,#1058);
#1057 = CARTESIAN_POINT('',(-2.089223808211,6.013530820935,0.));
#1058 = VECTOR('',#1059,1.);
#1059 = DIRECTION('',(0.,0.,1.));
#1060 = ORIENTED_EDGE('',*,*,#1061,.F.);
#1061 = EDGE_CURVE('',#1022,#1054,#1062,.T.);
#1062 = LINE('',#1063,#1064);
#1063 = CARTESIAN_POINT('',(-1.785835498599,5.143813427015,0.));
#1064 = VECTOR('',#1065,1.);
#1065 = DIRECTION('',(-0.329370724881,0.944200680783,0.));
#1066 = PLANE('',#1067);
#1067 = AXIS2_PLACEMENT_3D('',#1068,#1069,#1070);
#1068 = CARTESIAN_POINT('',(-1.785835498599,5.143813427015,0.));
#1069 = DIRECTION('',(-0.944200680783,-0.329370724881,0.));
#1070 = DIRECTION('',(-0.329370724881,0.944200680783,0.));
#1071 = ADVANCED_FACE('',(#1072),#1099,.F.);
#1072 = FACE_BOUND('',#1073,.F.);
#1073 = EDGE_LOOP('',(#1074,#1075,#1084,#1092));
#1074 = ORIENTED_EDGE('',*,*,#1053,.T.);
#1075 = ORIENTED_EDGE('',*,*,#1076,.T.);
#1076 = EDGE_CURVE('',#1046,#1077,#1079,.T.);
#1077 = VERTEX_POINT('',#1078);
#1078 = CARTESIAN_POINT('',(-2.405537997581,6.452125946681,10.));
#1079 = B_SPLINE_CURVE_WITH_KNOTS('',3,(#1080,#1081,#1082,#1083),
  .UNSPECIFIED.,.F.,.F.,(4,4),(0.,1.),.PIECEWISE_BEZIER_KNOTS.);
#1080 = CARTESIAN_POINT('',(-2.089223808211,6.013530820935,10.));
#1081 = CARTESIAN_POINT('',(-2.113465273318,6.067964216205,10.));
#1082 = CARTESIAN_POINT('',(-2.194649258926,6.226154867058,10.));
#1083 = CARTESIAN_POINT('',(-2.405537997581,6.452125946681,10.));
#1084 = ORIENTED_EDGE('',*,*,#1085,.F.);
#1085 = EDGE_CURVE('',#1086,#1077,#1088,.T.);
#1086 = VERTEX_POINT('',#1087);
#1087 = CARTESIAN_POINT('',(-2.405537997581,6.452125946681,0.));
#1088 = LINE('',#1089,#1090);
#1089 = CARTESIAN_POINT('',(-2.405537997581,6.452125946681,0.));
#1090 = VECTOR('',#1091,1.);
#1091 = DIRECTION('',(0.,0.,1.));
#1092 = ORIENTED_EDGE('',*,*,#1093,.F.);
#1093 = EDGE_CURVE('',#1054,#1086,#1094,.T.);
#1094 = B_SPLINE_CURVE_WITH_KNOTS('',3,(#1095,#1096,#1097,#1098),
  .UNSPECIFIED.,.F.,.F.,(4,4),(0.,1.),.PIECEWISE_BEZIER_KNOTS.);
#1095 = CARTESIAN_POINT('',(-2.089223808211,6.013530820935,0.));
#1096 = CARTESIAN_POINT('',(-2.113465273318,6.067964216205,0.));
#1097 = CARTESIAN_POINT('',(-2.194649258926,6.226154867058,0.));
#1098 = CARTESIAN_POINT('',(-2.405537997581,6.452125946681,0.));
#1099 = SURFACE_OF_LINEAR_EXTRUSION('',#1100,#1105);
#1100 = B_SPLINE_CURVE_WITH_KNOTS('',3,(#1101,#1102,#1103,#1104),
  .UNSPECIFIED.,.F.,.F.,(4,4),(0.,1.),.PIECEWISE_BEZIER_KNOTS.);
#1101 = CARTESIAN_POINT('',(-2.089223808211,6.013530820935,0.));
#1102 = CARTESIAN_POINT('',(-2.113465273318,6.067964216205,0.));
#1103 = CARTESIAN_POINT('',(-2.194649258926,6.226154867058,0.));
#1104 = CARTESIAN_POINT('',(-2.405537997581,6.452125946681,0.));
#1105 = VECTOR('',#1106,1.);
#1106 = DIRECTION('',(-0.,-0.,-1.));
#1107 = ADVANCED_FACE('',(#1108),#1135,.F.);
#1108 = FACE_BOUND('',#1109,.F.);
#1109 = EDGE_LOOP('',(#1110,#1111,#1120,#1128));
#1110 = ORIENTED_EDGE('',*,*,#1085,.T.);
#1111 = ORIENTED_EDGE('',*,*,#1112,.T.);
#1112 = EDGE_CURVE('',#1077,#1113,#1115,.T.);
#1113 = VERTEX_POINT('',#1114);
#1114 = CARTESIAN_POINT('',(-3.753919574603,7.349240705475,10.));
#1115 = B_SPLINE_CURVE_WITH_KNOTS('',3,(#1116,#1117,#1118,#1119),
  .UNSPECIFIED.,.F.,.F.,(4,4),(0.,1.),.PIECEWISE_BEZIER_KNOTS.);
#1116 = CARTESIAN_POINT('',(-2.405537997581,6.452125946681,10.));
#1117 = CARTESIAN_POINT('',(-2.658094735941,6.718447026803,10.));
#1118 = CARTESIAN_POINT('',(-3.079463912591,7.057198846726,10.));
#1119 = CARTESIAN_POINT('',(-3.753919574603,7.349240705475,10.));
#1120 = ORIENTED_EDGE('',*,*,#1121,.F.);
#1121 = EDGE_CURVE('',#1122,#1113,#1124,.T.);
#1122 = VERTEX_POINT('',#1123);
#1123 = CARTESIAN_POINT('',(-3.753919574603,7.349240705475,0.));
#1124 = LINE('',#1125,#1126);
#1125 = CARTESIAN_POINT('',(-3.753919574603,7.349240705475,0.));
#1126 = VECTOR('',#1127,1.);
#1127 = DIRECTION('',(0.,0.,1.));
#1128 = ORIENTED_EDGE('',*,*,#1129,.F.);
#1129 = EDGE_CURVE('',#1086,#1122,#1130,.T.);
#1130 = B_SPLINE_CURVE_WITH_KNOTS('',3,(#1131,#1132,#1133,#1134),
  .UNSPECIFIED.,.F.,.F.,(4,4),(0.,1.),.PIECEWISE_BEZIER_KNOTS.);
#1131 = CARTESIAN_POINT('',(-2.405537997581,6.452125946681,0.));
#1132 = CARTESIAN_POINT('',(-2.658094735941,6.718447026803,0.));
#1133 = CARTESIAN_POINT('',(-3.079463912591,7.057198846726,0.));
#1134 = CARTESIAN_POINT('',(-3.753919574603,7.349240705475,0.));
#1135 = SURFACE_OF_LINEAR_EXTRUSION('',#1136,#1141);
#1136 = B_SPLINE_CURVE_WITH_KNOTS('',3,(#1137,#1138,#1139,#1140),
  .UNSPECIFIED.,.F.,.F.,(4,4),(0.,1.),.PIECEWISE_BEZIER_KNOTS.);
#1137 = CARTESIAN_POINT('',(-2.405537997581,6.452125946681,0.));
#1138 = CARTESIAN_POINT('',(-2.658094735941,6.718447026803,0.));
#1139 = CARTESIAN_POINT('',(-3.079463912591,7.057198846726,0.));
#1140 = CARTESIAN_POINT('',(-3.753919574603,7.349240705475,0.));
#1141 = VECTOR('',#1142,1.);
#1142 = DIRECTION('',(-0.,-0.,-1.));
#1143 = ADVANCED_FACE('',(#1144),#1171,.T.);
#1144 = FACE_BOUND('',#1145,.F.);
#1145 = EDGE_LOOP('',(#1146,#1147,#1156,#1164));
#1146 = ORIENTED_EDGE('',*,*,#1121,.T.);
#1147 = ORIENTED_EDGE('',*,*,#1148,.T.);
#1148 = EDGE_CURVE('',#1113,#1149,#1151,.T.);
#1149 = VERTEX_POINT('',#1150);
#1150 = CARTESIAN_POINT('',(-4.487402917138,6.922840100657,10.));
#1151 = CIRCLE('',#1152,8.250000000001);
#1152 = AXIS2_PLACEMENT_3D('',#1153,#1154,#1155);
#1153 = CARTESIAN_POINT('',(2.015863959781E-02,1.310864333901E-02,10.));
#1154 = DIRECTION('',(0.,0.,1.));
#1155 = DIRECTION('',(-0.457464025964,0.889228128744,0.));
#1156 = ORIENTED_EDGE('',*,*,#1157,.F.);
#1157 = EDGE_CURVE('',#1158,#1149,#1160,.T.);
#1158 = VERTEX_POINT('',#1159);
#1159 = CARTESIAN_POINT('',(-4.487402917138,6.922840100657,0.));
#1160 = LINE('',#1161,#1162);
#1161 = CARTESIAN_POINT('',(-4.487402917138,6.922840100657,0.));
#1162 = VECTOR('',#1163,1.);
#1163 = DIRECTION('',(0.,0.,1.));
#1164 = ORIENTED_EDGE('',*,*,#1165,.F.);
#1165 = EDGE_CURVE('',#1122,#1158,#1166,.T.);
#1166 = CIRCLE('',#1167,8.250000000001);
#1167 = AXIS2_PLACEMENT_3D('',#1168,#1169,#1170);
#1168 = CARTESIAN_POINT('',(2.015863959781E-02,1.310864333901E-02,0.));
#1169 = DIRECTION('',(0.,0.,1.));
#1170 = DIRECTION('',(-0.457464025964,0.889228128744,0.));
#1171 = CYLINDRICAL_SURFACE('',#1172,8.250000000001);
#1172 = AXIS2_PLACEMENT_3D('',#1173,#1174,#1175);
#1173 = CARTESIAN_POINT('',(2.015863959781E-02,1.310864333901E-02,0.));
#1174 = DIRECTION('',(-0.,-0.,-1.));
#1175 = DIRECTION('',(-0.457464025964,0.889228128744,0.));
#1176 = ADVANCED_FACE('',(#1177),#1204,.F.);
#1177 = FACE_BOUND('',#1178,.F.);
#1178 = EDGE_LOOP('',(#1179,#1180,#1189,#1197));
#1179 = ORIENTED_EDGE('',*,*,#1157,.T.);
#1180 = ORIENTED_EDGE('',*,*,#1181,.T.);
#1181 = EDGE_CURVE('',#1149,#1182,#1184,.T.);
#1182 = VERTEX_POINT('',#1183);
#1183 = CARTESIAN_POINT('',(-4.384935979452,5.309319989015,10.));
#1184 = B_SPLINE_CURVE_WITH_KNOTS('',3,(#1185,#1186,#1187,#1188),
  .UNSPECIFIED.,.F.,.F.,(4,4),(0.,1.),.PIECEWISE_BEZIER_KNOTS.);
#1185 = CARTESIAN_POINT('',(-4.487402917138,6.922840100657,10.));
#1186 = CARTESIAN_POINT('',(-4.571981524527,6.195493401704,10.));
#1187 = CARTESIAN_POINT('',(-4.489298431221,5.661201080392,10.));
#1188 = CARTESIAN_POINT('',(-4.384935979452,5.309319989015,10.));
#1189 = ORIENTED_EDGE('',*,*,#1190,.F.);
#1190 = EDGE_CURVE('',#1191,#1182,#1193,.T.);
#1191 = VERTEX_POINT('',#1192);
#1192 = CARTESIAN_POINT('',(-4.384935979452,5.309319989015,0.));
#1193 = LINE('',#1194,#1195);
#1194 = CARTESIAN_POINT('',(-4.384935979452,5.309319989015,0.));
#1195 = VECTOR('',#1196,1.);
#1196 = DIRECTION('',(0.,0.,1.));
#1197 = ORIENTED_EDGE('',*,*,#1198,.F.);
#1198 = EDGE_CURVE('',#1158,#1191,#1199,.T.);
#1199 = B_SPLINE_CURVE_WITH_KNOTS('',3,(#1200,#1201,#1202,#1203),
  .UNSPECIFIED.,.F.,.F.,(4,4),(0.,1.),.PIECEWISE_BEZIER_KNOTS.);
#1200 = CARTESIAN_POINT('',(-4.487402917138,6.922840100657,0.));
#1201 = CARTESIAN_POINT('',(-4.571981524527,6.195493401704,0.));
#1202 = CARTESIAN_POINT('',(-4.489298431221,5.661201080392,0.));
#1203 = CARTESIAN_POINT('',(-4.384935979452,5.309319989015,0.));
#1204 = SURFACE_OF_LINEAR_EXTRUSION('',#1205,#1210);
#1205 = B_SPLINE_CURVE_WITH_KNOTS('',3,(#1206,#1207,#1208,#1209),
  .UNSPECIFIED.,.F.,.F.,(4,4),(0.,1.),.PIECEWISE_BEZIER_KNOTS.);
#1206 = CARTESIAN_POINT('',(-4.487402917138,6.922840100657,0.));
#1207 = CARTESIAN_POINT('',(-4.571981524527,6.195493401704,0.));
#1208 = CARTESIAN_POINT('',(-4.489298431221,5.661201080392,0.));
#1209 = CARTESIAN_POINT('',(-4.384935979452,5.309319989015,0.));
#1210 = VECTOR('',#1211,1.);
#1211 = DIRECTION('',(-0.,-0.,-1.));
#1212 = ADVANCED_FACE('',(#1213),#1240,.F.);
#1213 = FACE_BOUND('',#1214,.F.);
#1214 = EDGE_LOOP('',(#1215,#1216,#1225,#1233));
#1215 = ORIENTED_EDGE('',*,*,#1190,.T.);
#1216 = ORIENTED_EDGE('',*,*,#1217,.T.);
#1217 = EDGE_CURVE('',#1182,#1218,#1220,.T.);
#1218 = VERTEX_POINT('',#1219);
#1219 = CARTESIAN_POINT('',(-4.163258553265,4.81608630257,10.));
#1220 = B_SPLINE_CURVE_WITH_KNOTS('',3,(#1221,#1222,#1223,#1224),
  .UNSPECIFIED.,.F.,.F.,(4,4),(0.,1.),.PIECEWISE_BEZIER_KNOTS.);
#1221 = CARTESIAN_POINT('',(-4.384935979452,5.309319989015,10.));
#1222 = CARTESIAN_POINT('',(-4.294683653305,5.013699444155,10.));
#1223 = CARTESIAN_POINT('',(-4.198278523829,4.864296724813,10.));
#1224 = CARTESIAN_POINT('',(-4.163258553265,4.81608630257,10.));
#1225 = ORIENTED_EDGE('',*,*,#1226,.F.);
#1226 = EDGE_CURVE('',#1227,#1218,#1229,.T.);
#1227 = VERTEX_POINT('',#1228);
#1228 = CARTESIAN_POINT('',(-4.163258553265,4.81608630257,0.));
#1229 = LINE('',#1230,#1231);
#1230 = CARTESIAN_POINT('',(-4.163258553265,4.81608630257,0.));
#1231 = VECTOR('',#1232,1.);
#1232 = DIRECTION('',(0.,0.,1.));
#1233 = ORIENTED_EDGE('',*,*,#1234,.F.);
#1234 = EDGE_CURVE('',#1191,#1227,#1235,.T.);
#1235 = B_SPLINE_CURVE_WITH_KNOTS('',3,(#1236,#1237,#1238,#1239),
  .UNSPECIFIED.,.F.,.F.,(4,4),(0.,1.),.PIECEWISE_BEZIER_KNOTS.);
#1236 = CARTESIAN_POINT('',(-4.384935979452,5.309319989015,0.));
#1237 = CARTESIAN_POINT('',(-4.294683653305,5.013699444155,0.));
#1238 = CARTESIAN_POINT('',(-4.198278523829,4.864296724813,0.));
#1239 = CARTESIAN_POINT('',(-4.163258553265,4.81608630257,0.));
#1240 = SURFACE_OF_LINEAR_EXTRUSION('',#1241,#1246);
#1241 = B_SPLINE_CURVE_WITH_KNOTS('',3,(#1242,#1243,#1244,#1245),
  .UNSPECIFIED.,.F.,.F.,(4,4),(0.,1.),.PIECEWISE_BEZIER_KNOTS.);
#1242 = CARTESIAN_POINT('',(-4.384935979452,5.309319989015,0.));
#1243 = CARTESIAN_POINT('',(-4.294683653305,5.013699444155,0.));
#1244 = CARTESIAN_POINT('',(-4.198278523829,4.864296724813,0.));
#1245 = CARTESIAN_POINT('',(-4.163258553265,4.81608630257,0.));
#1246 = VECTOR('',#1247,1.);
#1247 = DIRECTION('',(-0.,-0.,-1.));
#1248 = ADVANCED_FACE('',(#1249),#1274,.F.);
#1249 = FACE_BOUND('',#1250,.F.);
#1250 = EDGE_LOOP('',(#1251,#1252,#1260,#1268));
#1251 = ORIENTED_EDGE('',*,*,#1226,.T.);
#1252 = ORIENTED_EDGE('',*,*,#1253,.T.);
#1253 = EDGE_CURVE('',#1218,#1254,#1256,.T.);
#1254 = VERTEX_POINT('',#1255);
#1255 = CARTESIAN_POINT('',(-3.561755350823,4.118485622275,10.));
#1256 = LINE('',#1257,#1258);
#1257 = CARTESIAN_POINT('',(-4.163258553265,4.81608630257,10.));
#1258 = VECTOR('',#1259,1.);
#1259 = DIRECTION('',(0.653016413388,-0.757343755402,0.));
#1260 = ORIENTED_EDGE('',*,*,#1261,.F.);
#1261 = EDGE_CURVE('',#1262,#1254,#1264,.T.);
#1262 = VERTEX_POINT('',#1263);
#1263 = CARTESIAN_POINT('',(-3.561755350823,4.118485622275,0.));
#1264 = LINE('',#1265,#1266);
#1265 = CARTESIAN_POINT('',(-3.561755350823,4.118485622275,0.));
#1266 = VECTOR('',#1267,1.);
#1267 = DIRECTION('',(0.,0.,1.));
#1268 = ORIENTED_EDGE('',*,*,#1269,.F.);
#1269 = EDGE_CURVE('',#1227,#1262,#1270,.T.);
#1270 = LINE('',#1271,#1272);
#1271 = CARTESIAN_POINT('',(-4.163258553265,4.81608630257,0.));
#1272 = VECTOR('',#1273,1.);
#1273 = DIRECTION('',(0.653016413388,-0.757343755402,0.));
#1274 = PLANE('',#1275);
#1275 = AXIS2_PLACEMENT_3D('',#1276,#1277,#1278);
#1276 = CARTESIAN_POINT('',(-4.163258553265,4.81608630257,0.));
#1277 = DIRECTION('',(0.757343755402,0.653016413388,0.));
#1278 = DIRECTION('',(0.653016413388,-0.757343755402,0.));
#1279 = ADVANCED_FACE('',(#1280),#1307,.F.);
#1280 = FACE_BOUND('',#1281,.F.);
#1281 = EDGE_LOOP('',(#1282,#1283,#1292,#1300));
#1282 = ORIENTED_EDGE('',*,*,#1261,.T.);
#1283 = ORIENTED_EDGE('',*,*,#1284,.T.);
#1284 = EDGE_CURVE('',#1254,#1285,#1287,.T.);
#1285 = VERTEX_POINT('',#1286);
#1286 = CARTESIAN_POINT('',(-3.555474556634,3.335299938106,10.));
#1287 = CIRCLE('',#1288,0.57);
#1288 = AXIS2_PLACEMENT_3D('',#1289,#1290,#1291);
#1289 = CARTESIAN_POINT('',(-3.972781770405,3.723571350052,10.));
#1290 = DIRECTION('',(0.,0.,-1.));
#1291 = DIRECTION('',(0.721098981723,0.692832056532,0.));
#1292 = ORIENTED_EDGE('',*,*,#1293,.F.);
#1293 = EDGE_CURVE('',#1294,#1285,#1296,.T.);
#1294 = VERTEX_POINT('',#1295);
#1295 = CARTESIAN_POINT('',(-3.555474556634,3.335299938106,0.));
#1296 = LINE('',#1297,#1298);
#1297 = CARTESIAN_POINT('',(-3.555474556634,3.335299938106,0.));
#1298 = VECTOR('',#1299,1.);
#1299 = DIRECTION('',(0.,0.,1.));
#1300 = ORIENTED_EDGE('',*,*,#1301,.F.);
#1301 = EDGE_CURVE('',#1262,#1294,#1302,.T.);
#1302 = CIRCLE('',#1303,0.57);
#1303 = AXIS2_PLACEMENT_3D('',#1304,#1305,#1306);
#1304 = CARTESIAN_POINT('',(-3.972781770405,3.723571350052,0.));
#1305 = DIRECTION('',(0.,0.,-1.));
#1306 = DIRECTION('',(0.721098981723,0.692832056532,0.));
#1307 = CYLINDRICAL_SURFACE('',#1308,0.57);
#1308 = AXIS2_PLACEMENT_3D('',#1309,#1310,#1311);
#1309 = CARTESIAN_POINT('',(-3.972781770405,3.723571350052,0.));
#1310 = DIRECTION('',(0.,0.,-1.));
#1311 = DIRECTION('',(0.721098981723,0.692832056532,0.));
#1312 = ADVANCED_FACE('',(#1313),#1340,.T.);
#1313 = FACE_BOUND('',#1314,.F.);
#1314 = EDGE_LOOP('',(#1315,#1316,#1325,#1333));
#1315 = ORIENTED_EDGE('',*,*,#1293,.T.);
#1316 = ORIENTED_EDGE('',*,*,#1317,.T.);
#1317 = EDGE_CURVE('',#1285,#1318,#1320,.T.);
#1318 = VERTEX_POINT('',#1319);
#1319 = CARTESIAN_POINT('',(-3.902030915168,2.922290152786,10.));
#1320 = CIRCLE('',#1321,4.875);
#1321 = AXIS2_PLACEMENT_3D('',#1322,#1323,#1324);
#1322 = CARTESIAN_POINT('',(1.347810751895E-13,-1.156852391659E-13,10.)
  );
#1323 = DIRECTION('',(0.,0.,1.));
#1324 = DIRECTION('',(-0.729328114181,0.684164089868,0.));
#1325 = ORIENTED_EDGE('',*,*,#1326,.F.);
#1326 = EDGE_CURVE('',#1327,#1318,#1329,.T.);
#1327 = VERTEX_POINT('',#1328);
#1328 = CARTESIAN_POINT('',(-3.902030915168,2.922290152786,0.));
#1329 = LINE('',#1330,#1331);
#1330 = CARTESIAN_POINT('',(-3.902030915168,2.922290152786,0.));
#1331 = VECTOR('',#1332,1.);
#1332 = DIRECTION('',(0.,0.,1.));
#1333 = ORIENTED_EDGE('',*,*,#1334,.F.);
#1334 = EDGE_CURVE('',#1294,#1327,#1335,.T.);
#1335 = CIRCLE('',#1336,4.875);
#1336 = AXIS2_PLACEMENT_3D('',#1337,#1338,#1339);
#1337 = CARTESIAN_POINT('',(1.347810751895E-13,-1.156852391659E-13,0.));
#1338 = DIRECTION('',(0.,0.,1.));
#1339 = DIRECTION('',(-0.729328114181,0.684164089868,0.));
#1340 = CYLINDRICAL_SURFACE('',#1341,4.875);
#1341 = AXIS2_PLACEMENT_3D('',#1342,#1343,#1344);
#1342 = CARTESIAN_POINT('',(1.347810751895E-13,-1.156852391659E-13,0.));
#1343 = DIRECTION('',(-0.,-0.,-1.));
#1344 = DIRECTION('',(-0.729328114181,0.684164089868,0.));
#1345 = ADVANCED_FACE('',(#1346),#1373,.F.);
#1346 = FACE_BOUND('',#1347,.F.);
#1347 = EDGE_LOOP('',(#1348,#1349,#1358,#1366));
#1348 = ORIENTED_EDGE('',*,*,#1326,.T.);
#1349 = ORIENTED_EDGE('',*,*,#1350,.T.);
#1350 = EDGE_CURVE('',#1318,#1351,#1353,.T.);
#1351 = VERTEX_POINT('',#1352);
#1352 = CARTESIAN_POINT('',(-4.674408897451,2.792476760768,10.));
#1353 = CIRCLE('',#1354,0.57);
#1354 = AXIS2_PLACEMENT_3D('',#1355,#1356,#1357);
#1355 = CARTESIAN_POINT('',(-4.356868249124,3.265834909171,10.));
#1356 = DIRECTION('',(0.,-0.,-1.));
#1357 = DIRECTION('',(0.797960235011,-0.602710098921,0.));
#1358 = ORIENTED_EDGE('',*,*,#1359,.F.);
#1359 = EDGE_CURVE('',#1360,#1351,#1362,.T.);
#1360 = VERTEX_POINT('',#1361);
#1361 = CARTESIAN_POINT('',(-4.674408897451,2.792476760768,0.));
#1362 = LINE('',#1363,#1364);
#1363 = CARTESIAN_POINT('',(-4.674408897451,2.792476760768,0.));
#1364 = VECTOR('',#1365,1.);
#1365 = DIRECTION('',(0.,0.,1.));
#1366 = ORIENTED_EDGE('',*,*,#1367,.F.);
#1367 = EDGE_CURVE('',#1327,#1360,#1368,.T.);
#1368 = CIRCLE('',#1369,0.57);
#1369 = AXIS2_PLACEMENT_3D('',#1370,#1371,#1372);
#1370 = CARTESIAN_POINT('',(-4.356868249124,3.265834909171,0.));
#1371 = DIRECTION('',(0.,-0.,-1.));
#1372 = DIRECTION('',(0.797960235011,-0.602710098921,0.));
#1373 = CYLINDRICAL_SURFACE('',#1374,0.57);
#1374 = AXIS2_PLACEMENT_3D('',#1375,#1376,#1377);
#1375 = CARTESIAN_POINT('',(-4.356868249124,3.265834909171,0.));
#1376 = DIRECTION('',(0.,0.,-1.));
#1377 = DIRECTION('',(0.797960235011,-0.602710098921,0.));
#1378 = ADVANCED_FACE('',(#1379),#1404,.F.);
#1379 = FACE_BOUND('',#1380,.F.);
#1380 = EDGE_LOOP('',(#1381,#1382,#1390,#1398));
#1381 = ORIENTED_EDGE('',*,*,#1359,.T.);
#1382 = ORIENTED_EDGE('',*,*,#1383,.T.);
#1383 = EDGE_CURVE('',#1351,#1384,#1386,.T.);
#1384 = VERTEX_POINT('',#1385);
#1385 = CARTESIAN_POINT('',(-5.465861390877,3.263704691122,10.));
#1386 = LINE('',#1387,#1388);
#1387 = CARTESIAN_POINT('',(-4.674408897451,2.792476760768,10.));
#1388 = VECTOR('',#1389,1.);
#1389 = DIRECTION('',(-0.859233112186,0.511584263756,0.));
#1390 = ORIENTED_EDGE('',*,*,#1391,.F.);
#1391 = EDGE_CURVE('',#1392,#1384,#1394,.T.);
#1392 = VERTEX_POINT('',#1393);
#1393 = CARTESIAN_POINT('',(-5.465861390877,3.263704691122,0.));
#1394 = LINE('',#1395,#1396);
#1395 = CARTESIAN_POINT('',(-5.465861390877,3.263704691122,0.));
#1396 = VECTOR('',#1397,1.);
#1397 = DIRECTION('',(0.,0.,1.));
#1398 = ORIENTED_EDGE('',*,*,#1399,.F.);
#1399 = EDGE_CURVE('',#1360,#1392,#1400,.T.);
#1400 = LINE('',#1401,#1402);
#1401 = CARTESIAN_POINT('',(-4.674408897451,2.792476760768,0.));
#1402 = VECTOR('',#1403,1.);
#1403 = DIRECTION('',(-0.859233112186,0.511584263756,0.));
#1404 = PLANE('',#1405);
#1405 = AXIS2_PLACEMENT_3D('',#1406,#1407,#1408);
#1406 = CARTESIAN_POINT('',(-4.674408897451,2.792476760768,0.));
#1407 = DIRECTION('',(-0.511584263756,-0.859233112186,0.));
#1408 = DIRECTION('',(-0.859233112186,0.511584263756,0.));
#1409 = ADVANCED_FACE('',(#1410),#1437,.F.);
#1410 = FACE_BOUND('',#1411,.F.);
#1411 = EDGE_LOOP('',(#1412,#1413,#1422,#1430));
#1412 = ORIENTED_EDGE('',*,*,#1391,.T.);
#1413 = ORIENTED_EDGE('',*,*,#1414,.T.);
#1414 = EDGE_CURVE('',#1384,#1415,#1417,.T.);
#1415 = VERTEX_POINT('',#1416);
#1416 = CARTESIAN_POINT('',(-5.990095630422,3.396365208283,10.));
#1417 = B_SPLINE_CURVE_WITH_KNOTS('',3,(#1418,#1419,#1420,#1421),
  .UNSPECIFIED.,.F.,.F.,(4,4),(0.,1.),.PIECEWISE_BEZIER_KNOTS.);
#1418 = CARTESIAN_POINT('',(-5.465861390877,3.263704691122,10.));
#1419 = CARTESIAN_POINT('',(-5.519420542549,3.289820977677,10.));
#1420 = CARTESIAN_POINT('',(-5.68329407393,3.358817986662,10.));
#1421 = CARTESIAN_POINT('',(-5.990095630422,3.396365208283,10.));
#1422 = ORIENTED_EDGE('',*,*,#1423,.F.);
#1423 = EDGE_CURVE('',#1424,#1415,#1426,.T.);
#1424 = VERTEX_POINT('',#1425);
#1425 = CARTESIAN_POINT('',(-5.990095630422,3.396365208283,0.));
#1426 = LINE('',#1427,#1428);
#1427 = CARTESIAN_POINT('',(-5.990095630422,3.396365208283,0.));
#1428 = VECTOR('',#1429,1.);
#1429 = DIRECTION('',(0.,0.,1.));
#1430 = ORIENTED_EDGE('',*,*,#1431,.F.);
#1431 = EDGE_CURVE('',#1392,#1424,#1432,.T.);
#1432 = B_SPLINE_CURVE_WITH_KNOTS('',3,(#1433,#1434,#1435,#1436),
  .UNSPECIFIED.,.F.,.F.,(4,4),(0.,1.),.PIECEWISE_BEZIER_KNOTS.);
#1433 = CARTESIAN_POINT('',(-5.465861390877,3.263704691122,0.));
#1434 = CARTESIAN_POINT('',(-5.519420542549,3.289820977677,0.));
#1435 = CARTESIAN_POINT('',(-5.68329407393,3.358817986662,0.));
#1436 = CARTESIAN_POINT('',(-5.990095630422,3.396365208283,0.));
#1437 = SURFACE_OF_LINEAR_EXTRUSION('',#1438,#1443);
#1438 = B_SPLINE_CURVE_WITH_KNOTS('',3,(#1439,#1440,#1441,#1442),
  .UNSPECIFIED.,.F.,.F.,(4,4),(0.,1.),.PIECEWISE_BEZIER_KNOTS.);
#1439 = CARTESIAN_POINT('',(-5.465861390877,3.263704691122,0.));
#1440 = CARTESIAN_POINT('',(-5.519420542549,3.289820977677,0.));
#1441 = CARTESIAN_POINT('',(-5.68329407393,3.358817986662,0.));
#1442 = CARTESIAN_POINT('',(-5.990095630422,3.396365208283,0.));
#1443 = VECTOR('',#1444,1.);
#1444 = DIRECTION('',(-0.,-0.,-1.));
#1445 = ADVANCED_FACE('',(#1446),#1473,.F.);
#1446 = FACE_BOUND('',#1447,.F.);
#1447 = EDGE_LOOP('',(#1448,#1449,#1458,#1466));
#1448 = ORIENTED_EDGE('',*,*,#1423,.T.);
#1449 = ORIENTED_EDGE('',*,*,#1450,.T.);
#1450 = EDGE_CURVE('',#1415,#1451,#1453,.T.);
#1451 = VERTEX_POINT('',#1452);
#1452 = CARTESIAN_POINT('',(-7.599670096123,3.216872013259,10.));
#1453 = B_SPLINE_CURVE_WITH_KNOTS('',3,(#1454,#1455,#1456,#1457),
  .UNSPECIFIED.,.F.,.F.,(4,4),(0.,1.),.PIECEWISE_BEZIER_KNOTS.);
#1454 = CARTESIAN_POINT('',(-5.990095630422,3.396365208283,10.));
#1455 = CARTESIAN_POINT('',(-6.354753206916,3.438038649635,10.));
#1456 = CARTESIAN_POINT('',(-6.895286195795,3.42668671303,10.));
#1457 = CARTESIAN_POINT('',(-7.599670096123,3.216872013259,10.));
#1458 = ORIENTED_EDGE('',*,*,#1459,.F.);
#1459 = EDGE_CURVE('',#1460,#1451,#1462,.T.);
#1460 = VERTEX_POINT('',#1461);
#1461 = CARTESIAN_POINT('',(-7.599670096123,3.216872013259,0.));
#1462 = LINE('',#1463,#1464);
#1463 = CARTESIAN_POINT('',(-7.599670096123,3.216872013259,0.));
#1464 = VECTOR('',#1465,1.);
#1465 = DIRECTION('',(0.,0.,1.));
#1466 = ORIENTED_EDGE('',*,*,#1467,.F.);
#1467 = EDGE_CURVE('',#1424,#1460,#1468,.T.);
#1468 = B_SPLINE_CURVE_WITH_KNOTS('',3,(#1469,#1470,#1471,#1472),
  .UNSPECIFIED.,.F.,.F.,(4,4),(0.,1.),.PIECEWISE_BEZIER_KNOTS.);
#1469 = CARTESIAN_POINT('',(-5.990095630422,3.396365208283,0.));
#1470 = CARTESIAN_POINT('',(-6.354753206916,3.438038649635,0.));
#1471 = CARTESIAN_POINT('',(-6.895286195795,3.42668671303,0.));
#1472 = CARTESIAN_POINT('',(-7.599670096123,3.216872013259,0.));
#1473 = SURFACE_OF_LINEAR_EXTRUSION('',#1474,#1479);
#1474 = B_SPLINE_CURVE_WITH_KNOTS('',3,(#1475,#1476,#1477,#1478),
  .UNSPECIFIED.,.F.,.F.,(4,4),(0.,1.),.PIECEWISE_BEZIER_KNOTS.);
#1475 = CARTESIAN_POINT('',(-5.990095630422,3.396365208283,0.));
#1476 = CARTESIAN_POINT('',(-6.354753206916,3.438038649635,0.));
#1477 = CARTESIAN_POINT('',(-6.895286195795,3.42668671303,0.));
#1478 = CARTESIAN_POINT('',(-7.599670096123,3.216872013259,0.));
#1479 = VECTOR('',#1480,1.);
#1480 = DIRECTION('',(-0.,-0.,-1.));
#1481 = ADVANCED_FACE('',(#1482),#1509,.T.);
#1482 = FACE_BOUND('',#1483,.F.);
#1483 = EDGE_LOOP('',(#1484,#1485,#1494,#1502));
#1484 = ORIENTED_EDGE('',*,*,#1459,.T.);
#1485 = ORIENTED_EDGE('',*,*,#1486,.T.);
#1486 = EDGE_CURVE('',#1451,#1487,#1489,.T.);
#1487 = VERTEX_POINT('',#1488);
#1488 = CARTESIAN_POINT('',(-7.887465909253,2.418756194901,10.));
#1489 = CIRCLE('',#1490,8.249999999999);
#1490 = AXIS2_PLACEMENT_3D('',#1491,#1492,#1493);
#1491 = CARTESIAN_POINT('',(7.016340325423E-03,2.299952714871E-02,10.));
#1492 = DIRECTION('',(0.,0.,1.));
#1493 = DIRECTION('',(-0.922022598358,0.387136058922,0.));
#1494 = ORIENTED_EDGE('',*,*,#1495,.F.);
#1495 = EDGE_CURVE('',#1496,#1487,#1498,.T.);
#1496 = VERTEX_POINT('',#1497);
#1497 = CARTESIAN_POINT('',(-7.887465909253,2.418756194901,0.));
#1498 = LINE('',#1499,#1500);
#1499 = CARTESIAN_POINT('',(-7.887465909253,2.418756194901,0.));
#1500 = VECTOR('',#1501,1.);
#1501 = DIRECTION('',(0.,0.,1.));
#1502 = ORIENTED_EDGE('',*,*,#1503,.F.);
#1503 = EDGE_CURVE('',#1460,#1496,#1504,.T.);
#1504 = CIRCLE('',#1505,8.249999999999);
#1505 = AXIS2_PLACEMENT_3D('',#1506,#1507,#1508);
#1506 = CARTESIAN_POINT('',(7.016340325423E-03,2.299952714871E-02,0.));
#1507 = DIRECTION('',(0.,0.,1.));
#1508 = DIRECTION('',(-0.922022598358,0.387136058922,0.));
#1509 = CYLINDRICAL_SURFACE('',#1510,8.249999999999);
#1510 = AXIS2_PLACEMENT_3D('',#1511,#1512,#1513);
#1511 = CARTESIAN_POINT('',(7.016340325423E-03,2.299952714871E-02,0.));
#1512 = DIRECTION('',(-0.,-0.,-1.));
#1513 = DIRECTION('',(-0.922022598358,0.387136058922,0.));
#1514 = ADVANCED_FACE('',(#1515),#1542,.F.);
#1515 = FACE_BOUND('',#1516,.F.);
#1516 = EDGE_LOOP('',(#1517,#1518,#1527,#1535));
#1517 = ORIENTED_EDGE('',*,*,#1495,.T.);
#1518 = ORIENTED_EDGE('',*,*,#1519,.T.);
#1519 = EDGE_CURVE('',#1487,#1520,#1522,.T.);
#1520 = VERTEX_POINT('',#1521);
#1521 = CARTESIAN_POINT('',(-6.771820945291,1.248592557465,10.));
#1522 = B_SPLINE_CURVE_WITH_KNOTS('',3,(#1523,#1524,#1525,#1526),
  .UNSPECIFIED.,.F.,.F.,(4,4),(0.,1.),.PIECEWISE_BEZIER_KNOTS.);
#1523 = CARTESIAN_POINT('',(-7.887465909253,2.418756194901,10.));
#1524 = CARTESIAN_POINT('',(-7.484727435417,1.807210217074,10.));
#1525 = CARTESIAN_POINT('',(-7.07795202716,1.45106622124,10.));
#1526 = CARTESIAN_POINT('',(-6.771820945291,1.248592557465,10.));
#1527 = ORIENTED_EDGE('',*,*,#1528,.F.);
#1528 = EDGE_CURVE('',#1529,#1520,#1531,.T.);
#1529 = VERTEX_POINT('',#1530);
#1530 = CARTESIAN_POINT('',(-6.771820945291,1.248592557465,0.));
#1531 = LINE('',#1532,#1533);
#1532 = CARTESIAN_POINT('',(-6.771820945291,1.248592557465,0.));
#1533 = VECTOR('',#1534,1.);
#1534 = DIRECTION('',(0.,0.,1.));
#1535 = ORIENTED_EDGE('',*,*,#1536,.F.);
#1536 = EDGE_CURVE('',#1496,#1529,#1537,.T.);
#1537 = B_SPLINE_CURVE_WITH_KNOTS('',3,(#1538,#1539,#1540,#1541),
  .UNSPECIFIED.,.F.,.F.,(4,4),(0.,1.),.PIECEWISE_BEZIER_KNOTS.);
#1538 = CARTESIAN_POINT('',(-7.887465909253,2.418756194901,0.));
#1539 = CARTESIAN_POINT('',(-7.484727435417,1.807210217074,0.));
#1540 = CARTESIAN_POINT('',(-7.07795202716,1.45106622124,0.));
#1541 = CARTESIAN_POINT('',(-6.771820945291,1.248592557465,0.));
#1542 = SURFACE_OF_LINEAR_EXTRUSION('',#1543,#1548);
#1543 = B_SPLINE_CURVE_WITH_KNOTS('',3,(#1544,#1545,#1546,#1547),
  .UNSPECIFIED.,.F.,.F.,(4,4),(0.,1.),.PIECEWISE_BEZIER_KNOTS.);
#1544 = CARTESIAN_POINT('',(-7.887465909253,2.418756194901,0.));
#1545 = CARTESIAN_POINT('',(-7.484727435417,1.807210217074,0.));
#1546 = CARTESIAN_POINT('',(-7.07795202716,1.45106622124,0.));
#1547 = CARTESIAN_POINT('',(-6.771820945291,1.248592557465,0.));
#1548 = VECTOR('',#1549,1.);
#1549 = DIRECTION('',(-0.,-0.,-1.));
#1550 = ADVANCED_FACE('',(#1551),#1578,.F.);
#1551 = FACE_BOUND('',#1552,.F.);
#1552 = EDGE_LOOP('',(#1553,#1554,#1563,#1571));
#1553 = ORIENTED_EDGE('',*,*,#1528,.T.);
#1554 = ORIENTED_EDGE('',*,*,#1555,.T.);
#1555 = EDGE_CURVE('',#1520,#1556,#1558,.T.);
#1556 = VERTEX_POINT('',#1557);
#1557 = CARTESIAN_POINT('',(-6.284961682469,1.013245135705,10.));
#1558 = B_SPLINE_CURVE_WITH_KNOTS('',3,(#1559,#1560,#1561,#1562),
  .UNSPECIFIED.,.F.,.F.,(4,4),(0.,1.),.PIECEWISE_BEZIER_KNOTS.);
#1559 = CARTESIAN_POINT('',(-6.771820945291,1.248592557465,10.));
#1560 = CARTESIAN_POINT('',(-6.512662428964,1.080147158796,10.));
#1561 = CARTESIAN_POINT('',(-6.342777598394,1.027666058594,10.));
#1562 = CARTESIAN_POINT('',(-6.284961682469,1.013245135705,10.));
#1563 = ORIENTED_EDGE('',*,*,#1564,.F.);
#1564 = EDGE_CURVE('',#1565,#1556,#1567,.T.);
#1565 = VERTEX_POINT('',#1566);
#1566 = CARTESIAN_POINT('',(-6.284961682469,1.013245135705,0.));
#1567 = LINE('',#1568,#1569);
#1568 = CARTESIAN_POINT('',(-6.284961682469,1.013245135705,0.));
#1569 = VECTOR('',#1570,1.);
#1570 = DIRECTION('',(0.,0.,1.));
#1571 = ORIENTED_EDGE('',*,*,#1572,.F.);
#1572 = EDGE_CURVE('',#1529,#1565,#1573,.T.);
#1573 = B_SPLINE_CURVE_WITH_KNOTS('',3,(#1574,#1575,#1576,#1577),
  .UNSPECIFIED.,.F.,.F.,(4,4),(0.,1.),.PIECEWISE_BEZIER_KNOTS.);
#1574 = CARTESIAN_POINT('',(-6.771820945291,1.248592557465,0.));
#1575 = CARTESIAN_POINT('',(-6.512662428964,1.080147158796,0.));
#1576 = CARTESIAN_POINT('',(-6.342777598394,1.027666058594,0.));
#1577 = CARTESIAN_POINT('',(-6.284961682469,1.013245135705,0.));
#1578 = SURFACE_OF_LINEAR_EXTRUSION('',#1579,#1584);
#1579 = B_SPLINE_CURVE_WITH_KNOTS('',3,(#1580,#1581,#1582,#1583),
  .UNSPECIFIED.,.F.,.F.,(4,4),(0.,1.),.PIECEWISE_BEZIER_KNOTS.);
#1580 = CARTESIAN_POINT('',(-6.771820945291,1.248592557465,0.));
#1581 = CARTESIAN_POINT('',(-6.512662428964,1.080147158796,0.));
#1582 = CARTESIAN_POINT('',(-6.342777598394,1.027666058594,0.));
#1583 = CARTESIAN_POINT('',(-6.284961682469,1.013245135705,0.));
#1584 = VECTOR('',#1585,1.);
#1585 = DIRECTION('',(-0.,-0.,-1.));
#1586 = ADVANCED_FACE('',(#1587),#1612,.F.);
#1587 = FACE_BOUND('',#1588,.F.);
#1588 = EDGE_LOOP('',(#1589,#1590,#1598,#1606));
#1589 = ORIENTED_EDGE('',*,*,#1564,.T.);
#1590 = ORIENTED_EDGE('',*,*,#1591,.T.);
#1591 = EDGE_CURVE('',#1556,#1592,#1594,.T.);
#1592 = VERTEX_POINT('',#1593);
#1593 = CARTESIAN_POINT('',(-5.375774422918,0.865490816765,10.));
#1594 = LINE('',#1595,#1596);
#1595 = CARTESIAN_POINT('',(-6.284961682469,1.013245135705,10.));
#1596 = VECTOR('',#1597,1.);
#1597 = DIRECTION('',(0.987050776987,-0.160408115908,0.));
#1598 = ORIENTED_EDGE('',*,*,#1599,.F.);
#1599 = EDGE_CURVE('',#1600,#1592,#1602,.T.);
#1600 = VERTEX_POINT('',#1601);
#1601 = CARTESIAN_POINT('',(-5.375774422918,0.865490816765,0.));
#1602 = LINE('',#1603,#1604);
#1603 = CARTESIAN_POINT('',(-5.375774422918,0.865490816765,0.));
#1604 = VECTOR('',#1605,1.);
#1605 = DIRECTION('',(0.,0.,1.));
#1606 = ORIENTED_EDGE('',*,*,#1607,.F.);
#1607 = EDGE_CURVE('',#1565,#1600,#1608,.T.);
#1608 = LINE('',#1609,#1610);
#1609 = CARTESIAN_POINT('',(-6.284961682469,1.013245135705,0.));
#1610 = VECTOR('',#1611,1.);
#1611 = DIRECTION('',(0.987050776987,-0.160408115908,0.));
#1612 = PLANE('',#1613);
#1613 = AXIS2_PLACEMENT_3D('',#1614,#1615,#1616);
#1614 = CARTESIAN_POINT('',(-6.284961682469,1.013245135705,0.));
#1615 = DIRECTION('',(0.160408115908,0.987050776987,0.));
#1616 = DIRECTION('',(0.987050776987,-0.160408115908,0.));
#1617 = ADVANCED_FACE('',(#1618),#1645,.F.);
#1618 = FACE_BOUND('',#1619,.F.);
#1619 = EDGE_LOOP('',(#1620,#1621,#1630,#1638));
#1620 = ORIENTED_EDGE('',*,*,#1599,.T.);
#1621 = ORIENTED_EDGE('',*,*,#1622,.T.);
#1622 = EDGE_CURVE('',#1592,#1623,#1625,.T.);
#1623 = VERTEX_POINT('',#1624);
#1624 = CARTESIAN_POINT('',(-4.867541001563,0.269572992161,10.));
#1625 = CIRCLE('',#1626,0.57);
#1626 = AXIS2_PLACEMENT_3D('',#1627,#1628,#1629);
#1627 = CARTESIAN_POINT('',(-5.43679292654,0.298766243259,10.));
#1628 = DIRECTION('',(0.,0.,-1.));
#1629 = DIRECTION('',(0.107050006356,0.99425363773,0.));
#1630 = ORIENTED_EDGE('',*,*,#1631,.F.);
#1631 = EDGE_CURVE('',#1632,#1623,#1634,.T.);
#1632 = VERTEX_POINT('',#1633);
#1633 = CARTESIAN_POINT('',(-4.867541001563,0.269572992161,0.));
#1634 = LINE('',#1635,#1636);
#1635 = CARTESIAN_POINT('',(-4.867541001563,0.269572992161,0.));
#1636 = VECTOR('',#1637,1.);
#1637 = DIRECTION('',(0.,0.,1.));
#1638 = ORIENTED_EDGE('',*,*,#1639,.F.);
#1639 = EDGE_CURVE('',#1600,#1632,#1640,.T.);
#1640 = CIRCLE('',#1641,0.57);
#1641 = AXIS2_PLACEMENT_3D('',#1642,#1643,#1644);
#1642 = CARTESIAN_POINT('',(-5.43679292654,0.298766243259,0.));
#1643 = DIRECTION('',(0.,0.,-1.));
#1644 = DIRECTION('',(0.107050006356,0.99425363773,0.));
#1645 = CYLINDRICAL_SURFACE('',#1646,0.57);
#1646 = AXIS2_PLACEMENT_3D('',#1647,#1648,#1649);
#1647 = CARTESIAN_POINT('',(-5.43679292654,0.298766243259,0.));
#1648 = DIRECTION('',(0.,0.,-1.));
#1649 = DIRECTION('',(0.107050006356,0.99425363773,0.));
#1650 = ADVANCED_FACE('',(#1651),#1678,.T.);
#1651 = FACE_BOUND('',#1652,.F.);
#1652 = EDGE_LOOP('',(#1653,#1654,#1663,#1671));
#1653 = ORIENTED_EDGE('',*,*,#1631,.T.);
#1654 = ORIENTED_EDGE('',*,*,#1655,.T.);
#1655 = EDGE_CURVE('',#1623,#1656,#1658,.T.);
#1656 = VERTEX_POINT('',#1657);
#1657 = CARTESIAN_POINT('',(-4.867541001563,-0.269572992161,10.));
#1658 = CIRCLE('',#1659,4.875);
#1659 = AXIS2_PLACEMENT_3D('',#1660,#1661,#1662);
#1660 = CARTESIAN_POINT('',(2.113864638886E-13,8.881784197001E-16,10.));
#1661 = DIRECTION('',(0.,0.,1.));
#1662 = DIRECTION('',(-0.998469949039,5.5297024033E-02,0.));
#1663 = ORIENTED_EDGE('',*,*,#1664,.F.);
#1664 = EDGE_CURVE('',#1665,#1656,#1667,.T.);
#1665 = VERTEX_POINT('',#1666);
#1666 = CARTESIAN_POINT('',(-4.867541001563,-0.269572992161,0.));
#1667 = LINE('',#1668,#1669);
#1668 = CARTESIAN_POINT('',(-4.867541001563,-0.269572992161,0.));
#1669 = VECTOR('',#1670,1.);
#1670 = DIRECTION('',(0.,0.,1.));
#1671 = ORIENTED_EDGE('',*,*,#1672,.F.);
#1672 = EDGE_CURVE('',#1632,#1665,#1673,.T.);
#1673 = CIRCLE('',#1674,4.875);
#1674 = AXIS2_PLACEMENT_3D('',#1675,#1676,#1677);
#1675 = CARTESIAN_POINT('',(2.113864638886E-13,8.881784197001E-16,0.));
#1676 = DIRECTION('',(0.,0.,1.));
#1677 = DIRECTION('',(-0.998469949039,5.5297024033E-02,0.));
#1678 = CYLINDRICAL_SURFACE('',#1679,4.875);
#1679 = AXIS2_PLACEMENT_3D('',#1680,#1681,#1682);
#1680 = CARTESIAN_POINT('',(2.113864638886E-13,8.881784197001E-16,0.));
#1681 = DIRECTION('',(-0.,-0.,-1.));
#1682 = DIRECTION('',(-0.998469949039,5.5297024033E-02,0.));
#1683 = ADVANCED_FACE('',(#1684),#1711,.F.);
#1684 = FACE_BOUND('',#1685,.F.);
#1685 = EDGE_LOOP('',(#1686,#1687,#1696,#1704));
#1686 = ORIENTED_EDGE('',*,*,#1664,.T.);
#1687 = ORIENTED_EDGE('',*,*,#1688,.T.);
#1688 = EDGE_CURVE('',#1656,#1689,#1691,.T.);
#1689 = VERTEX_POINT('',#1690);
#1690 = CARTESIAN_POINT('',(-5.375774422918,-0.865490816765,10.));
#1691 = CIRCLE('',#1692,0.57);
#1692 = AXIS2_PLACEMENT_3D('',#1693,#1694,#1695);
#1693 = CARTESIAN_POINT('',(-5.43679292654,-0.298766243259,10.));
#1694 = DIRECTION('',(0.,0.,-1.));
#1695 = DIRECTION('',(0.998687587679,5.121622999707E-02,0.));
#1696 = ORIENTED_EDGE('',*,*,#1697,.F.);
#1697 = EDGE_CURVE('',#1698,#1689,#1700,.T.);
#1698 = VERTEX_POINT('',#1699);
#1699 = CARTESIAN_POINT('',(-5.375774422918,-0.865490816765,0.));
#1700 = LINE('',#1701,#1702);
#1701 = CARTESIAN_POINT('',(-5.375774422918,-0.865490816765,0.));
#1702 = VECTOR('',#1703,1.);
#1703 = DIRECTION('',(0.,0.,1.));
#1704 = ORIENTED_EDGE('',*,*,#1705,.F.);
#1705 = EDGE_CURVE('',#1665,#1698,#1706,.T.);
#1706 = CIRCLE('',#1707,0.57);
#1707 = AXIS2_PLACEMENT_3D('',#1708,#1709,#1710);
#1708 = CARTESIAN_POINT('',(-5.43679292654,-0.298766243259,0.));
#1709 = DIRECTION('',(0.,0.,-1.));
#1710 = DIRECTION('',(0.998687587679,5.121622999707E-02,0.));
#1711 = CYLINDRICAL_SURFACE('',#1712,0.57);
#1712 = AXIS2_PLACEMENT_3D('',#1713,#1714,#1715);
#1713 = CARTESIAN_POINT('',(-5.43679292654,-0.298766243259,0.));
#1714 = DIRECTION('',(0.,0.,-1.));
#1715 = DIRECTION('',(0.998687587679,5.121622999707E-02,0.));
#1716 = ADVANCED_FACE('',(#1717),#1742,.F.);
#1717 = FACE_BOUND('',#1718,.F.);
#1718 = EDGE_LOOP('',(#1719,#1720,#1728,#1736));
#1719 = ORIENTED_EDGE('',*,*,#1697,.T.);
#1720 = ORIENTED_EDGE('',*,*,#1721,.T.);
#1721 = EDGE_CURVE('',#1689,#1722,#1724,.T.);
#1722 = VERTEX_POINT('',#1723);
#1723 = CARTESIAN_POINT('',(-6.284961682469,-1.013245135705,10.));
#1724 = LINE('',#1725,#1726);
#1725 = CARTESIAN_POINT('',(-5.375774422918,-0.865490816765,10.));
#1726 = VECTOR('',#1727,1.);
#1727 = DIRECTION('',(-0.987050776987,-0.160408115908,0.));
#1728 = ORIENTED_EDGE('',*,*,#1729,.F.);
#1729 = EDGE_CURVE('',#1730,#1722,#1732,.T.);
#1730 = VERTEX_POINT('',#1731);
#1731 = CARTESIAN_POINT('',(-6.284961682469,-1.013245135705,0.));
#1732 = LINE('',#1733,#1734);
#1733 = CARTESIAN_POINT('',(-6.284961682469,-1.013245135705,0.));
#1734 = VECTOR('',#1735,1.);
#1735 = DIRECTION('',(0.,0.,1.));
#1736 = ORIENTED_EDGE('',*,*,#1737,.F.);
#1737 = EDGE_CURVE('',#1698,#1730,#1738,.T.);
#1738 = LINE('',#1739,#1740);
#1739 = CARTESIAN_POINT('',(-5.375774422918,-0.865490816765,0.));
#1740 = VECTOR('',#1741,1.);
#1741 = DIRECTION('',(-0.987050776987,-0.160408115908,0.));
#1742 = PLANE('',#1743);
#1743 = AXIS2_PLACEMENT_3D('',#1744,#1745,#1746);
#1744 = CARTESIAN_POINT('',(-5.375774422918,-0.865490816765,0.));
#1745 = DIRECTION('',(0.160408115908,-0.987050776987,0.));
#1746 = DIRECTION('',(-0.987050776987,-0.160408115908,0.));
#1747 = ADVANCED_FACE('',(#1748),#1775,.F.);
#1748 = FACE_BOUND('',#1749,.F.);
#1749 = EDGE_LOOP('',(#1750,#1751,#1760,#1768));
#1750 = ORIENTED_EDGE('',*,*,#1729,.T.);
#1751 = ORIENTED_EDGE('',*,*,#1752,.T.);
#1752 = EDGE_CURVE('',#1722,#1753,#1755,.T.);
#1753 = VERTEX_POINT('',#1754);
#1754 = CARTESIAN_POINT('',(-6.771820945291,-1.248592557465,10.));
#1755 = B_SPLINE_CURVE_WITH_KNOTS('',3,(#1756,#1757,#1758,#1759),
  .UNSPECIFIED.,.F.,.F.,(4,4),(0.,1.),.PIECEWISE_BEZIER_KNOTS.);
#1756 = CARTESIAN_POINT('',(-6.284961682469,-1.013245135705,10.));
#1757 = CARTESIAN_POINT('',(-6.342777598394,-1.027666058594,10.));
#1758 = CARTESIAN_POINT('',(-6.512662428964,-1.080147158796,10.));
#1759 = CARTESIAN_POINT('',(-6.771820945291,-1.248592557465,10.));
#1760 = ORIENTED_EDGE('',*,*,#1761,.F.);
#1761 = EDGE_CURVE('',#1762,#1753,#1764,.T.);
#1762 = VERTEX_POINT('',#1763);
#1763 = CARTESIAN_POINT('',(-6.771820945291,-1.248592557465,0.));
#1764 = LINE('',#1765,#1766);
#1765 = CARTESIAN_POINT('',(-6.771820945291,-1.248592557465,0.));
#1766 = VECTOR('',#1767,1.);
#1767 = DIRECTION('',(0.,0.,1.));
#1768 = ORIENTED_EDGE('',*,*,#1769,.F.);
#1769 = EDGE_CURVE('',#1730,#1762,#1770,.T.);
#1770 = B_SPLINE_CURVE_WITH_KNOTS('',3,(#1771,#1772,#1773,#1774),
  .UNSPECIFIED.,.F.,.F.,(4,4),(0.,1.),.PIECEWISE_BEZIER_KNOTS.);
#1771 = CARTESIAN_POINT('',(-6.284961682469,-1.013245135705,0.));
#1772 = CARTESIAN_POINT('',(-6.342777598394,-1.027666058594,0.));
#1773 = CARTESIAN_POINT('',(-6.512662428964,-1.080147158796,0.));
#1774 = CARTESIAN_POINT('',(-6.771820945291,-1.248592557465,0.));
#1775 = SURFACE_OF_LINEAR_EXTRUSION('',#1776,#1781);
#1776 = B_SPLINE_CURVE_WITH_KNOTS('',3,(#1777,#1778,#1779,#1780),
  .UNSPECIFIED.,.F.,.F.,(4,4),(0.,1.),.PIECEWISE_BEZIER_KNOTS.);
#1777 = CARTESIAN_POINT('',(-6.284961682469,-1.013245135705,0.));
#1778 = CARTESIAN_POINT('',(-6.342777598394,-1.027666058594,0.));
#1779 = CARTESIAN_POINT('',(-6.512662428964,-1.080147158796,0.));
#1780 = CARTESIAN_POINT('',(-6.771820945291,-1.248592557465,0.));
#1781 = VECTOR('',#1782,1.);
#1782 = DIRECTION('',(-0.,-0.,-1.));
#1783 = ADVANCED_FACE('',(#1784),#1811,.F.);
#1784 = FACE_BOUND('',#1785,.F.);
#1785 = EDGE_LOOP('',(#1786,#1787,#1796,#1804));
#1786 = ORIENTED_EDGE('',*,*,#1761,.T.);
#1787 = ORIENTED_EDGE('',*,*,#1788,.T.);
#1788 = EDGE_CURVE('',#1753,#1789,#1791,.T.);
#1789 = VERTEX_POINT('',#1790);
#1790 = CARTESIAN_POINT('',(-7.889450518743,-2.420706845511,10.));
#1791 = B_SPLINE_CURVE_WITH_KNOTS('',3,(#1792,#1793,#1794,#1795),
  .UNSPECIFIED.,.F.,.F.,(4,4),(0.,1.),.PIECEWISE_BEZIER_KNOTS.);
#1792 = CARTESIAN_POINT('',(-6.771820945291,-1.248592557465,10.));
#1793 = CARTESIAN_POINT('',(-7.07795202716,-1.45106622124,10.));
#1794 = CARTESIAN_POINT('',(-7.484727435417,-1.807210217074,10.));
#1795 = CARTESIAN_POINT('',(-7.889450518743,-2.420706845511,10.));
#1796 = ORIENTED_EDGE('',*,*,#1797,.F.);
#1797 = EDGE_CURVE('',#1798,#1789,#1800,.T.);
#1798 = VERTEX_POINT('',#1799);
#1799 = CARTESIAN_POINT('',(-7.889450518743,-2.420706845511,0.));
#1800 = LINE('',#1801,#1802);
#1801 = CARTESIAN_POINT('',(-7.889450518743,-2.420706845511,0.));
#1802 = VECTOR('',#1803,1.);
#1803 = DIRECTION('',(0.,0.,1.));
#1804 = ORIENTED_EDGE('',*,*,#1805,.F.);
#1805 = EDGE_CURVE('',#1762,#1798,#1806,.T.);
#1806 = B_SPLINE_CURVE_WITH_KNOTS('',3,(#1807,#1808,#1809,#1810),
  .UNSPECIFIED.,.F.,.F.,(4,4),(0.,1.),.PIECEWISE_BEZIER_KNOTS.);
#1807 = CARTESIAN_POINT('',(-6.771820945291,-1.248592557465,0.));
#1808 = CARTESIAN_POINT('',(-7.07795202716,-1.45106622124,0.));
#1809 = CARTESIAN_POINT('',(-7.484727435417,-1.807210217074,0.));
#1810 = CARTESIAN_POINT('',(-7.889450518743,-2.420706845511,0.));
#1811 = SURFACE_OF_LINEAR_EXTRUSION('',#1812,#1817);
#1812 = B_SPLINE_CURVE_WITH_KNOTS('',3,(#1813,#1814,#1815,#1816),
  .UNSPECIFIED.,.F.,.F.,(4,4),(0.,1.),.PIECEWISE_BEZIER_KNOTS.);
#1813 = CARTESIAN_POINT('',(-6.771820945291,-1.248592557465,0.));
#1814 = CARTESIAN_POINT('',(-7.07795202716,-1.45106622124,0.));
#1815 = CARTESIAN_POINT('',(-7.484727435417,-1.807210217074,0.));
#1816 = CARTESIAN_POINT('',(-7.889450518743,-2.420706845511,0.));
#1817 = VECTOR('',#1818,1.);
#1818 = DIRECTION('',(-0.,-0.,-1.));
#1819 = ADVANCED_FACE('',(#1820),#1847,.T.);
#1820 = FACE_BOUND('',#1821,.F.);
#1821 = EDGE_LOOP('',(#1822,#1823,#1832,#1840));
#1822 = ORIENTED_EDGE('',*,*,#1797,.T.);
#1823 = ORIENTED_EDGE('',*,*,#1824,.T.);
#1824 = EDGE_CURVE('',#1789,#1825,#1827,.T.);
#1825 = VERTEX_POINT('',#1826);
#1826 = CARTESIAN_POINT('',(-7.596895943009,-3.217090615929,10.));
#1827 = CIRCLE('',#1828,8.249999999999);
#1828 = AXIS2_PLACEMENT_3D('',#1829,#1830,#1831);
#1829 = CARTESIAN_POINT('',(-9.408982562829E-03,2.212867659305E-02,10.)
  );
#1830 = DIRECTION('',(0.,0.,1.));
#1831 = DIRECTION('',(-0.95515654984,-0.296101275407,0.));
#1832 = ORIENTED_EDGE('',*,*,#1833,.F.);
#1833 = EDGE_CURVE('',#1834,#1825,#1836,.T.);
#1834 = VERTEX_POINT('',#1835);
#1835 = CARTESIAN_POINT('',(-7.596895943009,-3.217090615929,0.));
#1836 = LINE('',#1837,#1838);
#1837 = CARTESIAN_POINT('',(-7.596895943009,-3.217090615929,0.));
#1838 = VECTOR('',#1839,1.);
#1839 = DIRECTION('',(0.,0.,1.));
#1840 = ORIENTED_EDGE('',*,*,#1841,.F.);
#1841 = EDGE_CURVE('',#1798,#1834,#1842,.T.);
#1842 = CIRCLE('',#1843,8.249999999999);
#1843 = AXIS2_PLACEMENT_3D('',#1844,#1845,#1846);
#1844 = CARTESIAN_POINT('',(-9.408982562829E-03,2.212867659305E-02,0.));
#1845 = DIRECTION('',(0.,0.,1.));
#1846 = DIRECTION('',(-0.95515654984,-0.296101275407,0.));
#1847 = CYLINDRICAL_SURFACE('',#1848,8.249999999999);
#1848 = AXIS2_PLACEMENT_3D('',#1849,#1850,#1851);
#1849 = CARTESIAN_POINT('',(-9.408982562829E-03,2.212867659305E-02,0.));
#1850 = DIRECTION('',(-0.,-0.,-1.));
#1851 = DIRECTION('',(-0.95515654984,-0.296101275407,0.));
#1852 = ADVANCED_FACE('',(#1853),#1880,.F.);
#1853 = FACE_BOUND('',#1854,.F.);
#1854 = EDGE_LOOP('',(#1855,#1856,#1865,#1873));
#1855 = ORIENTED_EDGE('',*,*,#1833,.T.);
#1856 = ORIENTED_EDGE('',*,*,#1857,.T.);
#1857 = EDGE_CURVE('',#1825,#1858,#1860,.T.);
#1858 = VERTEX_POINT('',#1859);
#1859 = CARTESIAN_POINT('',(-5.990095630422,-3.396365208283,10.));
#1860 = B_SPLINE_CURVE_WITH_KNOTS('',3,(#1861,#1862,#1863,#1864),
  .UNSPECIFIED.,.F.,.F.,(4,4),(0.,1.),.PIECEWISE_BEZIER_KNOTS.);
#1861 = CARTESIAN_POINT('',(-7.596895943009,-3.217090615929,10.));
#1862 = CARTESIAN_POINT('',(-6.895286195795,-3.42668671303,10.));
#1863 = CARTESIAN_POINT('',(-6.354753206916,-3.438038649635,10.));
#1864 = CARTESIAN_POINT('',(-5.990095630422,-3.396365208283,10.));
#1865 = ORIENTED_EDGE('',*,*,#1866,.F.);
#1866 = EDGE_CURVE('',#1867,#1858,#1869,.T.);
#1867 = VERTEX_POINT('',#1868);
#1868 = CARTESIAN_POINT('',(-5.990095630422,-3.396365208283,0.));
#1869 = LINE('',#1870,#1871);
#1870 = CARTESIAN_POINT('',(-5.990095630422,-3.396365208283,0.));
#1871 = VECTOR('',#1872,1.);
#1872 = DIRECTION('',(0.,0.,1.));
#1873 = ORIENTED_EDGE('',*,*,#1874,.F.);
#1874 = EDGE_CURVE('',#1834,#1867,#1875,.T.);
#1875 = B_SPLINE_CURVE_WITH_KNOTS('',3,(#1876,#1877,#1878,#1879),
  .UNSPECIFIED.,.F.,.F.,(4,4),(0.,1.),.PIECEWISE_BEZIER_KNOTS.);
#1876 = CARTESIAN_POINT('',(-7.596895943009,-3.217090615929,0.));
#1877 = CARTESIAN_POINT('',(-6.895286195795,-3.42668671303,0.));
#1878 = CARTESIAN_POINT('',(-6.354753206916,-3.438038649635,0.));
#1879 = CARTESIAN_POINT('',(-5.990095630422,-3.396365208283,0.));
#1880 = SURFACE_OF_LINEAR_EXTRUSION('',#1881,#1886);
#1881 = B_SPLINE_CURVE_WITH_KNOTS('',3,(#1882,#1883,#1884,#1885),
  .UNSPECIFIED.,.F.,.F.,(4,4),(0.,1.),.PIECEWISE_BEZIER_KNOTS.);
#1882 = CARTESIAN_POINT('',(-7.596895943009,-3.217090615929,0.));
#1883 = CARTESIAN_POINT('',(-6.895286195795,-3.42668671303,0.));
#1884 = CARTESIAN_POINT('',(-6.354753206916,-3.438038649635,0.));
#1885 = CARTESIAN_POINT('',(-5.990095630422,-3.396365208283,0.));
#1886 = VECTOR('',#1887,1.);
#1887 = DIRECTION('',(-0.,-0.,-1.));
#1888 = ADVANCED_FACE('',(#1889),#1916,.F.);
#1889 = FACE_BOUND('',#1890,.F.);
#1890 = EDGE_LOOP('',(#1891,#1892,#1901,#1909));
#1891 = ORIENTED_EDGE('',*,*,#1866,.T.);
#1892 = ORIENTED_EDGE('',*,*,#1893,.T.);
#1893 = EDGE_CURVE('',#1858,#1894,#1896,.T.);
#1894 = VERTEX_POINT('',#1895);
#1895 = CARTESIAN_POINT('',(-5.465861390877,-3.263704691122,10.));
#1896 = B_SPLINE_CURVE_WITH_KNOTS('',3,(#1897,#1898,#1899,#1900),
  .UNSPECIFIED.,.F.,.F.,(4,4),(0.,1.),.PIECEWISE_BEZIER_KNOTS.);
#1897 = CARTESIAN_POINT('',(-5.990095630422,-3.396365208283,10.));
#1898 = CARTESIAN_POINT('',(-5.68329407393,-3.358817986662,10.));
#1899 = CARTESIAN_POINT('',(-5.519420542549,-3.289820977677,10.));
#1900 = CARTESIAN_POINT('',(-5.465861390877,-3.263704691122,10.));
#1901 = ORIENTED_EDGE('',*,*,#1902,.F.);
#1902 = EDGE_CURVE('',#1903,#1894,#1905,.T.);
#1903 = VERTEX_POINT('',#1904);
#1904 = CARTESIAN_POINT('',(-5.465861390877,-3.263704691122,0.));
#1905 = LINE('',#1906,#1907);
#1906 = CARTESIAN_POINT('',(-5.465861390877,-3.263704691122,0.));
#1907 = VECTOR('',#1908,1.);
#1908 = DIRECTION('',(0.,0.,1.));
#1909 = ORIENTED_EDGE('',*,*,#1910,.F.);
#1910 = EDGE_CURVE('',#1867,#1903,#1911,.T.);
#1911 = B_SPLINE_CURVE_WITH_KNOTS('',3,(#1912,#1913,#1914,#1915),
  .UNSPECIFIED.,.F.,.F.,(4,4),(0.,1.),.PIECEWISE_BEZIER_KNOTS.);
#1912 = CARTESIAN_POINT('',(-5.990095630422,-3.396365208283,0.));
#1913 = CARTESIAN_POINT('',(-5.68329407393,-3.358817986662,0.));
#1914 = CARTESIAN_POINT('',(-5.519420542549,-3.289820977677,0.));
#1915 = CARTESIAN_POINT('',(-5.465861390877,-3.263704691122,0.));
#1916 = SURFACE_OF_LINEAR_EXTRUSION('',#1917,#1922);
#1917 = B_SPLINE_CURVE_WITH_KNOTS('',3,(#1918,#1919,#1920,#1921),
  .UNSPECIFIED.,.F.,.F.,(4,4),(0.,1.),.PIECEWISE_BEZIER_KNOTS.);
#1918 = CARTESIAN_POINT('',(-5.990095630422,-3.396365208283,0.));
#1919 = CARTESIAN_POINT('',(-5.68329407393,-3.358817986662,0.));
#1920 = CARTESIAN_POINT('',(-5.519420542549,-3.289820977677,0.));
#1921 = CARTESIAN_POINT('',(-5.465861390877,-3.263704691122,0.));
#1922 = VECTOR('',#1923,1.);
#1923 = DIRECTION('',(-0.,-0.,-1.));
#1924 = ADVANCED_FACE('',(#1925),#1950,.F.);
#1925 = FACE_BOUND('',#1926,.F.);
#1926 = EDGE_LOOP('',(#1927,#1928,#1936,#1944));
#1927 = ORIENTED_EDGE('',*,*,#1902,.T.);
#1928 = ORIENTED_EDGE('',*,*,#1929,.T.);
#1929 = EDGE_CURVE('',#1894,#1930,#1932,.T.);
#1930 = VERTEX_POINT('',#1931);
#1931 = CARTESIAN_POINT('',(-4.674408897451,-2.792476760768,10.));
#1932 = LINE('',#1933,#1934);
#1933 = CARTESIAN_POINT('',(-5.465861390877,-3.263704691122,10.));
#1934 = VECTOR('',#1935,1.);
#1935 = DIRECTION('',(0.859233112186,0.511584263756,0.));
#1936 = ORIENTED_EDGE('',*,*,#1937,.F.);
#1937 = EDGE_CURVE('',#1938,#1930,#1940,.T.);
#1938 = VERTEX_POINT('',#1939);
#1939 = CARTESIAN_POINT('',(-4.674408897451,-2.792476760768,0.));
#1940 = LINE('',#1941,#1942);
#1941 = CARTESIAN_POINT('',(-4.674408897451,-2.792476760768,0.));
#1942 = VECTOR('',#1943,1.);
#1943 = DIRECTION('',(0.,0.,1.));
#1944 = ORIENTED_EDGE('',*,*,#1945,.F.);
#1945 = EDGE_CURVE('',#1903,#1938,#1946,.T.);
#1946 = LINE('',#1947,#1948);
#1947 = CARTESIAN_POINT('',(-5.465861390877,-3.263704691122,0.));
#1948 = VECTOR('',#1949,1.);
#1949 = DIRECTION('',(0.859233112186,0.511584263756,0.));
#1950 = PLANE('',#1951);
#1951 = AXIS2_PLACEMENT_3D('',#1952,#1953,#1954);
#1952 = CARTESIAN_POINT('',(-5.465861390877,-3.263704691122,0.));
#1953 = DIRECTION('',(-0.511584263756,0.859233112186,0.));
#1954 = DIRECTION('',(0.859233112186,0.511584263756,0.));
#1955 = ADVANCED_FACE('',(#1956),#1983,.F.);
#1956 = FACE_BOUND('',#1957,.F.);
#1957 = EDGE_LOOP('',(#1958,#1959,#1968,#1976));
#1958 = ORIENTED_EDGE('',*,*,#1937,.T.);
#1959 = ORIENTED_EDGE('',*,*,#1960,.T.);
#1960 = EDGE_CURVE('',#1930,#1961,#1963,.T.);
#1961 = VERTEX_POINT('',#1962);
#1962 = CARTESIAN_POINT('',(-3.902030915168,-2.922290152786,10.));
#1963 = CIRCLE('',#1964,0.57);
#1964 = AXIS2_PLACEMENT_3D('',#1965,#1966,#1967);
#1965 = CARTESIAN_POINT('',(-4.356868249124,-3.265834909171,10.));
#1966 = DIRECTION('',(0.,0.,-1.));
#1967 = DIRECTION('',(-0.557088856714,0.830452891936,0.));
#1968 = ORIENTED_EDGE('',*,*,#1969,.F.);
#1969 = EDGE_CURVE('',#1970,#1961,#1972,.T.);
#1970 = VERTEX_POINT('',#1971);
#1971 = CARTESIAN_POINT('',(-3.902030915168,-2.922290152786,0.));
#1972 = LINE('',#1973,#1974);
#1973 = CARTESIAN_POINT('',(-3.902030915168,-2.922290152786,0.));
#1974 = VECTOR('',#1975,1.);
#1975 = DIRECTION('',(0.,0.,1.));
#1976 = ORIENTED_EDGE('',*,*,#1977,.F.);
#1977 = EDGE_CURVE('',#1938,#1970,#1978,.T.);
#1978 = CIRCLE('',#1979,0.57);
#1979 = AXIS2_PLACEMENT_3D('',#1980,#1981,#1982);
#1980 = CARTESIAN_POINT('',(-4.356868249124,-3.265834909171,0.));
#1981 = DIRECTION('',(0.,0.,-1.));
#1982 = DIRECTION('',(-0.557088856714,0.830452891936,0.));
#1983 = CYLINDRICAL_SURFACE('',#1984,0.57);
#1984 = AXIS2_PLACEMENT_3D('',#1985,#1986,#1987);
#1985 = CARTESIAN_POINT('',(-4.356868249124,-3.265834909171,0.));
#1986 = DIRECTION('',(0.,0.,-1.));
#1987 = DIRECTION('',(-0.557088856714,0.830452891936,0.));
#1988 = ADVANCED_FACE('',(#1989),#2016,.T.);
#1989 = FACE_BOUND('',#1990,.F.);
#1990 = EDGE_LOOP('',(#1991,#1992,#2001,#2009));
#1991 = ORIENTED_EDGE('',*,*,#1969,.T.);
#1992 = ORIENTED_EDGE('',*,*,#1993,.T.);
#1993 = EDGE_CURVE('',#1961,#1994,#1996,.T.);
#1994 = VERTEX_POINT('',#1995);
#1995 = CARTESIAN_POINT('',(-3.555474556634,-3.335299938106,10.));
#1996 = CIRCLE('',#1997,4.875000000001);
#1997 = AXIS2_PLACEMENT_3D('',#1998,#1999,#2000);
#1998 = CARTESIAN_POINT('',(8.644196469731E-13,7.305267502034E-13,10.));
#1999 = DIRECTION('',(0.,0.,1.));
#2000 = DIRECTION('',(-0.800416597983,-0.599444133905,0.));
#2001 = ORIENTED_EDGE('',*,*,#2002,.F.);
#2002 = EDGE_CURVE('',#2003,#1994,#2005,.T.);
#2003 = VERTEX_POINT('',#2004);
#2004 = CARTESIAN_POINT('',(-3.555474556634,-3.335299938106,0.));
#2005 = LINE('',#2006,#2007);
#2006 = CARTESIAN_POINT('',(-3.555474556634,-3.335299938106,0.));
#2007 = VECTOR('',#2008,1.);
#2008 = DIRECTION('',(0.,0.,1.));
#2009 = ORIENTED_EDGE('',*,*,#2010,.F.);
#2010 = EDGE_CURVE('',#1970,#2003,#2011,.T.);
#2011 = CIRCLE('',#2012,4.875000000001);
#2012 = AXIS2_PLACEMENT_3D('',#2013,#2014,#2015);
#2013 = CARTESIAN_POINT('',(8.644196469731E-13,7.305267502034E-13,0.));
#2014 = DIRECTION('',(0.,0.,1.));
#2015 = DIRECTION('',(-0.800416597983,-0.599444133905,0.));
#2016 = CYLINDRICAL_SURFACE('',#2017,4.875000000001);
#2017 = AXIS2_PLACEMENT_3D('',#2018,#2019,#2020);
#2018 = CARTESIAN_POINT('',(8.644196469731E-13,7.305267502034E-13,0.));
#2019 = DIRECTION('',(-0.,-0.,-1.));
#2020 = DIRECTION('',(-0.800416597983,-0.599444133905,0.));
#2021 = ADVANCED_FACE('',(#2022),#2049,.F.);
#2022 = FACE_BOUND('',#2023,.F.);
#2023 = EDGE_LOOP('',(#2024,#2025,#2034,#2042));
#2024 = ORIENTED_EDGE('',*,*,#2002,.T.);
#2025 = ORIENTED_EDGE('',*,*,#2026,.T.);
#2026 = EDGE_CURVE('',#1994,#2027,#2029,.T.);
#2027 = VERTEX_POINT('',#2028);
#2028 = CARTESIAN_POINT('',(-3.561755350823,-4.118485622275,10.));
#2029 = CIRCLE('',#2030,0.57);
#2030 = AXIS2_PLACEMENT_3D('',#2031,#2032,#2033);
#2031 = CARTESIAN_POINT('',(-3.972781770405,-3.723571350052,10.));
#2032 = DIRECTION('',(0.,0.,-1.));
#2033 = DIRECTION('',(0.732117918897,0.681177915695,0.));
#2034 = ORIENTED_EDGE('',*,*,#2035,.F.);
#2035 = EDGE_CURVE('',#2036,#2027,#2038,.T.);
#2036 = VERTEX_POINT('',#2037);
#2037 = CARTESIAN_POINT('',(-3.561755350823,-4.118485622275,0.));
#2038 = LINE('',#2039,#2040);
#2039 = CARTESIAN_POINT('',(-3.561755350823,-4.118485622275,0.));
#2040 = VECTOR('',#2041,1.);
#2041 = DIRECTION('',(0.,0.,1.));
#2042 = ORIENTED_EDGE('',*,*,#2043,.F.);
#2043 = EDGE_CURVE('',#2003,#2036,#2044,.T.);
#2044 = CIRCLE('',#2045,0.57);
#2045 = AXIS2_PLACEMENT_3D('',#2046,#2047,#2048);
#2046 = CARTESIAN_POINT('',(-3.972781770405,-3.723571350052,0.));
#2047 = DIRECTION('',(0.,0.,-1.));
#2048 = DIRECTION('',(0.732117918897,0.681177915695,0.));
#2049 = CYLINDRICAL_SURFACE('',#2050,0.57);
#2050 = AXIS2_PLACEMENT_3D('',#2051,#2052,#2053);
#2051 = CARTESIAN_POINT('',(-3.972781770405,-3.723571350052,0.));
#2052 = DIRECTION('',(0.,0.,-1.));
#2053 = DIRECTION('',(0.732117918897,0.681177915695,0.));
#2054 = ADVANCED_FACE('',(#2055),#2080,.F.);
#2055 = FACE_BOUND('',#2056,.F.);
#2056 = EDGE_LOOP('',(#2057,#2058,#2066,#2074));
#2057 = ORIENTED_EDGE('',*,*,#2035,.T.);
#2058 = ORIENTED_EDGE('',*,*,#2059,.T.);
#2059 = EDGE_CURVE('',#2027,#2060,#2062,.T.);
#2060 = VERTEX_POINT('',#2061);
#2061 = CARTESIAN_POINT('',(-4.163258553265,-4.81608630257,10.));
#2062 = LINE('',#2063,#2064);
#2063 = CARTESIAN_POINT('',(-3.561755350823,-4.118485622275,10.));
#2064 = VECTOR('',#2065,1.);
#2065 = DIRECTION('',(-0.653016413388,-0.757343755402,0.));
#2066 = ORIENTED_EDGE('',*,*,#2067,.F.);
#2067 = EDGE_CURVE('',#2068,#2060,#2070,.T.);
#2068 = VERTEX_POINT('',#2069);
#2069 = CARTESIAN_POINT('',(-4.163258553265,-4.81608630257,0.));
#2070 = LINE('',#2071,#2072);
#2071 = CARTESIAN_POINT('',(-4.163258553265,-4.81608630257,0.));
#2072 = VECTOR('',#2073,1.);
#2073 = DIRECTION('',(0.,0.,1.));
#2074 = ORIENTED_EDGE('',*,*,#2075,.F.);
#2075 = EDGE_CURVE('',#2036,#2068,#2076,.T.);
#2076 = LINE('',#2077,#2078);
#2077 = CARTESIAN_POINT('',(-3.561755350823,-4.118485622275,0.));
#2078 = VECTOR('',#2079,1.);
#2079 = DIRECTION('',(-0.653016413388,-0.757343755402,0.));
#2080 = PLANE('',#2081);
#2081 = AXIS2_PLACEMENT_3D('',#2082,#2083,#2084);
#2082 = CARTESIAN_POINT('',(-3.561755350823,-4.118485622275,0.));
#2083 = DIRECTION('',(0.757343755402,-0.653016413388,0.));
#2084 = DIRECTION('',(-0.653016413388,-0.757343755402,0.));
#2085 = ADVANCED_FACE('',(#2086),#2113,.F.);
#2086 = FACE_BOUND('',#2087,.F.);
#2087 = EDGE_LOOP('',(#2088,#2089,#2098,#2106));
#2088 = ORIENTED_EDGE('',*,*,#2067,.T.);
#2089 = ORIENTED_EDGE('',*,*,#2090,.T.);
#2090 = EDGE_CURVE('',#2060,#2091,#2093,.T.);
#2091 = VERTEX_POINT('',#2092);
#2092 = CARTESIAN_POINT('',(-4.384935979452,-5.309319989015,10.));
#2093 = B_SPLINE_CURVE_WITH_KNOTS('',3,(#2094,#2095,#2096,#2097),
  .UNSPECIFIED.,.F.,.F.,(4,4),(0.,1.),.PIECEWISE_BEZIER_KNOTS.);
#2094 = CARTESIAN_POINT('',(-4.163258553265,-4.81608630257,10.));
#2095 = CARTESIAN_POINT('',(-4.198278523829,-4.864296724813,10.));
#2096 = CARTESIAN_POINT('',(-4.294683653305,-5.013699444155,10.));
#2097 = CARTESIAN_POINT('',(-4.384935979452,-5.309319989015,10.));
#2098 = ORIENTED_EDGE('',*,*,#2099,.F.);
#2099 = EDGE_CURVE('',#2100,#2091,#2102,.T.);
#2100 = VERTEX_POINT('',#2101);
#2101 = CARTESIAN_POINT('',(-4.384935979452,-5.309319989015,0.));
#2102 = LINE('',#2103,#2104);
#2103 = CARTESIAN_POINT('',(-4.384935979452,-5.309319989015,0.));
#2104 = VECTOR('',#2105,1.);
#2105 = DIRECTION('',(0.,0.,1.));
#2106 = ORIENTED_EDGE('',*,*,#2107,.F.);
#2107 = EDGE_CURVE('',#2068,#2100,#2108,.T.);
#2108 = B_SPLINE_CURVE_WITH_KNOTS('',3,(#2109,#2110,#2111,#2112),
  .UNSPECIFIED.,.F.,.F.,(4,4),(0.,1.),.PIECEWISE_BEZIER_KNOTS.);
#2109 = CARTESIAN_POINT('',(-4.163258553265,-4.81608630257,0.));
#2110 = CARTESIAN_POINT('',(-4.198278523829,-4.864296724813,0.));
#2111 = CARTESIAN_POINT('',(-4.294683653305,-5.013699444155,0.));
#2112 = CARTESIAN_POINT('',(-4.384935979452,-5.309319989015,0.));
#2113 = SURFACE_OF_LINEAR_EXTRUSION('',#2114,#2119);
#2114 = B_SPLINE_CURVE_WITH_KNOTS('',3,(#2115,#2116,#2117,#2118),
  .UNSPECIFIED.,.F.,.F.,(4,4),(0.,1.),.PIECEWISE_BEZIER_KNOTS.);
#2115 = CARTESIAN_POINT('',(-4.163258553265,-4.81608630257,0.));
#2116 = CARTESIAN_POINT('',(-4.198278523829,-4.864296724813,0.));
#2117 = CARTESIAN_POINT('',(-4.294683653305,-5.013699444155,0.));
#2118 = CARTESIAN_POINT('',(-4.384935979452,-5.309319989015,0.));
#2119 = VECTOR('',#2120,1.);
#2120 = DIRECTION('',(-0.,-0.,-1.));
#2121 = ADVANCED_FACE('',(#2122),#2149,.F.);
#2122 = FACE_BOUND('',#2123,.F.);
#2123 = EDGE_LOOP('',(#2124,#2125,#2134,#2142));
#2124 = ORIENTED_EDGE('',*,*,#2099,.T.);
#2125 = ORIENTED_EDGE('',*,*,#2126,.T.);
#2126 = EDGE_CURVE('',#2091,#2127,#2129,.T.);
#2127 = VERTEX_POINT('',#2128);
#2128 = CARTESIAN_POINT('',(-4.487669362167,-6.925610068107,10.));
#2129 = B_SPLINE_CURVE_WITH_KNOTS('',3,(#2130,#2131,#2132,#2133),
  .UNSPECIFIED.,.F.,.F.,(4,4),(0.,1.),.PIECEWISE_BEZIER_KNOTS.);
#2130 = CARTESIAN_POINT('',(-4.384935979452,-5.309319989015,10.));
#2131 = CARTESIAN_POINT('',(-4.489298431221,-5.661201080392,10.));
#2132 = CARTESIAN_POINT('',(-4.571981524527,-6.195493401704,10.));
#2133 = CARTESIAN_POINT('',(-4.487669362167,-6.925610068107,10.));
#2134 = ORIENTED_EDGE('',*,*,#2135,.F.);
#2135 = EDGE_CURVE('',#2136,#2127,#2138,.T.);
#2136 = VERTEX_POINT('',#2137);
#2137 = CARTESIAN_POINT('',(-4.487669362167,-6.925610068107,0.));
#2138 = LINE('',#2139,#2140);
#2139 = CARTESIAN_POINT('',(-4.487669362167,-6.925610068107,0.));
#2140 = VECTOR('',#2141,1.);
#2141 = DIRECTION('',(0.,0.,1.));
#2142 = ORIENTED_EDGE('',*,*,#2143,.F.);
#2143 = EDGE_CURVE('',#2100,#2136,#2144,.T.);
#2144 = B_SPLINE_CURVE_WITH_KNOTS('',3,(#2145,#2146,#2147,#2148),
  .UNSPECIFIED.,.F.,.F.,(4,4),(0.,1.),.PIECEWISE_BEZIER_KNOTS.);
#2145 = CARTESIAN_POINT('',(-4.384935979452,-5.309319989015,0.));
#2146 = CARTESIAN_POINT('',(-4.489298431221,-5.661201080392,0.));
#2147 = CARTESIAN_POINT('',(-4.571981524527,-6.195493401704,0.));
#2148 = CARTESIAN_POINT('',(-4.487669362167,-6.925610068107,0.));
#2149 = SURFACE_OF_LINEAR_EXTRUSION('',#2150,#2155);
#2150 = B_SPLINE_CURVE_WITH_KNOTS('',3,(#2151,#2152,#2153,#2154),
  .UNSPECIFIED.,.F.,.F.,(4,4),(0.,1.),.PIECEWISE_BEZIER_KNOTS.);
#2151 = CARTESIAN_POINT('',(-4.384935979452,-5.309319989015,0.));
#2152 = CARTESIAN_POINT('',(-4.489298431221,-5.661201080392,0.));
#2153 = CARTESIAN_POINT('',(-4.571981524527,-6.195493401704,0.));
#2154 = CARTESIAN_POINT('',(-4.487669362167,-6.925610068107,0.));
#2155 = VECTOR('',#2156,1.);
#2156 = DIRECTION('',(-0.,-0.,-1.));
#2157 = ADVANCED_FACE('',(#2158),#2185,.T.);
#2158 = FACE_BOUND('',#2159,.F.);
#2159 = EDGE_LOOP('',(#2160,#2161,#2170,#2178));
#2160 = ORIENTED_EDGE('',*,*,#2135,.T.);
#2161 = ORIENTED_EDGE('',*,*,#2162,.T.);
#2162 = EDGE_CURVE('',#2127,#2163,#2165,.T.);
#2163 = VERTEX_POINT('',#2164);
#2164 = CARTESIAN_POINT('',(-3.751653934937,-7.347624973586,10.));
#2165 = CIRCLE('',#2166,8.250000000002);
#2166 = AXIS2_PLACEMENT_3D('',#2167,#2168,#2169);
#2167 = CARTESIAN_POINT('',(-2.143173793908E-02,1.090357232889E-02,10.)
  );
#2168 = DIRECTION('',(0.,0.,1.));
#2169 = DIRECTION('',(-0.54136213627,-0.840789532174,0.));
#2170 = ORIENTED_EDGE('',*,*,#2171,.F.);
#2171 = EDGE_CURVE('',#2172,#2163,#2174,.T.);
#2172 = VERTEX_POINT('',#2173);
#2173 = CARTESIAN_POINT('',(-3.751653934937,-7.347624973586,0.));
#2174 = LINE('',#2175,#2176);
#2175 = CARTESIAN_POINT('',(-3.751653934937,-7.347624973586,0.));
#2176 = VECTOR('',#2177,1.);
#2177 = DIRECTION('',(0.,0.,1.));
#2178 = ORIENTED_EDGE('',*,*,#2179,.F.);
#2179 = EDGE_CURVE('',#2136,#2172,#2180,.T.);
#2180 = CIRCLE('',#2181,8.250000000002);
#2181 = AXIS2_PLACEMENT_3D('',#2182,#2183,#2184);
#2182 = CARTESIAN_POINT('',(-2.143173793908E-02,1.090357232889E-02,0.));
#2183 = DIRECTION('',(0.,0.,1.));
#2184 = DIRECTION('',(-0.54136213627,-0.840789532174,0.));
#2185 = CYLINDRICAL_SURFACE('',#2186,8.250000000002);
#2186 = AXIS2_PLACEMENT_3D('',#2187,#2188,#2189);
#2187 = CARTESIAN_POINT('',(-2.143173793908E-02,1.090357232889E-02,0.));
#2188 = DIRECTION('',(-0.,-0.,-1.));
#2189 = DIRECTION('',(-0.54136213627,-0.840789532174,0.));
#2190 = ADVANCED_FACE('',(#2191),#2218,.F.);
#2191 = FACE_BOUND('',#2192,.F.);
#2192 = EDGE_LOOP('',(#2193,#2194,#2203,#2211));
#2193 = ORIENTED_EDGE('',*,*,#2171,.T.);
#2194 = ORIENTED_EDGE('',*,*,#2195,.T.);
#2195 = EDGE_CURVE('',#2163,#2196,#2198,.T.);
#2196 = VERTEX_POINT('',#2197);
#2197 = CARTESIAN_POINT('',(-2.405537997581,-6.452125946681,10.));
#2198 = B_SPLINE_CURVE_WITH_KNOTS('',3,(#2199,#2200,#2201,#2202),
  .UNSPECIFIED.,.F.,.F.,(4,4),(0.,1.),.PIECEWISE_BEZIER_KNOTS.);
#2199 = CARTESIAN_POINT('',(-3.751653934937,-7.347624973586,10.));
#2200 = CARTESIAN_POINT('',(-3.079463912591,-7.057198846726,10.));
#2201 = CARTESIAN_POINT('',(-2.658094735941,-6.718447026803,10.));
#2202 = CARTESIAN_POINT('',(-2.405537997581,-6.452125946681,10.));
#2203 = ORIENTED_EDGE('',*,*,#2204,.F.);
#2204 = EDGE_CURVE('',#2205,#2196,#2207,.T.);
#2205 = VERTEX_POINT('',#2206);
#2206 = CARTESIAN_POINT('',(-2.405537997581,-6.452125946681,0.));
#2207 = LINE('',#2208,#2209);
#2208 = CARTESIAN_POINT('',(-2.405537997581,-6.452125946681,0.));
#2209 = VECTOR('',#2210,1.);
#2210 = DIRECTION('',(0.,0.,1.));
#2211 = ORIENTED_EDGE('',*,*,#2212,.F.);
#2212 = EDGE_CURVE('',#2172,#2205,#2213,.T.);
#2213 = B_SPLINE_CURVE_WITH_KNOTS('',3,(#2214,#2215,#2216,#2217),
  .UNSPECIFIED.,.F.,.F.,(4,4),(0.,1.),.PIECEWISE_BEZIER_KNOTS.);
#2214 = CARTESIAN_POINT('',(-3.751653934937,-7.347624973586,0.));
#2215 = CARTESIAN_POINT('',(-3.079463912591,-7.057198846726,0.));
#2216 = CARTESIAN_POINT('',(-2.658094735941,-6.718447026803,0.));
#2217 = CARTESIAN_POINT('',(-2.405537997581,-6.452125946681,0.));
#2218 = SURFACE_OF_LINEAR_EXTRUSION('',#2219,#2224);
#2219 = B_SPLINE_CURVE_WITH_KNOTS('',3,(#2220,#2221,#2222,#2223),
  .UNSPECIFIED.,.F.,.F.,(4,4),(0.,1.),.PIECEWISE_BEZIER_KNOTS.);
#2220 = CARTESIAN_POINT('',(-3.751653934937,-7.347624973586,0.));
#2221 = CARTESIAN_POINT('',(-3.079463912591,-7.057198846726,0.));
#2222 = CARTESIAN_POINT('',(-2.658094735941,-6.718447026803,0.));
#2223 = CARTESIAN_POINT('',(-2.405537997581,-6.452125946681,0.));
#2224 = VECTOR('',#2225,1.);
#2225 = DIRECTION('',(-0.,-0.,-1.));
#2226 = ADVANCED_FACE('',(#2227),#2254,.F.);
#2227 = FACE_BOUND('',#2228,.F.);
#2228 = EDGE_LOOP('',(#2229,#2230,#2239,#2247));
#2229 = ORIENTED_EDGE('',*,*,#2204,.T.);
#2230 = ORIENTED_EDGE('',*,*,#2231,.T.);
#2231 = EDGE_CURVE('',#2196,#2232,#2234,.T.);
#2232 = VERTEX_POINT('',#2233);
#2233 = CARTESIAN_POINT('',(-2.089223808211,-6.013530820935,10.));
#2234 = B_SPLINE_CURVE_WITH_KNOTS('',3,(#2235,#2236,#2237,#2238),
  .UNSPECIFIED.,.F.,.F.,(4,4),(0.,1.),.PIECEWISE_BEZIER_KNOTS.);
#2235 = CARTESIAN_POINT('',(-2.405537997581,-6.452125946681,10.));
#2236 = CARTESIAN_POINT('',(-2.194649258926,-6.226154867058,10.));
#2237 = CARTESIAN_POINT('',(-2.113465273318,-6.067964216205,10.));
#2238 = CARTESIAN_POINT('',(-2.089223808211,-6.013530820935,10.));
#2239 = ORIENTED_EDGE('',*,*,#2240,.F.);
#2240 = EDGE_CURVE('',#2241,#2232,#2243,.T.);
#2241 = VERTEX_POINT('',#2242);
#2242 = CARTESIAN_POINT('',(-2.089223808211,-6.013530820935,0.));
#2243 = LINE('',#2244,#2245);
#2244 = CARTESIAN_POINT('',(-2.089223808211,-6.013530820935,0.));
#2245 = VECTOR('',#2246,1.);
#2246 = DIRECTION('',(0.,0.,1.));
#2247 = ORIENTED_EDGE('',*,*,#2248,.F.);
#2248 = EDGE_CURVE('',#2205,#2241,#2249,.T.);
#2249 = B_SPLINE_CURVE_WITH_KNOTS('',3,(#2250,#2251,#2252,#2253),
  .UNSPECIFIED.,.F.,.F.,(4,4),(0.,1.),.PIECEWISE_BEZIER_KNOTS.);
#2250 = CARTESIAN_POINT('',(-2.405537997581,-6.452125946681,0.));
#2251 = CARTESIAN_POINT('',(-2.194649258926,-6.226154867058,0.));
#2252 = CARTESIAN_POINT('',(-2.113465273318,-6.067964216205,0.));
#2253 = CARTESIAN_POINT('',(-2.089223808211,-6.013530820935,0.));
#2254 = SURFACE_OF_LINEAR_EXTRUSION('',#2255,#2260);
#2255 = B_SPLINE_CURVE_WITH_KNOTS('',3,(#2256,#2257,#2258,#2259),
  .UNSPECIFIED.,.F.,.F.,(4,4),(0.,1.),.PIECEWISE_BEZIER_KNOTS.);
#2256 = CARTESIAN_POINT('',(-2.405537997581,-6.452125946681,0.));
#2257 = CARTESIAN_POINT('',(-2.194649258926,-6.226154867058,0.));
#2258 = CARTESIAN_POINT('',(-2.113465273318,-6.067964216205,0.));
#2259 = CARTESIAN_POINT('',(-2.089223808211,-6.013530820935,0.));
#2260 = VECTOR('',#2261,1.);
#2261 = DIRECTION('',(-0.,-0.,-1.));
#2262 = ADVANCED_FACE('',(#2263),#2288,.F.);
#2263 = FACE_BOUND('',#2264,.F.);
#2264 = EDGE_LOOP('',(#2265,#2266,#2274,#2282));
#2265 = ORIENTED_EDGE('',*,*,#2240,.T.);
#2266 = ORIENTED_EDGE('',*,*,#2267,.T.);
#2267 = EDGE_CURVE('',#2232,#2268,#2270,.T.);
#2268 = VERTEX_POINT('',#2269);
#2269 = CARTESIAN_POINT('',(-1.785835498599,-5.143813427015,10.));
#2270 = LINE('',#2271,#2272);
#2271 = CARTESIAN_POINT('',(-2.089223808211,-6.013530820935,10.));
#2272 = VECTOR('',#2273,1.);
#2273 = DIRECTION('',(0.329370724881,0.944200680783,0.));
#2274 = ORIENTED_EDGE('',*,*,#2275,.F.);
#2275 = EDGE_CURVE('',#2276,#2268,#2278,.T.);
#2276 = VERTEX_POINT('',#2277);
#2277 = CARTESIAN_POINT('',(-1.785835498599,-5.143813427015,0.));
#2278 = LINE('',#2279,#2280);
#2279 = CARTESIAN_POINT('',(-1.785835498599,-5.143813427015,0.));
#2280 = VECTOR('',#2281,1.);
#2281 = DIRECTION('',(0.,0.,1.));
#2282 = ORIENTED_EDGE('',*,*,#2283,.F.);
#2283 = EDGE_CURVE('',#2241,#2276,#2284,.T.);
#2284 = LINE('',#2285,#2286);
#2285 = CARTESIAN_POINT('',(-2.089223808211,-6.013530820935,0.));
#2286 = VECTOR('',#2287,1.);
#2287 = DIRECTION('',(0.329370724881,0.944200680783,0.));
#2288 = PLANE('',#2289);
#2289 = AXIS2_PLACEMENT_3D('',#2290,#2291,#2292);
#2290 = CARTESIAN_POINT('',(-2.089223808211,-6.013530820935,0.));
#2291 = DIRECTION('',(-0.944200680783,0.329370724881,0.));
#2292 = DIRECTION('',(0.329370724881,0.944200680783,0.));
#2293 = ADVANCED_FACE('',(#2294),#2321,.F.);
#2294 = FACE_BOUND('',#2295,.F.);
#2295 = EDGE_LOOP('',(#2296,#2297,#2306,#2314));
#2296 = ORIENTED_EDGE('',*,*,#2275,.T.);
#2297 = ORIENTED_EDGE('',*,*,#2298,.T.);
#2298 = EDGE_CURVE('',#2268,#2299,#2301,.T.);
#2299 = VERTEX_POINT('',#2300);
#2300 = CARTESIAN_POINT('',(-1.110717197323,-4.746781257607,10.));
#2301 = CIRCLE('',#2302,0.57);
#2302 = AXIS2_PLACEMENT_3D('',#2303,#2304,#2305);
#2303 = CARTESIAN_POINT('',(-1.238316496746,-5.302315611888,10.));
#2304 = DIRECTION('',(0.,0.,-1.));
#2305 = DIRECTION('',(-0.960559652374,0.27807400855,0.));
#2306 = ORIENTED_EDGE('',*,*,#2307,.F.);
#2307 = EDGE_CURVE('',#2308,#2299,#2310,.T.);
#2308 = VERTEX_POINT('',#2309);
#2309 = CARTESIAN_POINT('',(-1.110717197323,-4.746781257607,0.));
#2310 = LINE('',#2311,#2312);
#2311 = CARTESIAN_POINT('',(-1.110717197323,-4.746781257607,0.));
#2312 = VECTOR('',#2313,1.);
#2313 = DIRECTION('',(0.,0.,1.));
#2314 = ORIENTED_EDGE('',*,*,#2315,.F.);
#2315 = EDGE_CURVE('',#2276,#2308,#2316,.T.);
#2316 = CIRCLE('',#2317,0.57);
#2317 = AXIS2_PLACEMENT_3D('',#2318,#2319,#2320);
#2318 = CARTESIAN_POINT('',(-1.238316496746,-5.302315611888,0.));
#2319 = DIRECTION('',(0.,0.,-1.));
#2320 = DIRECTION('',(-0.960559652374,0.27807400855,0.));
#2321 = CYLINDRICAL_SURFACE('',#2322,0.57);
#2322 = AXIS2_PLACEMENT_3D('',#2323,#2324,#2325);
#2323 = CARTESIAN_POINT('',(-1.238316496746,-5.302315611888,0.));
#2324 = DIRECTION('',(0.,0.,-1.));
#2325 = DIRECTION('',(-0.960559652374,0.27807400855,0.));
#2326 = ADVANCED_FACE('',(#2327),#2354,.T.);
#2327 = FACE_BOUND('',#2328,.F.);
#2328 = EDGE_LOOP('',(#2329,#2330,#2339,#2347));
#2329 = ORIENTED_EDGE('',*,*,#2307,.T.);
#2330 = ORIENTED_EDGE('',*,*,#2331,.T.);
#2331 = EDGE_CURVE('',#2299,#2332,#2334,.T.);
#2332 = VERTEX_POINT('',#2333);
#2333 = CARTESIAN_POINT('',(-0.579762051958,-4.840402975281,10.));
#2334 = CIRCLE('',#2335,4.875);
#2335 = AXIS2_PLACEMENT_3D('',#2336,#2337,#2338);
#2336 = CARTESIAN_POINT('',(5.517808432387E-14,3.299582829186E-13,10.));
#2337 = DIRECTION('',(0.,0.,1.));
#2338 = DIRECTION('',(-0.227839425092,-0.973698719509,0.));
#2339 = ORIENTED_EDGE('',*,*,#2340,.F.);
#2340 = EDGE_CURVE('',#2341,#2332,#2343,.T.);
#2341 = VERTEX_POINT('',#2342);
#2342 = CARTESIAN_POINT('',(-0.579762051958,-4.840402975281,0.));
#2343 = LINE('',#2344,#2345);
#2344 = CARTESIAN_POINT('',(-0.579762051958,-4.840402975281,0.));
#2345 = VECTOR('',#2346,1.);
#2346 = DIRECTION('',(0.,0.,1.));
#2347 = ORIENTED_EDGE('',*,*,#2348,.F.);
#2348 = EDGE_CURVE('',#2308,#2341,#2349,.T.);
#2349 = CIRCLE('',#2350,4.875);
#2350 = AXIS2_PLACEMENT_3D('',#2351,#2352,#2353);
#2351 = CARTESIAN_POINT('',(5.517808432387E-14,3.299582829186E-13,0.));
#2352 = DIRECTION('',(0.,0.,1.));
#2353 = DIRECTION('',(-0.227839425092,-0.973698719509,0.));
#2354 = CYLINDRICAL_SURFACE('',#2355,4.875);
#2355 = AXIS2_PLACEMENT_3D('',#2356,#2357,#2358);
#2356 = CARTESIAN_POINT('',(5.517808432387E-14,3.299582829186E-13,0.));
#2357 = DIRECTION('',(-0.,-0.,-1.));
#2358 = DIRECTION('',(-0.227839425092,-0.973698719509,0.));
#2359 = ADVANCED_FACE('',(#2360),#2387,.F.);
#2360 = FACE_BOUND('',#2361,.F.);
#2361 = EDGE_LOOP('',(#2362,#2363,#2372,#2380));
#2362 = ORIENTED_EDGE('',*,*,#2340,.T.);
#2363 = ORIENTED_EDGE('',*,*,#2364,.T.);
#2364 = EDGE_CURVE('',#2332,#2365,#2367,.T.);
#2365 = VERTEX_POINT('',#2366);
#2366 = CARTESIAN_POINT('',(-8.115136557682E-02,-5.444395233253,10.));
#2367 = CIRCLE('',#2368,0.57);
#2368 = AXIS2_PLACEMENT_3D('',#2369,#2370,#2371);
#2369 = CARTESIAN_POINT('',(-0.649861871346,-5.406076039269,10.));
#2370 = DIRECTION('',(0.,0.,-1.));
#2371 = DIRECTION('',(0.122982139278,0.99240888419,0.));
#2372 = ORIENTED_EDGE('',*,*,#2373,.F.);
#2373 = EDGE_CURVE('',#2374,#2365,#2376,.T.);
#2374 = VERTEX_POINT('',#2375);
#2375 = CARTESIAN_POINT('',(-8.115136557682E-02,-5.444395233253,0.));
#2376 = LINE('',#2377,#2378);
#2377 = CARTESIAN_POINT('',(-8.115136557682E-02,-5.444395233253,0.));
#2378 = VECTOR('',#2379,1.);
#2379 = DIRECTION('',(0.,0.,1.));
#2380 = ORIENTED_EDGE('',*,*,#2381,.F.);
#2381 = EDGE_CURVE('',#2341,#2374,#2382,.T.);
#2382 = CIRCLE('',#2383,0.57);
#2383 = AXIS2_PLACEMENT_3D('',#2384,#2385,#2386);
#2384 = CARTESIAN_POINT('',(-0.649861871346,-5.406076039269,0.));
#2385 = DIRECTION('',(0.,0.,-1.));
#2386 = DIRECTION('',(0.122982139278,0.99240888419,0.));
#2387 = CYLINDRICAL_SURFACE('',#2388,0.57);
#2388 = AXIS2_PLACEMENT_3D('',#2389,#2390,#2391);
#2389 = CARTESIAN_POINT('',(-0.649861871346,-5.406076039269,0.));
#2390 = DIRECTION('',(0.,0.,-1.));
#2391 = DIRECTION('',(0.122982139278,0.99240888419,0.));
#2392 = ADVANCED_FACE('',(#2393),#2418,.F.);
#2393 = FACE_BOUND('',#2394,.F.);
#2394 = EDGE_LOOP('',(#2395,#2396,#2404,#2412));
#2395 = ORIENTED_EDGE('',*,*,#2373,.T.);
#2396 = ORIENTED_EDGE('',*,*,#2397,.T.);
#2397 = EDGE_CURVE('',#2365,#2398,#2400,.T.);
#2398 = VERTEX_POINT('',#2399);
#2399 = CARTESIAN_POINT('',(-9.352047752314E-02,-6.365427163625,10.));
#2400 = LINE('',#2401,#2402);
#2401 = CARTESIAN_POINT('',(-8.115136557682E-02,-5.444395233253,10.));
#2402 = VECTOR('',#2403,1.);
#2403 = DIRECTION('',(-1.342841249588E-02,-0.999909834804,0.));
#2404 = ORIENTED_EDGE('',*,*,#2405,.F.);
#2405 = EDGE_CURVE('',#2406,#2398,#2408,.T.);
#2406 = VERTEX_POINT('',#2407);
#2407 = CARTESIAN_POINT('',(-9.352047752314E-02,-6.365427163625,0.));
#2408 = LINE('',#2409,#2410);
#2409 = CARTESIAN_POINT('',(-9.352047752314E-02,-6.365427163625,0.));
#2410 = VECTOR('',#2411,1.);
#2411 = DIRECTION('',(0.,0.,1.));
#2412 = ORIENTED_EDGE('',*,*,#2413,.F.);
#2413 = EDGE_CURVE('',#2374,#2406,#2414,.T.);
#2414 = LINE('',#2415,#2416);
#2415 = CARTESIAN_POINT('',(-8.115136557682E-02,-5.444395233253,0.));
#2416 = VECTOR('',#2417,1.);
#2417 = DIRECTION('',(-1.342841249588E-02,-0.999909834804,0.));
#2418 = PLANE('',#2419);
#2419 = AXIS2_PLACEMENT_3D('',#2420,#2421,#2422);
#2420 = CARTESIAN_POINT('',(-8.115136557682E-02,-5.444395233253,0.));
#2421 = DIRECTION('',(0.999909834804,-1.342841249588E-02,0.));
#2422 = DIRECTION('',(-1.342841249588E-02,-0.999909834804,0.));
#2423 = ADVANCED_FACE('',(#2424),#2451,.F.);
#2424 = FACE_BOUND('',#2425,.F.);
#2425 = EDGE_LOOP('',(#2426,#2427,#2436,#2444));
#2426 = ORIENTED_EDGE('',*,*,#2405,.T.);
#2427 = ORIENTED_EDGE('',*,*,#2428,.T.);
#2428 = EDGE_CURVE('',#2398,#2429,#2431,.T.);
#2429 = VERTEX_POINT('',#2430);
#2430 = CARTESIAN_POINT('',(5.370926430799E-02,-6.885757591186,10.));
#2431 = B_SPLINE_CURVE_WITH_KNOTS('',3,(#2432,#2433,#2434,#2435),
  .UNSPECIFIED.,.F.,.F.,(4,4),(0.,1.),.PIECEWISE_BEZIER_KNOTS.);
#2432 = CARTESIAN_POINT('',(-9.352047752314E-02,-6.365427163625,10.));
#2433 = CARTESIAN_POINT('',(-8.935826929687E-02,-6.424868892855,10.));
#2434 = CARTESIAN_POINT('',(-6.717466617298E-02,-6.601286038532,10.));
#2435 = CARTESIAN_POINT('',(5.370926430799E-02,-6.885757591186,10.));
#2436 = ORIENTED_EDGE('',*,*,#2437,.F.);
#2437 = EDGE_CURVE('',#2438,#2429,#2440,.T.);
#2438 = VERTEX_POINT('',#2439);
#2439 = CARTESIAN_POINT('',(5.370926430799E-02,-6.885757591186,0.));
#2440 = LINE('',#2441,#2442);
#2441 = CARTESIAN_POINT('',(5.370926430799E-02,-6.885757591186,0.));
#2442 = VECTOR('',#2443,1.);
#2443 = DIRECTION('',(0.,0.,1.));
#2444 = ORIENTED_EDGE('',*,*,#2445,.F.);
#2445 = EDGE_CURVE('',#2406,#2438,#2446,.T.);
#2446 = B_SPLINE_CURVE_WITH_KNOTS('',3,(#2447,#2448,#2449,#2450),
  .UNSPECIFIED.,.F.,.F.,(4,4),(0.,1.),.PIECEWISE_BEZIER_KNOTS.);
#2447 = CARTESIAN_POINT('',(-9.352047752314E-02,-6.365427163625,0.));
#2448 = CARTESIAN_POINT('',(-8.935826929687E-02,-6.424868892855,0.));
#2449 = CARTESIAN_POINT('',(-6.717466617298E-02,-6.601286038532,0.));
#2450 = CARTESIAN_POINT('',(5.370926430799E-02,-6.885757591186,0.));
#2451 = SURFACE_OF_LINEAR_EXTRUSION('',#2452,#2457);
#2452 = B_SPLINE_CURVE_WITH_KNOTS('',3,(#2453,#2454,#2455,#2456),
  .UNSPECIFIED.,.F.,.F.,(4,4),(0.,1.),.PIECEWISE_BEZIER_KNOTS.);
#2453 = CARTESIAN_POINT('',(-9.352047752314E-02,-6.365427163625,0.));
#2454 = CARTESIAN_POINT('',(-8.935826929687E-02,-6.424868892855,0.));
#2455 = CARTESIAN_POINT('',(-6.717466617298E-02,-6.601286038532,0.));
#2456 = CARTESIAN_POINT('',(5.370926430799E-02,-6.885757591186,0.));
#2457 = VECTOR('',#2458,1.);
#2458 = DIRECTION('',(-0.,-0.,-1.));
#2459 = ADVANCED_FACE('',(#2460),#2487,.F.);
#2460 = FACE_BOUND('',#2461,.F.);
#2461 = EDGE_LOOP('',(#2462,#2463,#2472,#2480));
#2462 = ORIENTED_EDGE('',*,*,#2437,.T.);
#2463 = ORIENTED_EDGE('',*,*,#2464,.T.);
#2464 = EDGE_CURVE('',#2429,#2465,#2467,.T.);
#2465 = VERTEX_POINT('',#2466);
#2466 = CARTESIAN_POINT('',(1.013942163856,-8.189943370253,10.));
#2467 = B_SPLINE_CURVE_WITH_KNOTS('',3,(#2468,#2469,#2470,#2471),
  .UNSPECIFIED.,.F.,.F.,(4,4),(0.,1.),.PIECEWISE_BEZIER_KNOTS.);
#2468 = CARTESIAN_POINT('',(5.370926430799E-02,-6.885757591186,10.));
#2469 = CARTESIAN_POINT('',(0.199947793681,-7.222397036788,10.));
#2470 = CARTESIAN_POINT('',(0.480045353603,-7.684836368438,10.));
#2471 = CARTESIAN_POINT('',(1.013942163856,-8.189943370253,10.));
#2472 = ORIENTED_EDGE('',*,*,#2473,.F.);
#2473 = EDGE_CURVE('',#2474,#2465,#2476,.T.);
#2474 = VERTEX_POINT('',#2475);
#2475 = CARTESIAN_POINT('',(1.013942163856,-8.189943370253,0.));
#2476 = LINE('',#2477,#2478);
#2477 = CARTESIAN_POINT('',(1.013942163856,-8.189943370253,0.));
#2478 = VECTOR('',#2479,1.);
#2479 = DIRECTION('',(0.,0.,1.));
#2480 = ORIENTED_EDGE('',*,*,#2481,.F.);
#2481 = EDGE_CURVE('',#2438,#2474,#2482,.T.);
#2482 = B_SPLINE_CURVE_WITH_KNOTS('',3,(#2483,#2484,#2485,#2486),
  .UNSPECIFIED.,.F.,.F.,(4,4),(0.,1.),.PIECEWISE_BEZIER_KNOTS.);
#2483 = CARTESIAN_POINT('',(5.370926430799E-02,-6.885757591186,0.));
#2484 = CARTESIAN_POINT('',(0.199947793681,-7.222397036788,0.));
#2485 = CARTESIAN_POINT('',(0.480045353603,-7.684836368438,0.));
#2486 = CARTESIAN_POINT('',(1.013942163856,-8.189943370253,0.));
#2487 = SURFACE_OF_LINEAR_EXTRUSION('',#2488,#2493);
#2488 = B_SPLINE_CURVE_WITH_KNOTS('',3,(#2489,#2490,#2491,#2492),
  .UNSPECIFIED.,.F.,.F.,(4,4),(0.,1.),.PIECEWISE_BEZIER_KNOTS.);
#2489 = CARTESIAN_POINT('',(5.370926430799E-02,-6.885757591186,0.));
#2490 = CARTESIAN_POINT('',(0.199947793681,-7.222397036788,0.));
#2491 = CARTESIAN_POINT('',(0.480045353603,-7.684836368438,0.));
#2492 = CARTESIAN_POINT('',(1.013942163856,-8.189943370253,0.));
#2493 = VECTOR('',#2494,1.);
#2494 = DIRECTION('',(-0.,-0.,-1.));
#2495 = ADVANCED_FACE('',(#2496),#2523,.T.);
#2496 = FACE_BOUND('',#2497,.F.);
#2497 = EDGE_LOOP('',(#2498,#2499,#2508,#2516));
#2498 = ORIENTED_EDGE('',*,*,#2473,.T.);
#2499 = ORIENTED_EDGE('',*,*,#2500,.T.);
#2500 = EDGE_CURVE('',#2465,#2501,#2503,.T.);
#2501 = VERTEX_POINT('',#2502);
#2502 = CARTESIAN_POINT('',(1.849028644281,-8.040123946347,10.));
#2503 = CIRCLE('',#2504,8.250000000001);
#2504 = AXIS2_PLACEMENT_3D('',#2505,#2506,#2507);
#2505 = CARTESIAN_POINT('',(-2.342634494879E-02,-5.42343460936E-03,10.)
  );
#2506 = DIRECTION('',(-0.,0.,1.));
#2507 = DIRECTION('',(0.125741637431,-0.992063022502,0.));
#2508 = ORIENTED_EDGE('',*,*,#2509,.F.);
#2509 = EDGE_CURVE('',#2510,#2501,#2512,.T.);
#2510 = VERTEX_POINT('',#2511);
#2511 = CARTESIAN_POINT('',(1.849028644281,-8.040123946347,0.));
#2512 = LINE('',#2513,#2514);
#2513 = CARTESIAN_POINT('',(1.849028644281,-8.040123946347,0.));
#2514 = VECTOR('',#2515,1.);
#2515 = DIRECTION('',(0.,0.,1.));
#2516 = ORIENTED_EDGE('',*,*,#2517,.F.);
#2517 = EDGE_CURVE('',#2474,#2510,#2518,.T.);
#2518 = CIRCLE('',#2519,8.250000000001);
#2519 = AXIS2_PLACEMENT_3D('',#2520,#2521,#2522);
#2520 = CARTESIAN_POINT('',(-2.342634494879E-02,-5.42343460936E-03,0.));
#2521 = DIRECTION('',(-0.,0.,1.));
#2522 = DIRECTION('',(0.125741637431,-0.992063022502,0.));
#2523 = CYLINDRICAL_SURFACE('',#2524,8.250000000001);
#2524 = AXIS2_PLACEMENT_3D('',#2525,#2526,#2527);
#2525 = CARTESIAN_POINT('',(-2.342634494879E-02,-5.42343460936E-03,0.));
#2526 = DIRECTION('',(0.,0.,-1.));
#2527 = DIRECTION('',(0.125741637431,-0.992063022502,0.));
#2528 = ADVANCED_FACE('',(#2529),#2556,.F.);
#2529 = FACE_BOUND('',#2530,.F.);
#2530 = EDGE_LOOP('',(#2531,#2532,#2541,#2549));
#2531 = ORIENTED_EDGE('',*,*,#2509,.T.);
#2532 = ORIENTED_EDGE('',*,*,#2533,.T.);
#2533 = EDGE_CURVE('',#2501,#2534,#2536,.T.);
#2534 = VERTEX_POINT('',#2535);
#2535 = CARTESIAN_POINT('',(2.304597598905,-6.488865247234,10.));
#2536 = B_SPLINE_CURVE_WITH_KNOTS('',3,(#2537,#2538,#2539,#2540),
  .UNSPECIFIED.,.F.,.F.,(4,4),(0.,1.),.PIECEWISE_BEZIER_KNOTS.);
#2537 = CARTESIAN_POINT('',(1.849028644281,-8.040123946347,10.));
#2538 = CARTESIAN_POINT('',(2.177273759744,-7.38556920801,10.));
#2539 = CARTESIAN_POINT('',(2.282315803413,-6.855219372908,10.));
#2540 = CARTESIAN_POINT('',(2.304597598905,-6.488865247234,10.));
#2541 = ORIENTED_EDGE('',*,*,#2542,.F.);
#2542 = EDGE_CURVE('',#2543,#2534,#2545,.T.);
#2543 = VERTEX_POINT('',#2544);
#2544 = CARTESIAN_POINT('',(2.304597598905,-6.488865247234,0.));
#2545 = LINE('',#2546,#2547);
#2546 = CARTESIAN_POINT('',(2.304597598905,-6.488865247234,0.));
#2547 = VECTOR('',#2548,1.);
#2548 = DIRECTION('',(0.,0.,1.));
#2549 = ORIENTED_EDGE('',*,*,#2550,.F.);
#2550 = EDGE_CURVE('',#2510,#2543,#2551,.T.);
#2551 = B_SPLINE_CURVE_WITH_KNOTS('',3,(#2552,#2553,#2554,#2555),
  .UNSPECIFIED.,.F.,.F.,(4,4),(0.,1.),.PIECEWISE_BEZIER_KNOTS.);
#2552 = CARTESIAN_POINT('',(1.849028644281,-8.040123946347,0.));
#2553 = CARTESIAN_POINT('',(2.177273759744,-7.38556920801,0.));
#2554 = CARTESIAN_POINT('',(2.282315803413,-6.855219372908,0.));
#2555 = CARTESIAN_POINT('',(2.304597598905,-6.488865247234,0.));
#2556 = SURFACE_OF_LINEAR_EXTRUSION('',#2557,#2562);
#2557 = B_SPLINE_CURVE_WITH_KNOTS('',3,(#2558,#2559,#2560,#2561),
  .UNSPECIFIED.,.F.,.F.,(4,4),(0.,1.),.PIECEWISE_BEZIER_KNOTS.);
#2558 = CARTESIAN_POINT('',(1.849028644281,-8.040123946347,0.));
#2559 = CARTESIAN_POINT('',(2.177273759744,-7.38556920801,0.));
#2560 = CARTESIAN_POINT('',(2.282315803413,-6.855219372908,0.));
#2561 = CARTESIAN_POINT('',(2.304597598905,-6.488865247234,0.));
#2562 = VECTOR('',#2563,1.);
#2563 = DIRECTION('',(-0.,-0.,-1.));
#2564 = ADVANCED_FACE('',(#2565),#2592,.F.);
#2565 = FACE_BOUND('',#2566,.F.);
#2566 = EDGE_LOOP('',(#2567,#2568,#2577,#2585));
#2567 = ORIENTED_EDGE('',*,*,#2542,.T.);
#2568 = ORIENTED_EDGE('',*,*,#2569,.T.);
#2569 = EDGE_CURVE('',#2534,#2570,#2572,.T.);
#2570 = VERTEX_POINT('',#2571);
#2571 = CARTESIAN_POINT('',(2.264984813453,-5.949559046682,10.));
#2572 = B_SPLINE_CURVE_WITH_KNOTS('',3,(#2573,#2574,#2575,#2576),
  .UNSPECIFIED.,.F.,.F.,(4,4),(0.,1.),.PIECEWISE_BEZIER_KNOTS.);
#2573 = CARTESIAN_POINT('',(2.304597598905,-6.488865247234,10.));
#2574 = CARTESIAN_POINT('',(2.320896335139,-6.180204689153,10.));
#2575 = CARTESIAN_POINT('',(2.281403885847,-6.006839560061,10.));
#2576 = CARTESIAN_POINT('',(2.264984813453,-5.949559046682,10.));
#2577 = ORIENTED_EDGE('',*,*,#2578,.F.);
#2578 = EDGE_CURVE('',#2579,#2570,#2581,.T.);
#2579 = VERTEX_POINT('',#2580);
#2580 = CARTESIAN_POINT('',(2.264984813453,-5.949559046682,0.));
#2581 = LINE('',#2582,#2583);
#2582 = CARTESIAN_POINT('',(2.264984813453,-5.949559046682,0.));
#2583 = VECTOR('',#2584,1.);
#2584 = DIRECTION('',(0.,0.,1.));
#2585 = ORIENTED_EDGE('',*,*,#2586,.F.);
#2586 = EDGE_CURVE('',#2543,#2579,#2587,.T.);
#2587 = B_SPLINE_CURVE_WITH_KNOTS('',3,(#2588,#2589,#2590,#2591),
  .UNSPECIFIED.,.F.,.F.,(4,4),(0.,1.),.PIECEWISE_BEZIER_KNOTS.);
#2588 = CARTESIAN_POINT('',(2.304597598905,-6.488865247234,0.));
#2589 = CARTESIAN_POINT('',(2.320896335139,-6.180204689153,0.));
#2590 = CARTESIAN_POINT('',(2.281403885847,-6.006839560061,0.));
#2591 = CARTESIAN_POINT('',(2.264984813453,-5.949559046682,0.));
#2592 = SURFACE_OF_LINEAR_EXTRUSION('',#2593,#2598);
#2593 = B_SPLINE_CURVE_WITH_KNOTS('',3,(#2594,#2595,#2596,#2597),
  .UNSPECIFIED.,.F.,.F.,(4,4),(0.,1.),.PIECEWISE_BEZIER_KNOTS.);
#2594 = CARTESIAN_POINT('',(2.304597598905,-6.488865247234,0.));
#2595 = CARTESIAN_POINT('',(2.320896335139,-6.180204689153,0.));
#2596 = CARTESIAN_POINT('',(2.281403885847,-6.006839560061,0.));
#2597 = CARTESIAN_POINT('',(2.264984813453,-5.949559046682,0.));
#2598 = VECTOR('',#2599,1.);
#2599 = DIRECTION('',(-0.,-0.,-1.));
#2600 = ADVANCED_FACE('',(#2601),#2626,.F.);
#2601 = FACE_BOUND('',#2602,.F.);
#2602 = EDGE_LOOP('',(#2603,#2604,#2612,#2620));
#2603 = ORIENTED_EDGE('',*,*,#2578,.T.);
#2604 = ORIENTED_EDGE('',*,*,#2605,.T.);
#2605 = EDGE_CURVE('',#2570,#2606,#2608,.T.);
#2606 = VERTEX_POINT('',#2607);
#2607 = CARTESIAN_POINT('',(1.938350177398,-5.088302623644,10.));
#2608 = LINE('',#2609,#2610);
#2609 = CARTESIAN_POINT('',(2.264984813453,-5.949559046682,10.));
#2610 = VECTOR('',#2611,1.);
#2611 = DIRECTION('',(-0.354607885144,0.93501510565,0.));
#2612 = ORIENTED_EDGE('',*,*,#2613,.F.);
#2613 = EDGE_CURVE('',#2614,#2606,#2616,.T.);
#2614 = VERTEX_POINT('',#2615);
#2615 = CARTESIAN_POINT('',(1.938350177398,-5.088302623644,0.));
#2616 = LINE('',#2617,#2618);
#2617 = CARTESIAN_POINT('',(1.938350177398,-5.088302623644,0.));
#2618 = VECTOR('',#2619,1.);
#2619 = DIRECTION('',(0.,0.,1.));
#2620 = ORIENTED_EDGE('',*,*,#2621,.F.);
#2621 = EDGE_CURVE('',#2579,#2614,#2622,.T.);
#2622 = LINE('',#2623,#2624);
#2623 = CARTESIAN_POINT('',(2.264984813453,-5.949559046682,0.));
#2624 = VECTOR('',#2625,1.);
#2625 = DIRECTION('',(-0.354607885144,0.93501510565,0.));
#2626 = PLANE('',#2627);
#2627 = AXIS2_PLACEMENT_3D('',#2628,#2629,#2630);
#2628 = CARTESIAN_POINT('',(2.264984813453,-5.949559046682,0.));
#2629 = DIRECTION('',(-0.93501510565,-0.354607885144,0.));
#2630 = DIRECTION('',(-0.354607885144,0.93501510565,0.));
#2631 = ADVANCED_FACE('',(#2632),#2659,.F.);
#2632 = FACE_BOUND('',#2633,.F.);
#2633 = EDGE_LOOP('',(#2634,#2635,#2644,#2652));
#2634 = ORIENTED_EDGE('',*,*,#2613,.T.);
#2635 = ORIENTED_EDGE('',*,*,#2636,.T.);
#2636 = EDGE_CURVE('',#2606,#2637,#2639,.T.);
#2637 = VERTEX_POINT('',#2638);
#2638 = CARTESIAN_POINT('',(2.200313441396,-4.350200657396,10.));
#2639 = CIRCLE('',#2640,0.57);
#2640 = AXIS2_PLACEMENT_3D('',#2641,#2642,#2643);
#2641 = CARTESIAN_POINT('',(2.459657306814,-4.857783911129,10.));
#2642 = DIRECTION('',(0.,0.,-1.));
#2643 = DIRECTION('',(-0.914573911257,-0.404418793886,-0.));
#2644 = ORIENTED_EDGE('',*,*,#2645,.F.);
#2645 = EDGE_CURVE('',#2646,#2637,#2648,.T.);
#2646 = VERTEX_POINT('',#2647);
#2647 = CARTESIAN_POINT('',(2.200313441396,-4.350200657396,0.));
#2648 = LINE('',#2649,#2650);
#2649 = CARTESIAN_POINT('',(2.200313441396,-4.350200657396,0.));
#2650 = VECTOR('',#2651,1.);
#2651 = DIRECTION('',(0.,0.,1.));
#2652 = ORIENTED_EDGE('',*,*,#2653,.F.);
#2653 = EDGE_CURVE('',#2614,#2646,#2654,.T.);
#2654 = CIRCLE('',#2655,0.57);
#2655 = AXIS2_PLACEMENT_3D('',#2656,#2657,#2658);
#2656 = CARTESIAN_POINT('',(2.459657306814,-4.857783911129,0.));
#2657 = DIRECTION('',(0.,0.,-1.));
#2658 = DIRECTION('',(-0.914573911257,-0.404418793886,-0.));
#2659 = CYLINDRICAL_SURFACE('',#2660,0.57);
#2660 = AXIS2_PLACEMENT_3D('',#2661,#2662,#2663);
#2661 = CARTESIAN_POINT('',(2.459657306814,-4.857783911129,0.));
#2662 = DIRECTION('',(0.,0.,-1.));
#2663 = DIRECTION('',(-0.914573911257,-0.404418793886,-0.));
#2664 = ADVANCED_FACE('',(#2665),#2692,.T.);
#2665 = FACE_BOUND('',#2666,.F.);
#2666 = EDGE_LOOP('',(#2667,#2668,#2677,#2685));
#2667 = ORIENTED_EDGE('',*,*,#2645,.T.);
#2668 = ORIENTED_EDGE('',*,*,#2669,.T.);
#2669 = EDGE_CURVE('',#2637,#2670,#2672,.T.);
#2670 = VERTEX_POINT('',#2671);
#2671 = CARTESIAN_POINT('',(2.667227560167,-4.080627665236,10.));
#2672 = CIRCLE('',#2673,4.875);
#2673 = AXIS2_PLACEMENT_3D('',#2674,#2675,#2676);
#2674 = CARTESIAN_POINT('',(-8.282263763704E-14,1.656452752741E-13,10.)
  );
#2675 = DIRECTION('',(-0.,0.,1.));
#2676 = DIRECTION('',(0.451346346953,-0.892348852799,0.));
#2677 = ORIENTED_EDGE('',*,*,#2678,.F.);
#2678 = EDGE_CURVE('',#2679,#2670,#2681,.T.);
#2679 = VERTEX_POINT('',#2680);
#2680 = CARTESIAN_POINT('',(2.667227560167,-4.080627665236,0.));
#2681 = LINE('',#2682,#2683);
#2682 = CARTESIAN_POINT('',(2.667227560167,-4.080627665236,0.));
#2683 = VECTOR('',#2684,1.);
#2684 = DIRECTION('',(0.,0.,1.));
#2685 = ORIENTED_EDGE('',*,*,#2686,.F.);
#2686 = EDGE_CURVE('',#2646,#2679,#2687,.T.);
#2687 = CIRCLE('',#2688,4.875);
#2688 = AXIS2_PLACEMENT_3D('',#2689,#2690,#2691);
#2689 = CARTESIAN_POINT('',(-8.282263763704E-14,1.656452752741E-13,0.));
#2690 = DIRECTION('',(-0.,0.,1.));
#2691 = DIRECTION('',(0.451346346953,-0.892348852799,0.));
#2692 = CYLINDRICAL_SURFACE('',#2693,4.875);
#2693 = AXIS2_PLACEMENT_3D('',#2694,#2695,#2696);
#2694 = CARTESIAN_POINT('',(-8.282263763704E-14,1.656452752741E-13,0.));
#2695 = DIRECTION('',(0.,0.,-1.));
#2696 = DIRECTION('',(0.451346346953,-0.892348852799,0.));
#2697 = ADVANCED_FACE('',(#2698),#2725,.F.);
#2698 = FACE_BOUND('',#2699,.F.);
#2699 = EDGE_LOOP('',(#2700,#2701,#2710,#2718));
#2700 = ORIENTED_EDGE('',*,*,#2678,.T.);
#2701 = ORIENTED_EDGE('',*,*,#2702,.T.);
#2702 = EDGE_CURVE('',#2670,#2703,#2705,.T.);
#2703 = VERTEX_POINT('',#2704);
#2704 = CARTESIAN_POINT('',(3.43742424552,-4.222811806879,10.));
#2705 = CIRCLE('',#2706,0.57);
#2706 = AXIS2_PLACEMENT_3D('',#2707,#2708,#2709);
#2707 = CARTESIAN_POINT('',(2.977135619726,-4.55901766787,10.));
#2708 = DIRECTION('',(0.,0.,-1.));
#2709 = DIRECTION('',(-0.543698350103,0.839280706376,0.));
#2710 = ORIENTED_EDGE('',*,*,#2711,.F.);
#2711 = EDGE_CURVE('',#2712,#2703,#2714,.T.);
#2712 = VERTEX_POINT('',#2713);
#2713 = CARTESIAN_POINT('',(3.43742424552,-4.222811806879,0.));
#2714 = LINE('',#2715,#2716);
#2715 = CARTESIAN_POINT('',(3.43742424552,-4.222811806879,0.));
#2716 = VECTOR('',#2717,1.);
#2717 = DIRECTION('',(0.,0.,1.));
#2718 = ORIENTED_EDGE('',*,*,#2719,.F.);
#2719 = EDGE_CURVE('',#2679,#2712,#2720,.T.);
#2720 = CIRCLE('',#2721,0.57);
#2721 = AXIS2_PLACEMENT_3D('',#2722,#2723,#2724);
#2722 = CARTESIAN_POINT('',(2.977135619726,-4.55901766787,0.));
#2723 = DIRECTION('',(0.,0.,-1.));
#2724 = DIRECTION('',(-0.543698350103,0.839280706376,0.));
#2725 = CYLINDRICAL_SURFACE('',#2726,0.57);
#2726 = AXIS2_PLACEMENT_3D('',#2727,#2728,#2729);
#2727 = CARTESIAN_POINT('',(2.977135619726,-4.55901766787,0.));
#2728 = DIRECTION('',(0.,0.,-1.));
#2729 = DIRECTION('',(-0.543698350103,0.839280706376,0.));
#2730 = ADVANCED_FACE('',(#2731),#2756,.F.);
#2731 = FACE_BOUND('',#2732,.F.);
#2732 = EDGE_LOOP('',(#2733,#2734,#2742,#2750));
#2733 = ORIENTED_EDGE('',*,*,#2711,.T.);
#2734 = ORIENTED_EDGE('',*,*,#2735,.T.);
#2735 = EDGE_CURVE('',#2703,#2736,#2738,.T.);
#2736 = VERTEX_POINT('',#2737);
#2737 = CARTESIAN_POINT('',(4.019976869016,-4.936313910977,10.));
#2738 = LINE('',#2739,#2740);
#2739 = CARTESIAN_POINT('',(3.43742424552,-4.222811806879,10.));
#2740 = VECTOR('',#2741,1.);
#2741 = DIRECTION('',(0.632442891843,-0.774606989742,0.));
#2742 = ORIENTED_EDGE('',*,*,#2743,.F.);
#2743 = EDGE_CURVE('',#2744,#2736,#2746,.T.);
#2744 = VERTEX_POINT('',#2745);
#2745 = CARTESIAN_POINT('',(4.019976869016,-4.936313910977,0.));
#2746 = LINE('',#2747,#2748);
#2747 = CARTESIAN_POINT('',(4.019976869016,-4.936313910977,0.));
#2748 = VECTOR('',#2749,1.);
#2749 = DIRECTION('',(0.,0.,1.));
#2750 = ORIENTED_EDGE('',*,*,#2751,.F.);
#2751 = EDGE_CURVE('',#2712,#2744,#2752,.T.);
#2752 = LINE('',#2753,#2754);
#2753 = CARTESIAN_POINT('',(3.43742424552,-4.222811806879,0.));
#2754 = VECTOR('',#2755,1.);
#2755 = DIRECTION('',(0.632442891843,-0.774606989742,0.));
#2756 = PLANE('',#2757);
#2757 = AXIS2_PLACEMENT_3D('',#2758,#2759,#2760);
#2758 = CARTESIAN_POINT('',(3.43742424552,-4.222811806879,0.));
#2759 = DIRECTION('',(0.774606989742,0.632442891843,0.));
#2760 = DIRECTION('',(0.632442891843,-0.774606989742,0.));
#2761 = ADVANCED_FACE('',(#2762),#2789,.F.);
#2762 = FACE_BOUND('',#2763,.F.);
#2763 = EDGE_LOOP('',(#2764,#2765,#2774,#2782));
#2764 = ORIENTED_EDGE('',*,*,#2743,.T.);
#2765 = ORIENTED_EDGE('',*,*,#2766,.T.);
#2766 = EDGE_CURVE('',#2736,#2767,#2769,.T.);
#2767 = VERTEX_POINT('',#2768);
#2768 = CARTESIAN_POINT('',(4.467223346386,-5.240272689769,10.));
#2769 = B_SPLINE_CURVE_WITH_KNOTS('',3,(#2770,#2771,#2772,#2773),
  .UNSPECIFIED.,.F.,.F.,(4,4),(0.,1.),.PIECEWISE_BEZIER_KNOTS.);
#2770 = CARTESIAN_POINT('',(4.019976869016,-4.936313910977,10.));
#2771 = CARTESIAN_POINT('',(4.061373712546,-4.979173501467,10.));
#2772 = CARTESIAN_POINT('',(4.191766093825,-5.100057530357,10.));
#2773 = CARTESIAN_POINT('',(4.467223346386,-5.240272689769,10.));
#2774 = ORIENTED_EDGE('',*,*,#2775,.F.);
#2775 = EDGE_CURVE('',#2776,#2767,#2778,.T.);
#2776 = VERTEX_POINT('',#2777);
#2777 = CARTESIAN_POINT('',(4.467223346386,-5.240272689769,0.));
#2778 = LINE('',#2779,#2780);
#2779 = CARTESIAN_POINT('',(4.467223346386,-5.240272689769,0.));
#2780 = VECTOR('',#2781,1.);
#2781 = DIRECTION('',(0.,0.,1.));
#2782 = ORIENTED_EDGE('',*,*,#2783,.F.);
#2783 = EDGE_CURVE('',#2744,#2776,#2784,.T.);
#2784 = B_SPLINE_CURVE_WITH_KNOTS('',3,(#2785,#2786,#2787,#2788),
  .UNSPECIFIED.,.F.,.F.,(4,4),(0.,1.),.PIECEWISE_BEZIER_KNOTS.);
#2785 = CARTESIAN_POINT('',(4.019976869016,-4.936313910977,0.));
#2786 = CARTESIAN_POINT('',(4.061373712546,-4.979173501467,0.));
#2787 = CARTESIAN_POINT('',(4.191766093825,-5.100057530357,0.));
#2788 = CARTESIAN_POINT('',(4.467223346386,-5.240272689769,0.));
#2789 = SURFACE_OF_LINEAR_EXTRUSION('',#2790,#2795);
#2790 = B_SPLINE_CURVE_WITH_KNOTS('',3,(#2791,#2792,#2793,#2794),
  .UNSPECIFIED.,.F.,.F.,(4,4),(0.,1.),.PIECEWISE_BEZIER_KNOTS.);
#2791 = CARTESIAN_POINT('',(4.019976869016,-4.936313910977,0.));
#2792 = CARTESIAN_POINT('',(4.061373712546,-4.979173501467,0.));
#2793 = CARTESIAN_POINT('',(4.191766093825,-5.100057530357,0.));
#2794 = CARTESIAN_POINT('',(4.467223346386,-5.240272689769,0.));
#2795 = VECTOR('',#2796,1.);
#2796 = DIRECTION('',(-0.,-0.,-1.));
#2797 = ADVANCED_FACE('',(#2798),#2825,.F.);
#2798 = FACE_BOUND('',#2799,.F.);
#2799 = EDGE_LOOP('',(#2800,#2801,#2810,#2818));
#2800 = ORIENTED_EDGE('',*,*,#2775,.T.);
#2801 = ORIENTED_EDGE('',*,*,#2802,.T.);
#2802 = EDGE_CURVE('',#2767,#2803,#2805,.T.);
#2803 = VERTEX_POINT('',#2804);
#2804 = CARTESIAN_POINT('',(6.041118882699,-5.622111148376,10.));
#2805 = B_SPLINE_CURVE_WITH_KNOTS('',3,(#2806,#2807,#2808,#2809),
  .UNSPECIFIED.,.F.,.F.,(4,4),(0.,1.),.PIECEWISE_BEZIER_KNOTS.);
#2806 = CARTESIAN_POINT('',(4.467223346386,-5.240272689769,10.));
#2807 = CARTESIAN_POINT('',(4.795636223747,-5.404153151668,10.));
#2808 = CARTESIAN_POINT('',(5.307453675673,-5.578358990937,10.));
#2809 = CARTESIAN_POINT('',(6.041118882699,-5.622111148376,10.));
#2810 = ORIENTED_EDGE('',*,*,#2811,.F.);
#2811 = EDGE_CURVE('',#2812,#2803,#2814,.T.);
#2812 = VERTEX_POINT('',#2813);
#2813 = CARTESIAN_POINT('',(6.041118882699,-5.622111148376,0.));
#2814 = LINE('',#2815,#2816);
#2815 = CARTESIAN_POINT('',(6.041118882699,-5.622111148376,0.));
#2816 = VECTOR('',#2817,1.);
#2817 = DIRECTION('',(0.,0.,1.));
#2818 = ORIENTED_EDGE('',*,*,#2819,.F.);
#2819 = EDGE_CURVE('',#2776,#2812,#2820,.T.);
#2820 = B_SPLINE_CURVE_WITH_KNOTS('',3,(#2821,#2822,#2823,#2824),
  .UNSPECIFIED.,.F.,.F.,(4,4),(0.,1.),.PIECEWISE_BEZIER_KNOTS.);
#2821 = CARTESIAN_POINT('',(4.467223346386,-5.240272689769,0.));
#2822 = CARTESIAN_POINT('',(4.795636223747,-5.404153151668,0.));
#2823 = CARTESIAN_POINT('',(5.307453675673,-5.578358990937,0.));
#2824 = CARTESIAN_POINT('',(6.041118882699,-5.622111148376,0.));
#2825 = SURFACE_OF_LINEAR_EXTRUSION('',#2826,#2831);
#2826 = B_SPLINE_CURVE_WITH_KNOTS('',3,(#2827,#2828,#2829,#2830),
  .UNSPECIFIED.,.F.,.F.,(4,4),(0.,1.),.PIECEWISE_BEZIER_KNOTS.);
#2827 = CARTESIAN_POINT('',(4.467223346386,-5.240272689769,0.));
#2828 = CARTESIAN_POINT('',(4.795636223747,-5.404153151668,0.));
#2829 = CARTESIAN_POINT('',(5.307453675673,-5.578358990937,0.));
#2830 = CARTESIAN_POINT('',(6.041118882699,-5.622111148376,0.));
#2831 = VECTOR('',#2832,1.);
#2832 = DIRECTION('',(-0.,-0.,-1.));
#2833 = ADVANCED_FACE('',(#2834),#2861,.T.);
#2834 = FACE_BOUND('',#2835,.F.);
#2835 = EDGE_LOOP('',(#2836,#2837,#2846,#2854));
#2836 = ORIENTED_EDGE('',*,*,#2811,.T.);
#2837 = ORIENTED_EDGE('',*,*,#2838,.T.);
#2838 = EDGE_CURVE('',#2803,#2839,#2841,.T.);
#2839 = VERTEX_POINT('',#2840);
#2840 = CARTESIAN_POINT('',(6.584530171175,-4.970559568588,10.));
#2841 = CIRCLE('',#2842,8.25);
#2842 = AXIS2_PLACEMENT_3D('',#2843,#2844,#2845);
#2843 = CARTESIAN_POINT('',(-1.445950480116E-02,-1.921275621896E-02,10.)
  );
#2844 = DIRECTION('',(-0.,0.,1.));
#2845 = DIRECTION('',(0.734009501515,-0.679139199049,0.));
#2846 = ORIENTED_EDGE('',*,*,#2847,.F.);
#2847 = EDGE_CURVE('',#2848,#2839,#2850,.T.);
#2848 = VERTEX_POINT('',#2849);
#2849 = CARTESIAN_POINT('',(6.584530171175,-4.970559568588,0.));
#2850 = LINE('',#2851,#2852);
#2851 = CARTESIAN_POINT('',(6.584530171175,-4.970559568588,0.));
#2852 = VECTOR('',#2853,1.);
#2853 = DIRECTION('',(0.,0.,1.));
#2854 = ORIENTED_EDGE('',*,*,#2855,.F.);
#2855 = EDGE_CURVE('',#2812,#2848,#2856,.T.);
#2856 = CIRCLE('',#2857,8.25);
#2857 = AXIS2_PLACEMENT_3D('',#2858,#2859,#2860);
#2858 = CARTESIAN_POINT('',(-1.445950480116E-02,-1.921275621896E-02,0.)
  );
#2859 = DIRECTION('',(-0.,0.,1.));
#2860 = DIRECTION('',(0.734009501515,-0.679139199049,0.));
#2861 = CYLINDRICAL_SURFACE('',#2862,8.25);
#2862 = AXIS2_PLACEMENT_3D('',#2863,#2864,#2865);
#2863 = CARTESIAN_POINT('',(-1.445950480116E-02,-1.921275621896E-02,0.)
  );
#2864 = DIRECTION('',(0.,0.,-1.));
#2865 = DIRECTION('',(0.734009501515,-0.679139199049,0.));
#2866 = ADVANCED_FACE('',(#2867),#2894,.F.);
#2867 = FACE_BOUND('',#2868,.F.);
#2868 = EDGE_LOOP('',(#2869,#2870,#2879,#2887));
#2869 = ORIENTED_EDGE('',*,*,#2847,.T.);
#2870 = ORIENTED_EDGE('',*,*,#2871,.T.);
#2871 = EDGE_CURVE('',#2839,#2872,#2874,.T.);
#2872 = VERTEX_POINT('',#2873);
#2873 = CARTESIAN_POINT('',(5.936386366114,-3.489392382902,10.));
#2874 = B_SPLINE_CURVE_WITH_KNOTS('',3,(#2875,#2876,#2877,#2878),
  .UNSPECIFIED.,.F.,.F.,(4,4),(0.,1.),.PIECEWISE_BEZIER_KNOTS.);
#2875 = CARTESIAN_POINT('',(6.584530171175,-4.970559568588,10.));
#2876 = CARTESIAN_POINT('',(6.415240842192,-4.258149655408,10.));
#2877 = CARTESIAN_POINT('',(6.154805413235,-3.784358387152,10.));
#2878 = CARTESIAN_POINT('',(5.936386366114,-3.489392382902,10.));
#2879 = ORIENTED_EDGE('',*,*,#2880,.F.);
#2880 = EDGE_CURVE('',#2881,#2872,#2883,.T.);
#2881 = VERTEX_POINT('',#2882);
#2882 = CARTESIAN_POINT('',(5.936386366114,-3.489392382902,0.));
#2883 = LINE('',#2884,#2885);
#2884 = CARTESIAN_POINT('',(5.936386366114,-3.489392382902,0.));
#2885 = VECTOR('',#2886,1.);
#2886 = DIRECTION('',(0.,0.,1.));
#2887 = ORIENTED_EDGE('',*,*,#2888,.F.);
#2888 = EDGE_CURVE('',#2848,#2881,#2889,.T.);
#2889 = B_SPLINE_CURVE_WITH_KNOTS('',3,(#2890,#2891,#2892,#2893),
  .UNSPECIFIED.,.F.,.F.,(4,4),(0.,1.),.PIECEWISE_BEZIER_KNOTS.);
#2890 = CARTESIAN_POINT('',(6.584530171175,-4.970559568588,0.));
#2891 = CARTESIAN_POINT('',(6.415240842192,-4.258149655408,0.));
#2892 = CARTESIAN_POINT('',(6.154805413235,-3.784358387152,0.));
#2893 = CARTESIAN_POINT('',(5.936386366114,-3.489392382902,0.));
#2894 = SURFACE_OF_LINEAR_EXTRUSION('',#2895,#2900);
#2895 = B_SPLINE_CURVE_WITH_KNOTS('',3,(#2896,#2897,#2898,#2899),
  .UNSPECIFIED.,.F.,.F.,(4,4),(0.,1.),.PIECEWISE_BEZIER_KNOTS.);
#2896 = CARTESIAN_POINT('',(6.584530171175,-4.970559568588,0.));
#2897 = CARTESIAN_POINT('',(6.415240842192,-4.258149655408,0.));
#2898 = CARTESIAN_POINT('',(6.154805413235,-3.784358387152,0.));
#2899 = CARTESIAN_POINT('',(5.936386366114,-3.489392382902,0.));
#2900 = VECTOR('',#2901,1.);
#2901 = DIRECTION('',(-0.,-0.,-1.));
#2902 = ADVANCED_FACE('',(#2903),#2930,.F.);
#2903 = FACE_BOUND('',#2904,.F.);
#2904 = EDGE_LOOP('',(#2905,#2906,#2915,#2923));
#2905 = ORIENTED_EDGE('',*,*,#2880,.T.);
#2906 = ORIENTED_EDGE('',*,*,#2907,.T.);
#2907 = EDGE_CURVE('',#2872,#2908,#2910,.T.);
#2908 = VERTEX_POINT('',#2909);
#2909 = CARTESIAN_POINT('',(5.5593818684,-3.101722472503,10.));
#2910 = B_SPLINE_CURVE_WITH_KNOTS('',3,(#2911,#2912,#2913,#2914),
  .UNSPECIFIED.,.F.,.F.,(4,4),(0.,1.),.PIECEWISE_BEZIER_KNOTS.);
#2911 = CARTESIAN_POINT('',(5.936386366114,-3.489392382902,10.));
#2912 = CARTESIAN_POINT('',(5.750468740103,-3.242468051869,10.));
#2913 = CARTESIAN_POINT('',(5.608778811845,-3.135047915178,10.));
#2914 = CARTESIAN_POINT('',(5.5593818684,-3.101722472503,10.));
#2915 = ORIENTED_EDGE('',*,*,#2916,.F.);
#2916 = EDGE_CURVE('',#2917,#2908,#2919,.T.);
#2917 = VERTEX_POINT('',#2918);
#2918 = CARTESIAN_POINT('',(5.5593818684,-3.101722472503,0.));
#2919 = LINE('',#2920,#2921);
#2920 = CARTESIAN_POINT('',(5.5593818684,-3.101722472503,0.));
#2921 = VECTOR('',#2922,1.);
#2922 = DIRECTION('',(0.,0.,1.));
#2923 = ORIENTED_EDGE('',*,*,#2924,.F.);
#2924 = EDGE_CURVE('',#2881,#2917,#2925,.T.);
#2925 = B_SPLINE_CURVE_WITH_KNOTS('',3,(#2926,#2927,#2928,#2929),
  .UNSPECIFIED.,.F.,.F.,(4,4),(0.,1.),.PIECEWISE_BEZIER_KNOTS.);
#2926 = CARTESIAN_POINT('',(5.936386366114,-3.489392382902,0.));
#2927 = CARTESIAN_POINT('',(5.750468740103,-3.242468051869,0.));
#2928 = CARTESIAN_POINT('',(5.608778811845,-3.135047915178,0.));
#2929 = CARTESIAN_POINT('',(5.5593818684,-3.101722472503,0.));
#2930 = SURFACE_OF_LINEAR_EXTRUSION('',#2931,#2936);
#2931 = B_SPLINE_CURVE_WITH_KNOTS('',3,(#2932,#2933,#2934,#2935),
  .UNSPECIFIED.,.F.,.F.,(4,4),(0.,1.),.PIECEWISE_BEZIER_KNOTS.);
#2932 = CARTESIAN_POINT('',(5.936386366114,-3.489392382902,0.));
#2933 = CARTESIAN_POINT('',(5.750468740103,-3.242468051869,0.));
#2934 = CARTESIAN_POINT('',(5.608778811845,-3.135047915178,0.));
#2935 = CARTESIAN_POINT('',(5.5593818684,-3.101722472503,0.));
#2936 = VECTOR('',#2937,1.);
#2937 = DIRECTION('',(-0.,-0.,-1.));
#2938 = ADVANCED_FACE('',(#2939),#2964,.F.);
#2939 = FACE_BOUND('',#2940,.F.);
#2940 = EDGE_LOOP('',(#2941,#2942,#2950,#2958));
#2941 = ORIENTED_EDGE('',*,*,#2916,.T.);
#2942 = ORIENTED_EDGE('',*,*,#2943,.T.);
#2943 = EDGE_CURVE('',#2908,#2944,#2946,.T.);
#2944 = VERTEX_POINT('',#2945);
#2945 = CARTESIAN_POINT('',(4.755560263028,-2.651918472485,10.));
#2946 = LINE('',#2947,#2948);
#2947 = CARTESIAN_POINT('',(5.5593818684,-3.101722472503,10.));
#2948 = VECTOR('',#2949,1.);
#2949 = DIRECTION('',(-0.872661524682,0.488325571048,0.));
#2950 = ORIENTED_EDGE('',*,*,#2951,.F.);
#2951 = EDGE_CURVE('',#2952,#2944,#2954,.T.);
#2952 = VERTEX_POINT('',#2953);
#2953 = CARTESIAN_POINT('',(4.755560263028,-2.651918472485,0.));
#2954 = LINE('',#2955,#2956);
#2955 = CARTESIAN_POINT('',(4.755560263028,-2.651918472485,0.));
#2956 = VECTOR('',#2957,1.);
#2957 = DIRECTION('',(0.,0.,1.));
#2958 = ORIENTED_EDGE('',*,*,#2959,.F.);
#2959 = EDGE_CURVE('',#2917,#2952,#2960,.T.);
#2960 = LINE('',#2961,#2962);
#2961 = CARTESIAN_POINT('',(5.5593818684,-3.101722472503,0.));
#2962 = VECTOR('',#2963,1.);
#2963 = DIRECTION('',(-0.872661524682,0.488325571048,0.));
#2964 = PLANE('',#2965);
#2965 = AXIS2_PLACEMENT_3D('',#2966,#2967,#2968);
#2966 = CARTESIAN_POINT('',(5.5593818684,-3.101722472503,0.));
#2967 = DIRECTION('',(-0.488325571048,-0.872661524682,0.));
#2968 = DIRECTION('',(-0.872661524682,0.488325571048,0.));
#2969 = ADVANCED_FACE('',(#2970),#2997,.F.);
#2970 = FACE_BOUND('',#2971,.F.);
#2971 = EDGE_LOOP('',(#2972,#2973,#2982,#2990));
#2972 = ORIENTED_EDGE('',*,*,#2951,.T.);
#2973 = ORIENTED_EDGE('',*,*,#2974,.T.);
#2974 = EDGE_CURVE('',#2944,#2975,#2977,.T.);
#2975 = VERTEX_POINT('',#2976);
#2976 = CARTESIAN_POINT('',(4.481792967126,-1.918112822495,10.));
#2977 = CIRCLE('',#2978,0.57);
#2978 = AXIS2_PLACEMENT_3D('',#2979,#2980,#2981);
#2979 = CARTESIAN_POINT('',(5.006730120471,-2.140241130098,10.));
#2980 = DIRECTION('',(0.,0.,-1.));
#2981 = DIRECTION('',(-0.440648872706,-0.897679548048,-0.));
#2982 = ORIENTED_EDGE('',*,*,#2983,.F.);
#2983 = EDGE_CURVE('',#2984,#2975,#2986,.T.);
#2984 = VERTEX_POINT('',#2985);
#2985 = CARTESIAN_POINT('',(4.481792967126,-1.918112822495,0.));
#2986 = LINE('',#2987,#2988);
#2987 = CARTESIAN_POINT('',(4.481792967126,-1.918112822495,0.));
#2988 = VECTOR('',#2989,1.);
#2989 = DIRECTION('',(0.,0.,1.));
#2990 = ORIENTED_EDGE('',*,*,#2991,.F.);
#2991 = EDGE_CURVE('',#2952,#2984,#2992,.T.);
#2992 = CIRCLE('',#2993,0.57);
#2993 = AXIS2_PLACEMENT_3D('',#2994,#2995,#2996);
#2994 = CARTESIAN_POINT('',(5.006730120471,-2.140241130098,0.));
#2995 = DIRECTION('',(0.,0.,-1.));
#2996 = DIRECTION('',(-0.440648872706,-0.897679548048,-0.));
#2997 = CYLINDRICAL_SURFACE('',#2998,0.57);
#2998 = AXIS2_PLACEMENT_3D('',#2999,#3000,#3001);
#2999 = CARTESIAN_POINT('',(5.006730120471,-2.140241130098,0.));
#3000 = DIRECTION('',(0.,0.,-1.));
#3001 = DIRECTION('',(-0.440648872706,-0.897679548048,-0.));
#3002 = ADVANCED_FACE('',(#3003),#3030,.T.);
#3003 = FACE_BOUND('',#3004,.F.);
#3004 = EDGE_LOOP('',(#3005,#3006,#3015,#3023));
#3005 = ORIENTED_EDGE('',*,*,#2983,.T.);
#3006 = ORIENTED_EDGE('',*,*,#3007,.T.);
#3007 = EDGE_CURVE('',#2975,#3008,#3010,.T.);
#3008 = VERTEX_POINT('',#3009);
#3009 = CARTESIAN_POINT('',(4.666191753957,-1.411481319501,10.));
#3010 = CIRCLE('',#3011,4.875000000001);
#3011 = AXIS2_PLACEMENT_3D('',#3012,#3013,#3014);
#3012 = CARTESIAN_POINT('',(-6.346034808757E-13,2.263744747211E-13,10.)
  );
#3013 = DIRECTION('',(-0.,0.,1.));
#3014 = DIRECTION('',(0.919342147103,-0.393459040512,0.));
#3015 = ORIENTED_EDGE('',*,*,#3016,.F.);
#3016 = EDGE_CURVE('',#3017,#3008,#3019,.T.);
#3017 = VERTEX_POINT('',#3018);
#3018 = CARTESIAN_POINT('',(4.666191753957,-1.411481319501,0.));
#3019 = LINE('',#3020,#3021);
#3020 = CARTESIAN_POINT('',(4.666191753957,-1.411481319501,0.));
#3021 = VECTOR('',#3022,1.);
#3022 = DIRECTION('',(0.,0.,1.));
#3023 = ORIENTED_EDGE('',*,*,#3024,.F.);
#3024 = EDGE_CURVE('',#2984,#3017,#3025,.T.);
#3025 = CIRCLE('',#3026,4.875000000001);
#3026 = AXIS2_PLACEMENT_3D('',#3027,#3028,#3029);
#3027 = CARTESIAN_POINT('',(-6.346034808757E-13,2.263744747211E-13,0.));
#3028 = DIRECTION('',(-0.,0.,1.));
#3029 = DIRECTION('',(0.919342147103,-0.393459040512,0.));
#3030 = CYLINDRICAL_SURFACE('',#3031,4.875000000001);
#3031 = AXIS2_PLACEMENT_3D('',#3032,#3033,#3034);
#3032 = CARTESIAN_POINT('',(-6.346034808757E-13,2.263744747211E-13,0.));
#3033 = DIRECTION('',(0.,0.,-1.));
#3034 = DIRECTION('',(0.919342147103,-0.393459040512,0.));
#3035 = ADVANCED_FACE('',(#3036),#3054,.F.);
#3036 = FACE_BOUND('',#3037,.F.);
#3037 = EDGE_LOOP('',(#3038,#3039,#3046,#3047));
#3038 = ORIENTED_EDGE('',*,*,#3016,.T.);
#3039 = ORIENTED_EDGE('',*,*,#3040,.T.);
#3040 = EDGE_CURVE('',#3008,#24,#3041,.T.);
#3041 = CIRCLE('',#3042,0.57);
#3042 = AXIS2_PLACEMENT_3D('',#3043,#3044,#3045);
#3043 = CARTESIAN_POINT('',(5.211098267151,-1.578744261837,10.));
#3044 = DIRECTION('',(0.,0.,-1.));
#3045 = DIRECTION('',(-0.955976338937,0.293443758483,0.));
#3046 = ORIENTED_EDGE('',*,*,#21,.F.);
#3047 = ORIENTED_EDGE('',*,*,#3048,.F.);
#3048 = EDGE_CURVE('',#3017,#22,#3049,.T.);
#3049 = CIRCLE('',#3050,0.57);
#3050 = AXIS2_PLACEMENT_3D('',#3051,#3052,#3053);
#3051 = CARTESIAN_POINT('',(5.211098267151,-1.578744261837,0.));
#3052 = DIRECTION('',(0.,0.,-1.));
#3053 = DIRECTION('',(-0.955976338937,0.293443758483,0.));
#3054 = CYLINDRICAL_SURFACE('',#3055,0.57);
#3055 = AXIS2_PLACEMENT_3D('',#3056,#3057,#3058);
#3056 = CARTESIAN_POINT('',(5.211098267151,-1.578744261837,0.));
#3057 = DIRECTION('',(0.,0.,-1.));
#3058 = DIRECTION('',(-0.955976338937,0.293443758483,0.));
#3059 = ADVANCED_FACE('',(#3060),#3152,.F.);
#3060 = FACE_BOUND('',#3061,.F.);
#3061 = EDGE_LOOP('',(#3062,#3063,#3064,#3065,#3066,#3067,#3068,#3069,
    #3070,#3071,#3072,#3073,#3074,#3075,#3076,#3077,#3078,#3079,#3080,
    #3081,#3082,#3083,#3084,#3085,#3086,#3087,#3088,#3089,#3090,#3091,
    #3092,#3093,#3094,#3095,#3096,#3097,#3098,#3099,#3100,#3101,#3102,
    #3103,#3104,#3105,#3106,#3107,#3108,#3109,#3110,#3111,#3112,#3113,
    #3114,#3115,#3116,#3117,#3118,#3119,#3120,#3121,#3122,#3123,#3124,
    #3125,#3126,#3127,#3128,#3129,#3130,#3131,#3132,#3133,#3134,#3135,
    #3136,#3137,#3138,#3139,#3140,#3141,#3142,#3143,#3144,#3145,#3146,
    #3147,#3148,#3149,#3150,#3151));
#3062 = ORIENTED_EDGE('',*,*,#47,.T.);
#3063 = ORIENTED_EDGE('',*,*,#79,.T.);
#3064 = ORIENTED_EDGE('',*,*,#115,.T.);
#3065 = ORIENTED_EDGE('',*,*,#151,.T.);
#3066 = ORIENTED_EDGE('',*,*,#184,.T.);
#3067 = ORIENTED_EDGE('',*,*,#220,.T.);
#3068 = ORIENTED_EDGE('',*,*,#255,.T.);
#3069 = ORIENTED_EDGE('',*,*,#287,.T.);
#3070 = ORIENTED_EDGE('',*,*,#320,.T.);
#3071 = ORIENTED_EDGE('',*,*,#353,.T.);
#3072 = ORIENTED_EDGE('',*,*,#385,.T.);
#3073 = ORIENTED_EDGE('',*,*,#417,.T.);
#3074 = ORIENTED_EDGE('',*,*,#453,.T.);
#3075 = ORIENTED_EDGE('',*,*,#489,.T.);
#3076 = ORIENTED_EDGE('',*,*,#522,.T.);
#3077 = ORIENTED_EDGE('',*,*,#558,.T.);
#3078 = ORIENTED_EDGE('',*,*,#593,.T.);
#3079 = ORIENTED_EDGE('',*,*,#625,.T.);
#3080 = ORIENTED_EDGE('',*,*,#658,.T.);
#3081 = ORIENTED_EDGE('',*,*,#691,.T.);
#3082 = ORIENTED_EDGE('',*,*,#723,.T.);
#3083 = ORIENTED_EDGE('',*,*,#755,.T.);
#3084 = ORIENTED_EDGE('',*,*,#791,.T.);
#3085 = ORIENTED_EDGE('',*,*,#827,.T.);
#3086 = ORIENTED_EDGE('',*,*,#860,.T.);
#3087 = ORIENTED_EDGE('',*,*,#896,.T.);
#3088 = ORIENTED_EDGE('',*,*,#931,.T.);
#3089 = ORIENTED_EDGE('',*,*,#963,.T.);
#3090 = ORIENTED_EDGE('',*,*,#996,.T.);
#3091 = ORIENTED_EDGE('',*,*,#1029,.T.);
#3092 = ORIENTED_EDGE('',*,*,#1061,.T.);
#3093 = ORIENTED_EDGE('',*,*,#1093,.T.);
#3094 = ORIENTED_EDGE('',*,*,#1129,.T.);
#3095 = ORIENTED_EDGE('',*,*,#1165,.T.);
#3096 = ORIENTED_EDGE('',*,*,#1198,.T.);
#3097 = ORIENTED_EDGE('',*,*,#1234,.T.);
#3098 = ORIENTED_EDGE('',*,*,#1269,.T.);
#3099 = ORIENTED_EDGE('',*,*,#1301,.T.);
#3100 = ORIENTED_EDGE('',*,*,#1334,.T.);
#3101 = ORIENTED_EDGE('',*,*,#1367,.T.);
#3102 = ORIENTED_EDGE('',*,*,#1399,.T.);
#3103 = ORIENTED_EDGE('',*,*,#1431,.T.);
#3104 = ORIENTED_EDGE('',*,*,#1467,.T.);
#3105 = ORIENTED_EDGE('',*,*,#1503,.T.);
#3106 = ORIENTED_EDGE('',*,*,#1536,.T.);
#3107 = ORIENTED_EDGE('',*,*,#1572,.T.);
#3108 = ORIENTED_EDGE('',*,*,#1607,.T.);
#3109 = ORIENTED_EDGE('',*,*,#1639,.T.);
#3110 = ORIENTED_EDGE('',*,*,#1672,.T.);
#3111 = ORIENTED_EDGE('',*,*,#1705,.T.);
#3112 = ORIENTED_EDGE('',*,*,#1737,.T.);
#3113 = ORIENTED_EDGE('',*,*,#1769,.T.);
#3114 = ORIENTED_EDGE('',*,*,#1805,.T.);
#3115 = ORIENTED_EDGE('',*,*,#1841,.T.);
#3116 = ORIENTED_EDGE('',*,*,#1874,.T.);
#3117 = ORIENTED_EDGE('',*,*,#1910,.T.);
#3118 = ORIENTED_EDGE('',*,*,#1945,.T.);
#3119 = ORIENTED_EDGE('',*,*,#1977,.T.);
#3120 = ORIENTED_EDGE('',*,*,#2010,.T.);
#3121 = ORIENTED_EDGE('',*,*,#2043,.T.);
#3122 = ORIENTED_EDGE('',*,*,#2075,.T.);
#3123 = ORIENTED_EDGE('',*,*,#2107,.T.);
#3124 = ORIENTED_EDGE('',*,*,#2143,.T.);
#3125 = ORIENTED_EDGE('',*,*,#2179,.T.);
#3126 = ORIENTED_EDGE('',*,*,#2212,.T.);
#3127 = ORIENTED_EDGE('',*,*,#2248,.T.);
#3128 = ORIENTED_EDGE('',*,*,#2283,.T.);
#3129 = ORIENTED_EDGE('',*,*,#2315,.T.);
#3130 = ORIENTED_EDGE('',*,*,#2348,.T.);
#3131 = ORIENTED_EDGE('',*,*,#2381,.T.);
#3132 = ORIENTED_EDGE('',*,*,#2413,.T.);
#3133 = ORIENTED_EDGE('',*,*,#2445,.T.);
#3134 = ORIENTED_EDGE('',*,*,#2481,.T.);
#3135 = ORIENTED_EDGE('',*,*,#2517,.T.);
#3136 = ORIENTED_EDGE('',*,*,#2550,.T.);
#3137 = ORIENTED_EDGE('',*,*,#2586,.T.);
#3138 = ORIENTED_EDGE('',*,*,#2621,.T.);
#3139 = ORIENTED_EDGE('',*,*,#2653,.T.);
#3140 = ORIENTED_EDGE('',*,*,#2686,.T.);
#3141 = ORIENTED_EDGE('',*,*,#2719,.T.);
#3142 = ORIENTED_EDGE('',*,*,#2751,.T.);
#3143 = ORIENTED_EDGE('',*,*,#2783,.T.);
#3144 = ORIENTED_EDGE('',*,*,#2819,.T.);
#3145 = ORIENTED_EDGE('',*,*,#2855,.T.);
#3146 = ORIENTED_EDGE('',*,*,#2888,.T.);
#3147 = ORIENTED_EDGE('',*,*,#2924,.T.);
#3148 = ORIENTED_EDGE('',*,*,#2959,.T.);
#3149 = ORIENTED_EDGE('',*,*,#2991,.T.);
#3150 = ORIENTED_EDGE('',*,*,#3024,.T.);
#3151 = ORIENTED_EDGE('',*,*,#3048,.T.);
#3152 = PLANE('',#3153);
#3153 = AXIS2_PLACEMENT_3D('',#3154,#3155,#3156);
#3154 = CARTESIAN_POINT('',(-2.126952036018E-15,1.362578648074E-16,0.));
#3155 = DIRECTION('',(0.,0.,1.));
#3156 = DIRECTION('',(1.,0.,0.));
#3157 = ADVANCED_FACE('',(#3158),#3250,.T.);
#3158 = FACE_BOUND('',#3159,.T.);
#3159 = EDGE_LOOP('',(#3160,#3161,#3162,#3163,#3164,#3165,#3166,#3167,
    #3168,#3169,#3170,#3171,#3172,#3173,#3174,#3175,#3176,#3177,#3178,
    #3179,#3180,#3181,#3182,#3183,#3184,#3185,#3186,#3187,#3188,#3189,
    #3190,#3191,#3192,#3193,#3194,#3195,#3196,#3197,#3198,#3199,#3200,
    #3201,#3202,#3203,#3204,#3205,#3206,#3207,#3208,#3209,#3210,#3211,
    #3212,#3213,#3214,#3215,#3216,#3217,#3218,#3219,#3220,#3221,#3222,
    #3223,#3224,#3225,#3226,#3227,#3228,#3229,#3230,#3231,#3232,#3233,
    #3234,#3235,#3236,#3237,#3238,#3239,#3240,#3241,#3242,#3243,#3244,
    #3245,#3246,#3247,#3248,#3249));
#3160 = ORIENTED_EDGE('',*,*,#31,.T.);
#3161 = ORIENTED_EDGE('',*,*,#62,.T.);
#3162 = ORIENTED_EDGE('',*,*,#98,.T.);
#3163 = ORIENTED_EDGE('',*,*,#134,.T.);
#3164 = ORIENTED_EDGE('',*,*,#167,.T.);
#3165 = ORIENTED_EDGE('',*,*,#203,.T.);
#3166 = ORIENTED_EDGE('',*,*,#239,.T.);
#3167 = ORIENTED_EDGE('',*,*,#270,.T.);
#3168 = ORIENTED_EDGE('',*,*,#303,.T.);
#3169 = ORIENTED_EDGE('',*,*,#336,.T.);
#3170 = ORIENTED_EDGE('',*,*,#369,.T.);
#3171 = ORIENTED_EDGE('',*,*,#400,.T.);
#3172 = ORIENTED_EDGE('',*,*,#436,.T.);
#3173 = ORIENTED_EDGE('',*,*,#472,.T.);
#3174 = ORIENTED_EDGE('',*,*,#505,.T.);
#3175 = ORIENTED_EDGE('',*,*,#541,.T.);
#3176 = ORIENTED_EDGE('',*,*,#577,.T.);
#3177 = ORIENTED_EDGE('',*,*,#608,.T.);
#3178 = ORIENTED_EDGE('',*,*,#641,.T.);
#3179 = ORIENTED_EDGE('',*,*,#674,.T.);
#3180 = ORIENTED_EDGE('',*,*,#707,.T.);
#3181 = ORIENTED_EDGE('',*,*,#738,.T.);
#3182 = ORIENTED_EDGE('',*,*,#774,.T.);
#3183 = ORIENTED_EDGE('',*,*,#810,.T.);
#3184 = ORIENTED_EDGE('',*,*,#843,.T.);
#3185 = ORIENTED_EDGE('',*,*,#879,.T.);
#3186 = ORIENTED_EDGE('',*,*,#915,.T.);
#3187 = ORIENTED_EDGE('',*,*,#946,.T.);
#3188 = ORIENTED_EDGE('',*,*,#979,.T.);
#3189 = ORIENTED_EDGE('',*,*,#1012,.T.);
#3190 = ORIENTED_EDGE('',*,*,#1045,.T.);
#3191 = ORIENTED_EDGE('',*,*,#1076,.T.);
#3192 = ORIENTED_EDGE('',*,*,#1112,.T.);
#3193 = ORIENTED_EDGE('',*,*,#1148,.T.);
#3194 = ORIENTED_EDGE('',*,*,#1181,.T.);
#3195 = ORIENTED_EDGE('',*,*,#1217,.T.);
#3196 = ORIENTED_EDGE('',*,*,#1253,.T.);
#3197 = ORIENTED_EDGE('',*,*,#1284,.T.);
#3198 = ORIENTED_EDGE('',*,*,#1317,.T.);
#3199 = ORIENTED_EDGE('',*,*,#1350,.T.);
#3200 = ORIENTED_EDGE('',*,*,#1383,.T.);
#3201 = ORIENTED_EDGE('',*,*,#1414,.T.);
#3202 = ORIENTED_EDGE('',*,*,#1450,.T.);
#3203 = ORIENTED_EDGE('',*,*,#1486,.T.);
#3204 = ORIENTED_EDGE('',*,*,#1519,.T.);
#3205 = ORIENTED_EDGE('',*,*,#1555,.T.);
#3206 = ORIENTED_EDGE('',*,*,#1591,.T.);
#3207 = ORIENTED_EDGE('',*,*,#1622,.T.);
#3208 = ORIENTED_EDGE('',*,*,#1655,.T.);
#3209 = ORIENTED_EDGE('',*,*,#1688,.T.);
#3210 = ORIENTED_EDGE('',*,*,#1721,.T.);
#3211 = ORIENTED_EDGE('',*,*,#1752,.T.);
#3212 = ORIENTED_EDGE('',*,*,#1788,.T.);
#3213 = ORIENTED_EDGE('',*,*,#1824,.T.);
#3214 = ORIENTED_EDGE('',*,*,#1857,.T.);
#3215 = ORIENTED_EDGE('',*,*,#1893,.T.);
#3216 = ORIENTED_EDGE('',*,*,#1929,.T.);
#3217 = ORIENTED_EDGE('',*,*,#1960,.T.);
#3218 = ORIENTED_EDGE('',*,*,#1993,.T.);
#3219 = ORIENTED_EDGE('',*,*,#2026,.T.);
#3220 = ORIENTED_EDGE('',*,*,#2059,.T.);
#3221 = ORIENTED_EDGE('',*,*,#2090,.T.);
#3222 = ORIENTED_EDGE('',*,*,#2126,.T.);
#3223 = ORIENTED_EDGE('',*,*,#2162,.T.);
#3224 = ORIENTED_EDGE('',*,*,#2195,.T.);
#3225 = ORIENTED_EDGE('',*,*,#2231,.T.);
#3226 = ORIENTED_EDGE('',*,*,#2267,.T.);
#3227 = ORIENTED_EDGE('',*,*,#2298,.T.);
#3228 = ORIENTED_EDGE('',*,*,#2331,.T.);
#3229 = ORIENTED_EDGE('',*,*,#2364,.T.);
#3230 = ORIENTED_EDGE('',*,*,#2397,.T.);
#3231 = ORIENTED_EDGE('',*,*,#2428,.T.);
#3232 = ORIENTED_EDGE('',*,*,#2464,.T.);
#3233 = ORIENTED_EDGE('',*,*,#2500,.T.);
#3234 = ORIENTED_EDGE('',*,*,#2533,.T.);
#3235 = ORIENTED_EDGE('',*,*,#2569,.T.);
#3236 = ORIENTED_EDGE('',*,*,#2605,.T.);
#3237 = ORIENTED_EDGE('',*,*,#2636,.T.);
#3238 = ORIENTED_EDGE('',*,*,#2669,.T.);
#3239 = ORIENTED_EDGE('',*,*,#2702,.T.);
#3240 = ORIENTED_EDGE('',*,*,#2735,.T.);
#3241 = ORIENTED_EDGE('',*,*,#2766,.T.);
#3242 = ORIENTED_EDGE('',*,*,#2802,.T.);
#3243 = ORIENTED_EDGE('',*,*,#2838,.T.);
#3244 = ORIENTED_EDGE('',*,*,#2871,.T.);
#3245 = ORIENTED_EDGE('',*,*,#2907,.T.);
#3246 = ORIENTED_EDGE('',*,*,#2943,.T.);
#3247 = ORIENTED_EDGE('',*,*,#2974,.T.);
#3248 = ORIENTED_EDGE('',*,*,#3007,.T.);
#3249 = ORIENTED_EDGE('',*,*,#3040,.T.);
#3250 = PLANE('',#3251);
#3251 = AXIS2_PLACEMENT_3D('',#3252,#3253,#3254);
#3252 = CARTESIAN_POINT('',(-2.126952036018E-15,1.362578648074E-16,10.)
  );
#3253 = DIRECTION('',(0.,0.,1.));
#3254 = DIRECTION('',(1.,0.,0.));
#3255 = ( GEOMETRIC_REPRESENTATION_CONTEXT(3) 
GLOBAL_UNCERTAINTY_ASSIGNED_CONTEXT((#3259)) 
GLOBAL_UNIT_ASSIGNED_CONTEXT((#3256,#3257,#3258)) REPRESENTATION_CONTEXT
('Context #1','3D Context with UNIT and UNCERTAINTY') );
#3256 = ( LENGTH_UNIT() NAMED_UNIT(*) SI_UNIT(.MILLI.,.METRE.) );
#3257 = ( NAMED_UNIT(*) PLANE_ANGLE_UNIT() SI_UNIT($,.RADIAN.) );
#3258 = ( NAMED_UNIT(*) SI_UNIT($,.STERADIAN.) SOLID_ANGLE_UNIT() );
#3259 = UNCERTAINTY_MEASURE_WITH_UNIT(LENGTH_MEASURE(1.E-07),#3256,
  'distance_accuracy_value','confusion accuracy');
#3260 = PRODUCT_RELATED_PRODUCT_CATEGORY('part',$,(#7));
#3261 = MECHANICAL_DESIGN_GEOMETRIC_PRESENTATION_REPRESENTATION('',(
    #3262),#3255);
#3262 = STYLED_ITEM('color',(#3263),#15);
#3263 = PRESENTATION_STYLE_ASSIGNMENT((#3264,#3270));
#3264 = SURFACE_STYLE_USAGE(.BOTH.,#3265);
#3265 = SURFACE_SIDE_STYLE('',(#3266));
#3266 = SURFACE_STYLE_FILL_AREA(#3267);
#3267 = FILL_AREA_STYLE('',(#3268));
#3268 = FILL_AREA_STYLE_COLOUR('',#3269);
#3269 = COLOUR_RGB('',0.678431390124,0.709803936702,0.741176476869);
#3270 = CURVE_STYLE('',#3271,POSITIVE_LENGTH_MEASURE(0.1),#3272);
#3271 = DRAUGHTING_PRE_DEFINED_CURVE_FONT('continuous');
#3272 = COLOUR_RGB('',9.803921802644E-02,9.803921802644E-02,
  9.803921802644E-02);
ENDSEC;
END-ISO-10303-21;
